Latitude,Longitude,MedInc
0.9635928348222788,-0.6989305182093304,-0.2126414208059316
-0.7171969498604617,0.9581834622346538,-0.7390193520825906
-0.6750601586010074,0.6337484961838774,0.5440268554042659
-0.7827430695973934,0.6287571890138628,0.10097455064870187
2.0966043331320945,-1.297887378610773,-1.1053257544580175
0.8652736552168813,-0.7738001257595133,-0.3321818489988609
-0.8951078462892768,0.6337484961838774,1.227581236960135
-0.7827430695973934,1.0929487558249833,-0.22190567239640072
0.9916840289952504,-1.457609208051154,0.491073235517834
-0.7125150841649674,0.7635224826041851,1.746431963819538
-0.862334786420811,0.6836615678839947,-0.4838839687927939
0.912092312171833,-1.3877309076709856,-0.5428909348889073
-0.4690580679992206,-0.44437385253871525,-0.49667495252281685
1.2398229108564915,-0.8786175763297625,0.2947342671516401
1.427097538676295,-0.9035741121798211,-0.7297024626989936
-0.7546518754244217,0.5638701958037089,1.2567952121459898
-0.792106800988385,0.6487224176939139,-1.2747141727428464
-0.5299223220406581,1.1827922848851957,-0.8909320230490342
1.2913234335069375,-1.3777482933309635,1.3012215095457396
-0.6844238899919958,0.7735050969442142,2.945626166854022
1.408370075894315,-0.8985828050098136,-0.10110193716840758
0.7575907442204953,-1.1631220850204507,0.42838162390278367
1.0104114917772304,-0.8287045046296452,0.11097573134295846
1.750146271665456,-1.063295941620209,-1.0960088650744206
0.3034497717574708,0.13960908635268376,-0.8618759612425628
1.0057296260817363,-1.467591822391183,0.45380567798344645
-1.3258394902748272,1.2576618924353786,-0.08104693798676686
-0.937244637548731,0.8084442471342949,0.06370699311431431
-0.8482891893343251,0.6537137248639214,-0.11736701524485631
0.9823202976042588,-1.4076961363510367,-0.5076236134933713
-1.171337922323486,1.2177314350752835,-0.9415169422447213
-0.12728187222807955,0.3093135301330938,-0.9279363916177834
0.6405441018331177,-0.9984089484100481,0.3688482798753934
1.0244570888637163,-1.3228439144608317,5.068139899140895
-0.14600933501005955,-0.6340435249991765,-0.2076408304588033
0.4579513397088084,-1.1631220850204507,-0.4946747163839655
1.2538685079429774,-0.6140782963191252,-0.3459203130051817
-0.63292336734155,0.5638701958037089,-1.001102924065239
-0.8295617265523451,1.1528444418651225,-0.4002425155129328
-0.8904259805937826,0.7984616327942728,1.7969642452220973
0.7903638040889611,-1.1681133921904583,-0.45324877319249246
1.0244570888637163,-1.3328265288008536,0.015438136816244738
-0.9653358317217027,0.9332269263845951,-0.2938088978087924
-0.7452881440334334,0.6437311105238994,-1.1905463415317086
-0.6984694870784817,0.6836615678839947,0.1159236838969592
-0.6610145615145216,0.18952215805280814,-0.3925047599231659
0.33622283162593664,-0.030095357427719203,0.1941960822777983
-0.67037829290551,0.5089658169335771,-0.17863740644545945
1.0057296260817363,-1.4326526722010953,-0.6835391181260307
-0.8155161294658593,0.7036267965640458,-0.3102318892646242
-0.7546518754244217,0.3442526803231816,2.0603111242398096
-0.8716985178117993,1.2876097354554519,-0.8307143877109845
1.0385026859502022,-1.3428091431408828,-0.35139464349045885
-0.59546844177759,0.5239397384436137,1.0525605748106461
-0.6844238899919958,0.5189484312735991,-0.008248870091204877
-0.9653358317217027,0.9282356192145877,0.5297093756735405
-1.3305213559703213,1.3025836569654885,-0.8151336009451955
-0.7452881440334334,0.9132616977045511,-0.4357203880809796
0.7622726099159894,-1.1581307778504362,1.0407697091500487
1.431779404371789,-0.9185480336898577,-0.11989362931498422
1.1321399998601023,-0.883608883499777,0.9180183755763319
-0.8670166521163051,0.6936441822240167,-1.2161283089917543
-0.5580135162136298,-0.1199388864879388,-0.3469730688677349
-0.792106800988385,0.7186007180740824,-0.1697942572000116
1.1087306713826282,-0.8736262691597478,-0.9798898934347896
0.5422249222277201,-0.8736262691597478,-0.12494685745524006
-1.3024301617973497,1.4074011075357375,0.19024824779322322
-0.7499700097289275,0.6986354893940312,-0.5841063269078697
0.6967264901790577,-0.34953901630848816,-0.46561865457749385
1.338142090461889,-0.9335219551998942,-0.25417263958366
-0.7827430695973934,0.6636963392039505,-1.0351595762188388
-0.6188777702550641,0.19950477239283018,0.7355757845958417
1.8203742570978854,-0.8935914978397991,-0.7784976969283398
1.1180944027736197,-0.8736262691597478,-0.1751633120990334
0.4766788024907884,-0.33955640196846615,-0.7248071479381207
-0.6937876213829874,0.8483747044943901,2.322394696222458
-0.899789711984771,0.8383920901543681,1.2498996612462652
0.8980467150853471,-1.352791757480905,1.1854710024580022
-0.8763803835072967,0.6287571890138628,1.421077764497435
-0.8342435922478393,1.5222011724460158,-0.20111374411097277
-0.8248798608568509,0.7984616327942728,-0.08699500861019303
-0.7780612039018993,0.6537137248639214,-1.008051112758091
0.9355016406493104,-0.7139044397193669,-1.116274415428572
0.7575907442204953,-1.1431568563403995,0.2199359631172268
-0.7686974725109076,0.5688615029737164,0.5286566198109873
0.20981245784756739,0.2693830727729986,-0.6191630971308953
-0.7686974725109076,0.5888267316537675,0.664041023735344
-0.6750601586010074,0.6237658818438553,-0.2531725215142343
-0.9278809061577427,0.9581834622346538,1.5178786660592123
0.9776384319087646,-1.4326526722010953,-0.21590496397984676
-0.7640156068154134,0.5439049671236578,-0.6301117581014498
-0.7171969498604617,0.6487224176939139,1.3555437120534908
-0.8482891893343251,0.6337484961838774,-0.6616944339780494
-0.6797420242965017,0.6686876463739581,1.2297920242714975
-0.7031513527739758,0.6038006531638042,2.1998539138212516
-0.7967886666838793,0.6437311105238994,-1.2831888574364005
1.0853213429051538,-1.3777482933309635,0.11687116417325685
-0.5673772476046182,0.5488962742936724,0.7464191699801414
-0.6235596359505616,1.1927748992252178,-1.0504771740189895
-0.6937876213829874,0.9531921550646464,2.4516204783508777
0.6967264901790577,-0.34953901630848816,-1.1279073677097862
-1.0496094142406145,1.157835749035137,-0.7872882083806602
1.2679141050294631,-1.1980612352105313,0.3611631620787544
1.979557690744717,-1.0083915627500772,-0.5289945575032037
1.7969649286204077,-1.2629482284206852,-0.7258599038006741
1.2913234335069375,-1.6223223446615496,0.45875363053744717
1.6471452263645643,-0.24472156573823906,-1.410414403425969
0.5094518623592543,-0.08000842912784356,-0.9692044214298735
1.1649130597285682,-1.5025309725812637,0.5568704769274163
0.9355016406493104,-1.2629482284206852,-0.0427266245898261
1.1087306713826282,-1.1132090133203263,-0.1757423278234378
-0.65165083012353,0.6537137248639214,0.9672873499438274
-0.6656964272100158,0.1945134652228156,-0.4125071213116789
-0.8576529207253167,0.6287571890138628,-0.3925047599231659
-0.7031513527739758,1.0929487558249833,-0.07941516639980904
-0.6891057556874933,0.5938180388237821,-0.2910717325661538
1.6471452263645643,-1.0283567914301213,-1.2156019310604775
1.1649130597285682,-0.8436784261396818,-1.0596887878163312
1.1602311940330738,-0.8486697333096892,-0.0018270593296296446
-0.7827430695973934,0.6686876463739581,-0.6734326618455189
-0.955972100330711,0.8483747044943901,1.4652935107246743
-0.8576529207253167,0.7535398682641631,0.48917827496523775
0.7763182070024753,-1.1331742420003776,0.47601882668332157
0.4579513397088084,0.05475686446248583,-0.12931579428483644
2.38688000625279,-2.3061314269531974,-0.17600551678907597
-0.843607323638831,0.8234181686443315,-1.2873472430934862
-1.3211576245793297,1.2277140494153056,-0.6713271501204122
-0.7406062783379391,0.5389136599536503,1.6622114948152724
-0.7640156068154134,1.082966141484954,-0.9456226901086793
0.4673150710998001,-1.1581307778504362,-0.43814172656485223
0.3689958914944025,0.23444392258291794,-1.0477926465694787
-0.2490103803109513,-0.5441999959389568,-0.9298313521703794
-1.3820218786207672,1.2526705852653641,-0.7872882083806602
-0.6984694870784817,0.7685137897741997,-0.42003432572893507
-0.7499700097289275,0.6287571890138628,-0.9229358012706551
-1.2509296391469038,1.2177314350752835,1.4956128795662103
1.0010477603862422,-1.4626005152211685,-0.15126575401907313
1.0525482830366881,-1.4626005152211685,0.46154343357321304
-0.7406062783379391,0.8284094758143461,0.6343533084113404
-0.6797420242965017,0.5538875814636869,-0.2170629954286555
-0.7406062783379391,0.5538875814636869,0.3942723339560562
1.0853213429051538,-1.203052542380546,1.5325119725487035
-0.8342435922478393,0.7685137897741997,0.023649632544160647
-0.7406062783379391,0.6886528750540092,-0.6181103412683419
-0.862334786420811,0.6287571890138628,-0.2499616161334467
0.33154096593044247,-0.8336958117996527,-0.6347438838966843
-0.6937876213829874,0.6087919603338188,0.14934868253302677
1.0197752231682222,-1.3478004503108902,-1.6373885673924644
-0.7406062783379391,0.6237658818438553,-0.1678992966474156
-0.9512902346352169,0.8433833973243827,2.633747242572602
1.0057296260817363,-1.4426352865411174,-0.3321818489988609
1.0759576115141622,-1.4526179008811464,-0.10399701579042923
0.5609523850097001,-0.0899910434678656,0.557186303686182
2.620973291027545,-1.3478004503108902,-0.8847734012530974
-0.6656964272100158,0.3492439874931891,1.275323715326928
-0.7686974725109076,0.6886528750540092,-0.4523012929161943
0.8184549982619328,-1.1231916276603484,0.8549582994093884
-0.7218788155559558,0.6038006531638042,-0.9477282018337859
0.5703161164006918,-1.0383394057701505,0.37269083877371345
-0.49714926217219235,1.23270535658532,-0.35739535190701277
-0.63292336734155,1.1977662063952323,1.7523273966498363
1.0946850742961423,-1.233000385400619,-0.6772225829507108
-0.7171969498604617,0.9432095407246172,-0.5464176670284611
-1.3211576245793297,1.2626531996053862,1.4057075289041565
-0.6844238899919958,0.4939918954235405,1.2294761975127313
1.3053690305934231,-0.4244086238586712,-0.5981079798798289
-1.2462477734514095,2.0113492751071878,-0.4535119621581306
0.5328611908367318,-0.0600432004477924,-0.6227951048567042
0.9963658946907447,-1.4626005152211685,-0.019671271199908406
-0.6656964272100158,0.5239397384436137,0.6610406695270671
-0.6563326958190274,0.573852810143731,0.9464427838652717
0.823136863957427,-1.2629482284206852,0.6403013790347668
1.0104114917772304,-1.4526179008811464,2.7989772752003454
0.0038103672457838883,0.9332269263845951,1.048454826946688
-0.7218788155559558,0.5788441173137455,5.858285811780286
0.949547237735793,-1.2629482284206852,-0.07388819812140415
-0.9278809061577427,0.8234181686443315,-0.36144846197784297
-0.8482891893343251,0.6237658818438553,1.696426060348255
1.0104114917772304,-1.3228439144608317,-0.6666423865320499
-0.6750601586010074,0.6137832675038262,-0.6253217189268321
-0.7359244126424417,0.6786702607139872,-1.048845402432032
-0.6656964272100158,0.5538875814636869,-0.1951130356944188
-0.7593337411199192,0.573852810143731,-0.16000362767826565
-0.7967886666838793,0.658705032033936,-0.5372586910242471
1.319414627679909,-1.128182934830363,-0.803711199836492
-0.9325627718532369,0.9232443120445731,-0.8283983248133673
-0.6844238899919958,0.5988093459937897,-0.7854985234143195
0.9401835063448046,-1.2579569212506778,0.12813565190257728
0.7997275354799528,-1.1930699280405168,-0.22801165639920998
1.2210954480745115,-1.233000385400619,-0.9871012710932798
-1.3352032216658154,1.1628270562051517,0.15977096557230464
-0.6937876213829874,0.7186007180740824,-0.35960613921837475
1.516052986890701,-0.21477372271816586,0.18651096448115875
-0.9091534433757626,0.8982877761945145,-0.910671195471909
0.4579513397088084,0.15458300786272036,-0.6995410072368411
-0.7265606812514533,0.6437311105238994,-0.5240992427423307
0.785681938393467,-0.4593477740487518,-0.9572556423898935
-0.49714926217219235,0.7136094109040678,-0.05635981300989158
-0.7125150841649674,1.1129139845050273,-0.31849602278566763
-0.8670166521163051,0.8433833973243827,-0.14394910077432757
-1.3305213559703213,1.2376966637553275,-0.019671271199908406
-0.8201979951613534,0.7235920252440898,-0.3570795251482468
-0.6891057556874933,0.7834877112842362,1.1739959635561712
0.9074104464763387,-0.2247563370581879,-0.6063194756077449
-0.8951078462892768,0.7435572539241411,1.7352727516764725
0.4766788024907884,-0.11494757931792424,-1.10616795914806
1.5488260467591668,-0.7638175114194842,-1.501635698916214
-0.6750601586010074,0.21947000107288134,0.07976152001825239
-0.7125150841649674,0.8084442471342949,-0.4038745232387417
-0.773379338206405,0.7735050969442142,2.525050199763972
0.7950456697844553,-1.1880786208705094,-0.7979736803855765
-0.6844238899919958,0.3093135301330938,1.9638786872299259
-1.204110982191952,1.1428618275251006,0.07428718953297528
-1.3726581472297754,1.212740127905269,-1.0895344165197178
-1.1900653851054661,1.2526705852653641,0.09355262181770098
1.1930042539015397,-1.6123397303215274,-0.12931579428483644
-0.843607323638831,0.7435572539241411,-0.5762632957318475
-0.7406062783379391,0.7086181037340533,-0.19042827210605648
0.5234974594457401,-0.0899910434678656,-0.9870486333001522
-0.8763803835072967,0.8034529399642875,0.2161460420120348
-0.8529710550298193,0.7635224826041851,1.0432963232201766
-0.8155161294658593,0.8483747044943901,-0.2777543709048543
1.0010477603862422,-1.43764397937111,0.14266368280581335
-0.8248798608568509,0.7086181037340533,-0.2628578754497247
-0.8061523980748709,0.6387398033538848,-0.01761839726792931
2.475835454467199,-2.25621835525308,-0.5539975092388448
1.4364612700672867,-0.8736262691597478,0.25983541030799756
-1.147928593846012,1.1029313701650052,-0.6946983302690959
1.0900032086006481,-0.8287045046296452,-1.2194971277519249
-0.6563326958190274,0.254409151262962,-0.44677432463778943
-0.562695381909124,-0.06503450761780696,-0.7872882083806602
1.0900032086006481,-1.3877309076709856,-1.0504771740189895
0.24258551771603323,0.254409151262962,-0.8165548213596424
0.5141337280547484,-0.09498235063788016,-1.0518983944334366
-0.8061523980748709,0.6087919603338188,0.5107071323544534
-0.7406062783379391,0.6437311105238994,-1.1932835067743472
-0.61419590455957,0.6087919603338188,-0.9912596567503654
1.4177338072853034,-0.8636436548197258,0.1832474213072436
-0.6844238899919958,0.5988093459937897,-1.6059111671021202
-0.7078332184694733,0.8234181686443315,-0.48677904741481554
1.1274581341646082,-0.8386871189696672,0.5871372079758244
1.3240964933754031,-0.489295617068825,-0.35139464349045885
1.3990063445033234,-0.9385132623699088,-0.6876448659899888
1.1227762684691138,-1.5624266586214102,0.140663446666962
2.410289334730267,-1.6772267235316884,-0.7916571452102565
-1.3258394902748272,1.167818363375159,-0.7402826591176545
2.204287244128484,-1.1132090133203263,-0.5209409751546709
-0.7171969498604617,0.6686876463739581,-0.609898845540426
0.8278187296529211,-1.138165549170385,0.9085962106064798
-1.3632944158387872,1.1977662063952323,-1.2000211442946884
1.352187687548375,-1.637296266171586,-0.11178740917332364
-0.7265606812514533,0.6087919603338188,0.37511217725758605
-0.8201979951613534,0.5938180388237821,0.4628593784014049
0.8278187296529211,-1.2629482284206852,-0.20206122438727064
-0.8248798608568509,0.6237658818438553,0.7652108621267177
0.8840011179988646,-1.3677656789909414,1.5596204360094514
1.0150933574727246,-1.4226700578610734,0.19745962545171347
1.0759576115141622,-1.2479743069106486,-0.06704528501480764
-0.8155161294658593,0.6686876463739581,-0.3705548001889292
-1.3117938931883413,1.2776271211154229,-0.2968618898101969
-1.433522401271213,1.242687970925342,-0.6851708897129883
0.059992755591723936,0.15957431503273492,-1.192862404429326
0.785681938393467,-1.1132090133203263,0.3336335962729852
2.0029670192221913,-1.2729308427607144,-0.7778660434108079
-0.8576529207253167,0.8034529399642875,-0.204535200664271
-0.3473295599163489,-0.42939993102868573,0.4204333171405064
-0.7967886666838793,0.9981139195947561,1.9318749090083047
-0.792106800988385,0.7585311754341776,-1.0134728054502404
1.4879617927177324,-1.542461429941359,-0.22801165639920998
1.0806394772096564,-1.2180264638905827,1.4925072497716776
1.352187687548375,-0.9534871838799455,-0.4629867649211106
1.0993669399916364,-1.2180264638905827,-0.18569087072456658
-0.7218788155559558,0.6686876463739581,-0.6202684907865763
-1.4288405355757188,1.2277140494153056,-0.7629169101625508
0.9870021632997563,-1.2928960714407585,0.14482183232404774
0.9963658946907447,-1.43764397937111,0.4319083560423375
-0.773379338206405,0.658705032033936,-1.0936928021768033
-0.792106800988385,0.6337484961838774,-0.6857499054373927
2.7661111275878945,-0.6490174465092131,-0.8625076147600947
-0.4784217993902123,0.6986354893940312,1.719902516083194
1.0385026859502022,-1.3428091431408828,-0.3204436211313914
0.9963658946907447,-1.447626593711132,-0.12426256614458059
0.3596321601034108,0.23444392258291794,-1.215865120026116
0.4579513397088084,0.06473947880250787,0.01928069571456451
-0.6844238899919958,0.33427006598315245,0.7817391291688051
-0.8295617265523451,0.6736789535439726,0.6969922822332627
0.804409401175447,-1.1531394706804217,0.1934065153808833
1.0150933574727246,-1.4076961363510367,0.3618474533894138
-1.1432467281505179,1.147853134695115,-0.603582310365106
-0.65165083012353,1.2177314350752835,0.7293645250067776
1.1040488056871338,-1.2679395355907,0.6627250789071522
0.9963658946907447,-1.297887378610773,-1.018578671383624
-0.7359244126424417,0.5638701958037089,-0.8342937576436659
-0.65165083012353,0.5439049671236578,1.4649250461727805
-1.3211576245793297,1.1378705203550858,1.623680630245821
1.0665938801231705,-1.4925483582412418,1.7484848377515168
0.5422249222277201,-0.10995627214791677,-1.2414470874861616
-0.7078332184694733,0.6287571890138628,2.1774302139488664
1.427097538676295,-1.6472788805116152,-0.0713089462581487
-0.15537306640105122,0.27437437994301317,-0.1230518969026443
0.3174953688439566,0.1346177791826763,0.21430371925256658
-0.7499700097289275,0.7136094109040678,0.10097455064870187
-1.2743389676243813,1.2277140494153056,1.9626153801948616
0.823136863957427,-1.2729308427607144,2.6563814936174976
-0.810834263770365,0.8084442471342949,1.5645157507703247
-0.6891057556874933,0.583835424483753,-0.034251939896271774
-0.8014705323793734,0.8383920901543681,0.8374825520910033
0.9776384319087646,-1.4426352865411174,-0.3069683460907088
1.2257773137700056,-1.2280090782306046,-0.38518810667842035
1.3475058218528775,-0.9784437197300041,-0.37371306777658925
-0.7406062783379391,0.5339223527836358,5.858285811780286
1.2304591794654998,-1.2379916925706267,-0.6253217189268321
-0.4596943366082323,-0.43938254536870774,-0.2897031499448344
1.427097538676295,-0.8985828050098136,-0.692961283095883
0.9776384319087646,-1.447626593711132,-0.4583020013327483
-0.7218788155559558,0.7235920252440898,-0.6172154987851716
1.2257773137700056,-1.22301777106059,-0.39639995661461325
1.2679141050294631,-1.1731046993604728,1.1793650184551931
-1.3211576245793297,1.2726358139454153,-0.07446721384580852
-0.8155161294658593,0.8433833973243827,-0.11957780255621826
-1.4382042669667072,1.2526705852653641,-1.092166306176101
0.8512280581303987,-1.287904764270751,1.2037363166733024
0.9355016406493104,-1.457609208051154,-0.32954995934247744
-0.4877855307812007,1.1628270562051517,-0.1684256745786922
0.9589109691267846,-1.138165549170385,1.5488823262114078
-0.5673772476046182,-0.06503450761780696,-0.3705548001889292
-0.7171969498604617,0.7585311754341776,0.07749809491376289
-0.10387254375060535,-0.5392086887689495,0.16677179205828424
1.4177338072853034,-0.8536610404797038,-0.044095207211145265
-0.810834263770365,0.6387398033538848,0.31210473888376955
-0.6610145615145216,0.5289310456136211,0.2503079697518898
-0.9138353090712568,0.8234181686443315,0.4957579991061961
0.9916840289952504,-1.4626005152211685,0.11992415617466137
-1.255611504842398,1.2676445067754007,0.3329493049623253
-0.63292336734155,0.3442526803231816,0.09302624388642414
0.8090912668709411,-1.2280090782306046,0.3154209198508127
-0.6891057556874933,0.7036267965640458,-1.1256965803984242
-0.6656964272100158,0.5339223527836358,0.5756621690739928
1.352187687548375,-0.9385132623699088,-0.653693489422644
1.0993669399916364,-0.4144260095186491,-0.6322172698265565
-0.7031513527739758,1.1827922848851957,-0.2404868133704667
0.7903638040889611,-1.1731046993604728,-0.793446830176597
2.8550665758023004,-2.321105348463234,-1.1405930758535536
1.0104114917772304,-1.3378178359708683,-0.9320421394817413
1.431779404371789,-0.9385132623699088,-0.8666133626240526
2.0966043331320945,-2.08651391147267,-1.004419105032282
-0.3473295599163489,1.2726358139454153,-0.548786367719206
-0.7312425469469475,0.9182530048745585,0.13855793494185514
1.1040488056871338,-1.2579569212506778,0.8311133791225557
1.0525482830366881,-1.2529656140806633,-0.4935693227282843
-0.31455650004788305,-0.43938254536870774,-0.6922243539920955
-0.6656964272100158,0.5189484312735991,-0.49046369293375225
0.5609523850097001,-0.13990411516798287,0.491073235517834
1.0665938801231705,-1.4775744367312051,2.167902773392759
-0.9091534433757626,0.8433833973243827,0.7069934629275193
1.0010477603862422,-0.6440261393391985,-1.1326974068844038
1.0104114917772304,-1.307869992950795,-0.6337437658272587
1.413051941589809,-0.9435045695399163,-0.35097354114543755
-0.7218788155559558,1.0779748343149467,-0.11794603096926068
-0.7546518754244217,0.583835424483753,-0.7670226580265088
-0.7874249352928876,0.7784964041142217,0.295365920669172
-0.7780612039018993,0.573852810143731,0.5615552405157784
0.9729565662132704,-0.7488435899094477,-0.26091027710400116
-1.3492488187523013,1.2027575135652468,-0.843242182475369
-0.7546518754244217,0.5439049671236578,-0.707752502964757
-1.1385648624550204,1.1079226773350197,0.06149620580295235
-0.8061523980748709,0.6337484961838774,-0.45056424574298143
0.7716363413069811,-1.138165549170385,-0.775655256099446
1.5535079124546642,-0.18981718686810722,-0.9741523739838741
-0.7780612039018993,0.7635224826041851,-0.6645368748069432
-0.7406062783379391,0.7984616327942728,-0.11284016503587707
-0.9138353090712568,0.8833138546844779,1.601572757132201
1.0150933574727246,-0.8237131974596306,-0.9188826911998249
1.5394623153681783,-0.21976502988818042,-1.1326974068844038
-1.4054312070982413,1.2476792780953567,-0.21880004260186842
-0.810834263770365,0.6836615678839947,-0.8728246222131173
-0.6235596359505616,0.5239397384436137,2.619271849462494
-0.7546518754244217,0.7285833324141044,0.6742001178089837
-0.6656964272100158,0.5938180388237821,-0.8171864748771743
-0.6984694870784817,0.8084442471342949,-0.4382996399442351
1.7782374658384277,-0.9734524125599895,-0.7969735623161508
-0.8014705323793734,0.6836615678839947,-0.10462866930796115
-0.8951078462892768,0.7585311754341776,0.16608750074762477
1.0853213429051538,-1.233000385400619,-0.38429326419525
1.3100508962889175,-1.5724092729614323,-0.6828021890222433
0.6779990273970777,-1.2529656140806633,0.2917865507364906
-0.773379338206405,0.6087919603338188,-0.02482977492641956
1.0197752231682222,-1.3428091431408828,-0.5422066435782479
-0.7218788155559558,0.6237658818438553,-1.048371662293883
1.2725959707249574,-1.4626005152211685,-0.41882365648699876
-0.7125150841649674,1.0879574486549686,0.5359732730557326
1.408370075894315,-0.883608883499777,-0.03362028637873985
0.7810000726979694,-1.1631220850204507,0.6134034667465297
1.0010477603862422,-1.2429829997406412,1.7858576708721594
-0.773379338206405,0.8034529399642875,0.9843419949171911
0.6452259675286118,-1.0083915627500772,0.23793808836688865
1.3100508962889175,-1.118200320490341,0.030492545650757163
-0.6891057556874933,0.39416575202329884,2.1807990327090367
1.3662332846348575,-0.9235393408598722,-0.6469032141091751
0.804409401175447,-1.1631220850204507,-0.5945812477402753
-0.9138353090712568,0.7934703256242583,1.5439870114505345
-0.7359244126424417,1.0480269912948734,-0.5860012874604658
1.0712757458186681,-1.2180264638905827,2.381822764663593
-0.14600933501005955,-0.6290522178291619,-0.34113027383056405
0.9916840289952504,-1.4226700578610734,-0.5082026292177757
1.1976861195970339,-0.9984089484100481,-0.7555476191246777
0.949547237735793,-1.148148163510414,0.9902374277474896
0.804409401175447,-1.2180264638905827,0.6357745288257874
1.6846001519285243,-1.8119920171220107,-0.7960787198329804
-0.937244637548731,0.9232443120445731,-1.0373177257370731
1.5300985839771868,-0.7488435899094477,-1.1228541395695304
-0.7265606812514533,0.6886528750540092,-1.0353174895982218
-1.3726581472297754,1.23270535658532,-0.1402644552553909
-0.7593337411199192,0.7235920252440898,-0.7604955716786782
-0.7452881440334334,0.6387398033538848,-0.9072497389186107
-0.8716985178117993,0.6886528750540092,-1.2979800773052748
-0.6844238899919958,0.5988093459937897,-0.7684965162340835
-0.8670166521163051,0.6886528750540092,-0.6928560075096276
-0.6797420242965017,0.49898320259355505,1.4000226472463686
0.860591789521387,-0.7688088185894988,-0.15326599015792447
-0.5720591133001157,-0.07002581478781443,-0.6405340411407277
1.408370075894315,-0.9335219551998942,-1.4901080222212553
-0.8576529207253167,1.5371750939560525,-0.06899288336053142
-0.7452881440334334,1.2576618924353786,-0.8320303325391761
0.6873627587880694,-1.148148163510414,1.9501402232236047
-0.6376052330370441,0.6287571890138628,1.1633631293443827
-0.7780612039018993,1.1378705203550858,0.41901209672605905
-0.7452881440334334,0.6087919603338188,-0.790604389347703
-0.0008714984497102839,-0.5491913031089715,0.21761990021960928
1.2117317166835198,-0.9235393408598722,-0.9697307993611501
-0.6610145615145216,0.6686876463739581,1.108777737870993
-0.6469689644280358,1.3574880358356203,0.07502411863676275
-0.7265606812514533,0.7535398682641631,-0.23711799461029623
-0.7171969498604617,0.8234181686443315,0.2654676541726578
-0.843607323638831,0.6836615678839947,1.7575385381694753
-0.792106800988385,1.06300091280491,0.1615606505386453
-0.7546518754244217,0.6038006531638042,-1.134223902885106
-0.5673772476046182,-0.14489542233799743,-1.4168362141875441
1.0900032086006481,-1.2429829997406412,0.2216203724973119
1.1602311940330738,-0.8636436548197258,0.17124600447413615
-0.7967886666838793,0.7086181037340533,-0.27875448897427996
-0.36137515700283473,0.7086181037340533,-0.6610101426673897
-0.8389254579433334,1.5471577082960746,0.23183210436407914
-1.0308819514586345,0.988131305254727,1.434763590710628
1.0244570888637163,-1.3428091431408828,-0.5454175489590355
-0.63292336734155,0.5638701958037089,-1.1053257544580175
-0.8529710550298193,0.6936441822240167,-1.116274415428572
1.6611908234510502,-1.6672441091916592,-0.9737312716388528
-0.11791814083708788,0.2793656871130206,-1.4715795190403167
-1.3305213559703213,1.4523228720658474,1.2341083233079657
-0.7218788155559558,0.7036267965640458,-0.3949260984070385
-0.6656964272100158,0.46903535957348186,0.8949630221864142
0.6920446244835636,-1.2379916925706267,0.3824288305023314
1.0104114917772304,-1.3128613001208096,-0.5747367997311453
0.9776384319087646,-1.43764397937111,-0.5046758970782219
-0.8201979951613534,0.8783225475144634,0.770211452473846
-0.7686974725109076,0.5488962742936724,-0.47146144961466474
1.2257773137700056,-1.5374701227713516,-0.2466980729595313
-0.6937876213829874,0.7285833324141044,-0.11752492862423916
0.30813163745296496,-0.11494757931792424,0.6854119677451761
-0.9840632945036827,0.903279083364522,2.4164584325415968
1.1087306713826282,-0.8636436548197258,-1.1018516601115915
0.8746373866078729,-1.457609208051154,0.36416351628703136
-0.6563326958190274,0.2793656871130206,0.4328558363186356
-1.1245192653685379,1.1628270562051517,-0.22885386108925254
1.0010477603862422,-1.4276613650310879,-0.14084347097979527
-0.06173575249114783,0.1945134652228156,-0.8986171408456736
-1.0215182200676427,0.9631747694046684,0.5286566198109873
-0.7546518754244217,0.9531921550646464,0.8800138889381574
0.7716363413069811,-1.183087313700495,-0.12699973138721915
-0.6984694870784817,0.8683399331744412,1.3973381197968573
1.5441441810636725,-0.21976502988818042,-0.4604075130578547
1.0104114917772304,-1.3378178359708683,-0.6447450645909409
0.00849223294127806,0.9432095407246172,-0.2862290555984084
-0.6469689644280358,1.3325314999855546,-0.17995335127365106
1.5394623153681783,-0.20479110837814382,-0.3793453116412495
1.2445047765519857,-1.3777482933309635,0.770843105991378
-0.7359244126424417,1.157835749035137,-0.4560912140213863
-0.8716985178117993,0.7735050969442142,0.5992439003951873
0.9401835063448046,-1.4176787506910586,0.3030510384658111
1.3053690305934231,-1.5724092729614323,-0.5616826270354842
0.5047699966637601,-0.1049649649779022,-1.3222460999371288
0.0693564869827156,0.16955692937275696,-0.8896160782208427
1.0712757458186681,-1.467591822391183,-0.05578079728548721
-0.6984694870784817,0.7535398682641631,1.6637906286091024
-0.8295617265523451,1.307574964135496,-1.1820716568381544
1.4224156729808008,-0.8486697333096892,0.01049018426224422
-0.8716985178117993,0.8383920901543681,0.17077226433598688
1.3006871648979257,-1.6323049590015786,0.13387317135349305
-0.7359244126424417,0.6736789535439726,-0.8612969455181584
1.1040488056871338,-1.213035156720568,0.8369561741597265
-0.08982694666411951,0.2793656871130206,-0.6790649057101791
1.0150933574727246,-0.8586523476497183,-0.07446721384580852
-0.7359244126424417,0.9282356192145877,-1.2625022047372279
0.8184549982619328,-1.1431568563403995,1.0516657323274756
0.7950456697844553,-1.1731046993604728,0.4769663069596192
-0.7171969498604617,1.0879574486549686,-0.7482309658799321
-0.6937876213829874,0.5688615029737164,2.000935693591803
-1.3398850873613097,1.1927748992252178,-0.24775082882208474
-0.8857441148982851,0.818426861474317,-0.3844511775746331
-0.7499700097289275,0.6986354893940312,-0.8319250569529208
-0.23496478322446546,0.5638701958037089,-1.0943244556943352
-1.4382042669667072,1.2526705852653641,-1.1267493362609775
-0.7312425469469475,1.1927748992252178,-0.2517513010997874
1.0150933574727246,-1.3328265288008536,-0.8823520627692248
0.9074104464763387,-1.4526179008811464,0.36053150856122246
-0.810834263770365,0.7735050969442142,-0.14573878574066826
1.0244570888637163,-1.307869992950795,2.3404494592652476
-0.7406062783379391,0.7235920252440898,-0.10957662186196167
-0.8248798608568509,0.6836615678839947,-0.7083315186891613
0.9682747005177763,-1.2679395355907,-0.8123437979094291
0.766954475611487,-1.1331742420003776,0.8576428268588991
0.7950456697844553,-1.1531394706804217,-0.5323107384702466
-0.7312425469469475,1.5471577082960746,-1.0175785533141986
0.9448653720402987,-1.4775744367312051,0.09734254292289297
-0.7312425469469475,0.6087919603338188,-0.136632447529582
-0.7593337411199192,0.7136094109040678,-0.7043310464114587
1.3615514189393632,-0.9435045695399163,-1.0724271337532263
1.427097538676295,-1.3478004503108902,-0.37602913067420657
-0.6422870987325416,0.5588788886336944,0.1601920679173259
-0.6797420242965017,0.6337484961838774,-0.4070854286195293
-0.6563326958190274,0.658705032033936,0.6398276388966175
1.4177338072853034,-0.8137305831196086,0.8418514889205992
0.9214560435628246,-1.4126874435210512,-0.1521079587091157
0.7716363413069811,-1.183087313700495,0.6377221271715111
-0.9981088915901686,0.9681660765746829,1.753169601339879
-0.9512902346352169,0.8334007829843535,-0.11415610986406868
-0.7265606812514533,0.7186007180740824,-0.6820126221253282
1.1555493283375797,-1.3178526072908172,-0.03567316031071871
-0.5720591133001157,-0.06503450761780696,-0.6369020334149188
-0.7593337411199192,0.8533660116644047,0.6872016527115168
-0.31455650004788305,-0.40444339517862,0.09076281878193464
-1.3492488187523013,1.2576618924353786,-0.40892775137899773
0.9963658946907447,-1.3328265288008536,-0.2076408304588033
-0.9512902346352169,0.9082703905345365,0.541816068092904
-0.44096687382625227,-0.42939993102868573,-0.14126457332481657
-0.7546518754244217,0.8084442471342949,0.002278688534328311
1.356869553243869,-0.9135567265198502,-1.5492729016967517
-0.8529710550298193,0.7685137897741997,0.9676031767025931
-0.7967886666838793,1.317557578475518,-0.9557817841823187
-0.843607323638831,0.733574639584119,0.5286566198109873
-0.7125150841649674,0.7784964041142217,0.18029970489209418
0.785681938393467,-1.2080438495505534,1.0067656947895764
-0.3098746343523888,-0.5342173815989348,-0.757389941884146
-0.7686974725109076,0.6936441822240167,-1.1772816176635368
-1.3726581472297754,1.2776271211154229,-0.17716354823788472
-0.937244637548731,1.6819230018863969,-0.7214909669710777
0.8886829836943587,-1.3627743718209269,0.8234808991190441
1.0478664173411905,-1.3577830646509195,-0.7020149835138414
1.375597016025849,-0.9584784910499529,-1.1126950454958906
-1.218156579278438,1.147853134695115,0.05891695393969689
-0.810834263770365,0.8383920901543681,2.119897106060327
-0.8670166521163051,1.6020620871662064,-0.25833102524074547
-0.7827430695973934,0.6786702607139872,-0.7379139584269095
1.2679141050294631,-1.5624266586214102,-0.5498391235817593
-1.3071120274928438,1.1728096705451736,2.200432929545656
-0.7359244126424417,0.7186007180740824,-0.5282049906062886
0.9167741778673304,-1.457609208051154,0.6619355120102371
1.0291389545592105,-1.3378178359708683,-0.38018751633129205
1.637781494973576,-1.0233654842601139,-0.8567174575160514
0.7575907442204953,-1.1731046993604728,0.48480933813564137
-1.2977482961018554,1.1827922848851957,0.03417719116969384
-0.5673772476046182,-0.07002581478781443,-0.6948562436484788
1.0572301487321822,-1.3378178359708683,1.2046837969496005
-0.15537306640105122,0.329278758813145,-0.5717364455228683
1.356869553243869,-0.9634697982199675,-0.18295370548192805
-0.7780612039018993,0.5688615029737164,2.0260439209136987
1.3615514189393632,-0.9834350269000186,-0.4300881442163194
-1.3492488187523013,1.1628270562051517,-0.5688413669008466
2.9159308298437376,-1.1780960065304873,-1.1215381947413385
2.3775162748618017,-1.4126874435210512,-0.9079340302292704
0.8325005953484154,-1.1431568563403995,1.3842313093080687
0.860591789521387,-1.2779221499307218,0.5855054363888668
-1.3445669530568072,1.2626531996053862,-0.3840827130227394
-1.1385648624550204,1.167818363375159,0.5380787847808395
0.6264985047466318,-0.24472156573823906,-1.2981906284777853
-0.862334786420811,0.658705032033936,-0.7872882083806602
-0.8389254579433334,0.8483747044943901,0.7951091286232319
1.6003265694096127,-1.672235416361674,-0.16079319457518068
-1.1760197880189838,1.2277140494153056,0.002278688534328311
0.9682747005177763,-1.1431568563403995,1.4801900061798035
-0.7967886666838793,0.6836615678839947,-0.6510089619731331
-1.2322021763649238,1.157835749035137,1.0362428589410693
-0.7406062783379391,0.9082703905345365,-0.999523790271409
-0.8061523980748709,0.5988093459937897,0.034124553376566294
-0.7218788155559558,0.8533660116644047,1.199683206602472
-0.8857441148982851,0.8383920901543681,-0.5021492830080939
1.0150933574727246,-1.4176787506910586,-1.0296852457335615
-0.792106800988385,0.6287571890138628,-0.855822615032881
-0.7686974725109076,0.5688615029737164,-0.6337437658272587
-0.7406062783379391,0.7934703256242583,0.14329533632334526
0.930819774953813,-0.6490174465092131,0.539605280781542
-0.9512902346352169,0.9432095407246172,1.5500403576602166
1.0104114917772304,-0.7039218253793449,-0.5711047920053364
-1.358612550143293,1.2676445067754007,-0.20648279900999456
0.879319252303367,-1.352791757480905,1.176838404385065
-0.8014705323793734,1.2876097354554519,-0.08546851260949077
-1.3352032216658154,1.297592349795474,-0.46967176464832405
-1.3679762815342813,1.2277140494153056,-1.1425933119924048
-0.7125150841649674,0.7136094109040678,2.2327525345260426
-0.7218788155559558,0.6437311105238994,-0.8092381681148969
-0.6797420242965017,0.733574639584119,2.0213591573253367
-1.3913856100117588,1.2776271211154229,1.629523425282992
0.3221772345394508,0.13960908635268376,-1.4363648354379084
-0.7218788155559558,0.9681660765746829,-0.5121504637023505
1.0946850742961423,-1.2479743069106486,-0.07604634763963856
-0.7125150841649674,0.7036267965640458,-0.0774675680540855
2.1106499302185804,-1.2729308427607144,-0.7111213217249277
-0.8389254579433334,0.7036267965640458,0.14903285577426104
-1.3492488187523013,1.1628270562051517,-0.8245557659150478
-0.8342435922478393,0.8433833973243827,-0.8176602150153234
0.32685910023494497,0.10966124333261766,-0.3800822407450367
1.6424633606690702,-1.6522701876816226,-0.8695084412460743
1.0150933574727246,-1.4176787506910586,-0.1390537860134546
-1.3726581472297754,1.2277140494153056,-1.0833757947237808
-0.773379338206405,0.7435572539241411,0.10371171589134066
0.9027285807808446,-1.22301777106059,0.25725615844474187
-0.7031513527739758,0.6736789535439726,0.5023377232471544
1.033820820254708,-1.352791757480905,-1.0228949704200927
0.8933648493898529,-1.3577830646509195,0.5662400041041405
-0.8248798608568509,0.7186007180740824,-0.28438673283894017
-0.6376052330370441,0.40913967353333547,1.186786947286194
1.5488260467591668,-0.7488435899094477,0.444067686254828
-0.6891057556874933,0.6038006531638042,0.10829120389344721
-0.9044715776802651,0.8883051618544854,0.29368151128908687
-0.899789711984771,0.6387398033538848,-0.05846532473499822
-1.2509296391469038,1.23270535658532,0.13539966735419554
-0.7593337411199192,0.5888267316537675,0.05165293848807886
-1.1947472508009638,1.157835749035137,1.9315590822495385
-1.3539306844477954,1.2726358139454153,-0.1951130356944188
1.2772778364204516,-0.8586523476497183,0.3455823753129651
-0.6563326958190274,0.5538875814636869,-0.6098462077472985
-0.7452881440334334,0.9432095407246172,0.021070380680904954
1.853147316966351,-1.0832611703002533,-0.7829192715510638
-0.9981088915901686,0.9332269263845951,2.5731611426826584
0.8278187296529211,-1.2529656140806633,-0.7105423060005233
0.9729565662132704,-1.0782698631302456,0.060917190078548206
-0.35669329130734057,-0.37948685932856135,0.0351773092391195
-1.3679762815342813,1.2476792780953567,-0.6855919920580096
-0.7827430695973934,0.583835424483753,0.9488114845560163
-0.810834263770365,0.8733312403444559,1.9495612074992004
1.0150933574727246,-0.8237131974596306,-0.9222515099599956
-0.792106800988385,0.6387398033538848,-1.1575424452406622
-0.5673772476046182,0.5039745097635625,-1.00220831772092
-0.8670166521163051,0.6437311105238994,-0.3524473993530123
0.00849223294127806,0.9382182335546098,0.07686644139623097
-0.7593337411199192,0.6537137248639214,-1.0562146934699053
-1.1572923252370038,1.242687970925342,0.518339612357965
1.2725959707249574,-1.1880786208705094,1.029715772593239
-0.5580135162136298,0.5189484312735991,0.655671614628045
-0.7546518754244217,0.658705032033936,-1.0304748126304766
-0.918517174766751,0.8733312403444559,1.2661121015295864
-0.9934270258946744,0.9482008478946318,-0.47082979609713277
-0.6656964272100158,0.5638701958037089,-0.5240992427423307
-1.3492488187523013,1.2926010426254593,0.2654676541726578
1.394324478807829,-0.9285306480298868,-1.3165085804862129
0.7763182070024753,-1.118200320490341,1.2738498571193535
-0.7640156068154134,0.7485485610941556,0.12376671507298138
-0.7546518754244217,0.6287571890138628,-0.8277666712958354
0.9589109691267846,-1.0982350918102897,-0.1671097297505006
-0.65165083012353,0.27437437994301317,1.0596666768828809
-1.185383519409972,1.1378705203550858,0.6911494871960919
1.0197752231682222,-1.3627743718209269,-1.0627944176108635
-0.7171969498604617,0.7186007180740824,-0.35434235990560825
-0.8857441148982851,1.297592349795474,-0.8709296616605213
-0.6422870987325416,0.6287571890138628,-0.037199656311421206
1.675236420537536,-0.7388609755694255,-0.7030677393763947
-0.4503306052172406,0.6886528750540092,0.6094556322619545
1.2491866422474798,-1.2529656140806633,1.5878342931258804
-0.9325627718532369,0.8284094758143461,0.49433677869174913
1.375597016025849,-0.9484958767099309,-1.0355280407707326
1.6611908234510502,-0.7089131325493524,-0.11052410213825979
-1.3632944158387872,1.2077488207352542,-1.349407201191004
0.28940417467098495,0.08470470748255193,-0.8267665532264097
-0.881062249202791,0.7884790184542508,-0.2938088978087924
-0.7359244126424417,0.5888267316537675,-0.028882884997249975
0.8371824610439128,-0.5991043748090887,-0.8092381681148969
-1.2696571019288838,1.212740127905269,0.745208500738205
-0.7967886666838793,0.6087919603338188,-1.124485911156488
-0.6937876213829874,0.7435572539241411,-1.7742994673175232
-0.6797420242965017,0.17454823654277155,0.2939973380478526
1.394324478807829,-0.8935914978397991,0.6203516554393812
-0.7499700097289275,0.6886528750540092,-0.319390865268838
0.5141337280547484,-0.08000842912784356,-0.8564016307572855
0.7997275354799528,-1.1780960065304873,-0.4385628289098735
-0.9793814288081886,0.8982877761945145,0.15750754046781512
1.0619120144276764,-1.3577830646509195,-0.2828602368382379
-0.7125150841649674,0.8383920901543681,0.34289784786345434
-0.8061523980748709,0.7435572539241411,-0.5135716841167974
0.26131298049801327,0.3192961444731159,-0.6591678199079214
-0.8529710550298193,0.5988093459937897,1.5710428371181548
1.4785980613267409,-0.968461105389982,-0.4938851494870505
-0.7359244126424417,0.7685137897741997,-0.9270941869277408
0.8184549982619328,-1.2679395355907,0.636774646895213
0.5703161164006918,-0.15487803667801947,1.9103986894122171
-1.0027907572856627,1.8616100600068288,-0.9664146183941072
0.804409401175447,-1.1980612352105313,1.2887989903676103
-0.11791814083708788,0.2993309157930718,-1.1820716568381544
-0.8529710550298193,1.0679922199749174,0.18772163372309505
-0.810834263770365,0.6038006531638042,-0.4819363704470704
-0.7640156068154134,0.7385659467541265,0.14482183232404774
-0.7452881440334334,0.5538875814636869,-0.3181275582337739
-0.6844238899919958,0.5089658169335771,2.0889460837012597
1.0478664173411905,-1.352791757480905,-0.18690153996650288
-0.7406062783379391,0.6038006531638042,-0.2570150804125539
1.0057296260817363,-0.6390348321691839,-0.8436632848203903
1.033820820254708,-1.3428091431408828,-0.9893646961977695
-0.8529710550298193,1.532183786786038,-0.7004884875131392
-0.6750601586010074,0.6137832675038262,0.1692984061284124
2.31197015512487,-1.3877309076709856,-1.152015476962257
0.5422249222277201,-0.09498235063788016,-0.9034071800202912
-0.8482891893343251,0.6487224176939139,0.19967041276307543
-0.6656964272100158,0.6686876463739581,-0.2852815753221105
1.6424633606690702,-1.0183741770900994,-1.2657131101180155
0.9963658946907447,-1.4226700578610734,-0.7002779363406285
2.307288289429376,-1.43764397937111,0.0351773092391195
2.0544675418726404,-1.2429829997406412,-0.82450312812192
-0.8201979951613534,0.7136094109040678,-0.6351123484485781
-0.6797420242965017,1.082966141484954,0.787687199792231
-0.3754207540893206,2.4805321490883228,-0.8842470233218208
1.693963883319516,-0.723887054059389,-0.8647710398645845
-0.8061523980748709,0.9981139195947561,0.7910560185524017
-0.7031513527739758,0.4041483663633209,1.4140769380114555
0.9870021632997563,-1.297887378610773,-0.9057232429179085
1.1227762684691138,-0.8636436548197258,0.08002470898389104
-0.792106800988385,0.6237658818438553,0.40437879023656786
1.0900032086006481,-1.22301777106059,1.4749262268670371
-1.0027907572856627,0.9282356192145877,2.480465988984839
1.3334602247663916,-0.9385132623699088,-0.48088361458451695
-0.6797420242965017,0.2993309157930718,1.659948069710783
-0.7312425469469475,0.5389136599536503,5.106986590469112
0.9635928348222788,-1.447626593711132,0.4074317822379729
1.6846001519285243,-0.7488435899094477,-0.9906806410259612
-0.8248798608568509,0.8932964690244999,0.7685270430937609
-0.7452881440334334,0.6437311105238994,-1.2917161799230823
0.7435451471340094,-1.0982350918102897,1.50440339101853
-0.7593337411199192,0.6537137248639214,-1.2661342124630368
-0.7359244126424417,0.6038006531638042,-0.47909392961817626
-0.67037829290551,0.3442526803231816,1.826651960546101
1.0853213429051538,-1.382739600500978,-0.33549802996590383
1.0900032086006481,-1.3877309076709856,-0.9465701703849771
-1.1807016537144779,1.242687970925342,-0.8717192285574363
-0.7780612039018993,0.6237658818438553,-0.18911232727786484
-0.7780612039018993,0.7186007180740824,0.8072158210425954
-0.67037829290551,1.0929487558249833,-0.0594128050112961
-0.8295617265523451,0.818426861474317,0.08323561436467866
0.37367775718989665,-0.0600432004477924,-1.0997987861796126
-0.6937876213829874,1.7368273807565286,-0.663010378806241
1.8156923914023877,-0.9934176412400406,-1.1767026019391325
-0.8389254579433334,0.7285833324141044,0.3970621369918225
-0.6750601586010074,0.7086181037340533,-0.3416566517618406
-0.7593337411199192,0.6237658818438553,-0.6337437658272587
-0.8155161294658593,0.7984616327942728,0.6636725591834503
0.5609523850097001,-0.16985195818805607,-0.034251939896271774
-1.1807016537144779,1.2376966637553275,-0.3830825949533137
-0.7593337411199192,0.818426861474317,-0.8866157240125656
-0.955972100330711,0.9432095407246172,2.628167636501069
-0.6750601586010074,0.5938180388237821,-0.9917333968885146
-0.7125150841649674,1.072983527144932,-0.2499616161334467
-0.7827430695973934,0.6686876463739581,-0.45077479691549205
-0.9466083689397227,0.818426861474317,-0.030619932170462875
-0.7406062783379391,0.9531921550646464,-0.1178933931761329
-0.8014705323793734,0.7086181037340533,-0.7105423060005233
-1.414794938489233,1.2526705852653641,-0.6885923462662866
1.1227762684691138,-1.1731046993604728,-0.17216295789075642
0.9448653720402987,-1.4526179008811464,0.20456572752394817
-0.7640156068154134,0.8433833973243827,-0.12626280228343192
0.9776384319087646,-0.7188957468893815,-0.6959089995110321
-0.7218788155559558,1.053018298464888,-0.16942579264811786
0.7903638040889611,-1.2429829997406412,1.2356874571017957
-0.8155161294658593,0.9931226124247415,-0.7923414365209159
1.0385026859502022,-1.3478004503108902,-0.613372939886852
-0.8014705323793734,0.7685137897741997,-0.4583020013327483
1.0478664173411905,-1.3478004503108902,-0.5966341216722543
-0.0195989612316903,0.10966124333261766,-0.3656594854280562
-1.3539306844477954,1.2476792780953567,-0.63574400196611
-0.7499700097289275,0.6437311105238994,-1.091218825899803
1.394324478807829,-0.9335219551998942,-1.0482663867076276
-0.5533316505181324,-0.1349128079979754,1.31317028858572
-0.773379338206405,0.7086181037340533,-0.8366098205412832
0.04126529280974392,0.5488962742936724,-0.9481493041788072
-0.7967886666838793,1.0330530697848368,0.26404643375821085
-0.8295617265523451,0.6137832675038262,0.8466415280952169
-0.7359244126424417,0.8932964690244999,-0.7497048240875066
-0.9138353090712568,1.147853134695115,0.764895035367952
-1.3117938931883413,1.23270535658532,0.26720470134587093
0.860591789521387,-1.287904764270751,-0.5639460521399737
-1.1432467281505179,1.0929487558249833,-0.9904174520603228
-0.7827430695973934,0.6038006531638042,-0.6012662474674888
-0.899789711984771,1.1129139845050273,-0.3786610203305898
0.556270519314206,-0.06503450761780696,-0.8176602150153234
-0.7078332184694733,1.1179052916750418,-0.9640985554964899
-1.3492488187523013,1.242687970925342,-0.7161745498651835
0.9027285807808446,-1.3577830646509195,1.027189158523111
-0.6750601586010074,0.6736789535439726,0.5574494926518208
-0.8389254579433334,0.8433833973243827,-0.14810748643141308
-0.7125150841649674,1.127887906015064,-1.0175785533141986
-0.773379338206405,0.6487224176939139,-1.1820716568381544
1.923375302398777,-1.2779221499307218,-0.8494534420644336
1.0010477603862422,-1.447626593711132,0.15413872170764442
1.637781494973576,-1.0383394057701505,-0.6245321520299171
1.764191868751942,-0.2596954872482757,-0.9188826911998249
0.8886829836943587,-1.3627743718209269,0.7661057046098882
-0.6376052330370441,0.5289310456136211,0.12292451038293835
-1.171337922323486,1.2476792780953567,-0.6608522292880066
-0.7546518754244217,0.6237658818438553,-0.9686780434985968
-0.8904259805937826,0.818426861474317,0.058390576008420056
-0.65165083012353,0.6636963392039505,1.955140813570733
-1.3211576245793297,1.1728096705451736,-0.19100728783046084
0.20044872645657905,0.27437437994301317,-1.3030333054455305
-0.6376052330370441,0.40913967353333547,0.9093857775033948
1.3287783590708975,-0.9335219551998942,0.15213848556879309
-1.3305213559703213,1.317557578475518,-0.44819554505223635
0.16767566658811317,-0.1948084940381147,-0.9333054465168054
-0.7078332184694733,0.5888267316537675,2.3218156804980534
-0.8248798608568509,0.8034529399642875,0.4883360702751952
-0.6891057556874933,0.6137832675038262,-0.136632447529582
1.923375302398777,-1.0083915627500772,-0.7847615943105323
-0.7312425469469475,0.5688615029737164,2.0357819126423173
-0.6937876213829874,0.7036267965640458,1.4382903228501818
0.8137731325664354,0.5888267316537675,-1.0728482360982476
-0.8576529207253167,1.5571403226360965,-0.13400055787319876
0.7950456697844553,-1.233000385400619,2.0495203766486383
-0.9231990404622484,0.8284094758143461,-0.3398669667955
-0.9091534433757626,0.8084442471342949,0.5286566198109873
1.2445047765519857,-1.352791757480905,-0.8601389140693497
-0.792106800988385,0.6636963392039505,-0.9846799326094072
-0.8951078462892768,0.903279083364522,3.4631083110921055
-0.7218788155559558,0.7685137897741997,-0.5620510915873776
1.0197752231682222,-1.4276613650310879,0.42501280514261297
-0.7031513527739758,0.7784964041142217,0.10644888113397899
-0.7967886666838793,0.7186007180740824,-0.37955586281376014
-0.6469689644280358,0.5688615029737164,-0.5001490468692427
-0.8670166521163051,0.7735050969442142,0.8811192825938381
-0.9934270258946744,1.1228965988450563,0.7032035418223274
-0.6656964272100158,1.6719403875463748,-0.8750354095244792
-0.7406062783379391,0.6038006531638042,-0.5218358176378409
-0.6376052330370441,0.3592266018332182,-0.277333268559833
-1.3539306844477954,1.2227227422452909,-0.31575885754302907
1.5394623153681783,-0.7388609755694255,-0.2992832282940697
-0.9746995631126943,0.8982877761945145,1.5346174842738103
-0.862334786420811,0.6487224176939139,-0.9085130459536748
-0.5673772476046182,1.147853134695115,-0.34897330500658624
-0.4550124709127381,1.0330530697848368,-0.9749945786739166
-0.28178344017941714,0.8733312403444559,-0.26391063131227815
-0.8529710550298193,0.6337484961838774,0.7639475550916539
-0.7406062783379391,0.6387398033538848,-0.7812874999641062
-0.06173575249114783,-0.5441999959389568,-0.2938088978087924
1.1508674626420856,-0.8886001906697845,0.8606431810671761
-1.133882996759526,1.0929487558249833,-0.6455872692809835
-0.7265606812514533,0.7435572539241411,0.026965813511203585
-0.7312425469469475,0.5439049671236578,2.4448302030374087
2.4664717230762077,-1.033348098600136,-1.1142741792897206
0.5234974594457401,-0.1049649649779022,-1.267081692739335
0.9355016406493104,-1.4276613650310879,0.5803469326623554
-0.7406062783379391,0.6487224176939139,-1.4051506241132024
0.04594715850523809,0.8483747044943901,0.14798009991170735
-0.8295617265523451,0.6337484961838774,0.6853593299520486
0.804409401175447,-1.0882524774702678,2.272072965992409
-0.8389254579433334,0.6936441822240167,-0.018776428716738066
1.6846001519285243,-0.7388609755694255,-1.2313932689987774
1.033820820254708,-1.213035156720568,2.977419393903133
1.356869553243869,-1.2080438495505534,-0.2379601993003388
-1.3352032216658154,1.2227227422452909,0.20603958573152312
-0.7452881440334334,1.2227227422452909,0.4982846131763243
-1.0215182200676427,0.9631747694046684,1.2719548965667573
0.2332217863250449,0.9382182335546098,-1.096903707557591
-0.7265606812514533,0.6137832675038262,-0.4015584603411244
-1.3305213559703213,1.157835749035137,-0.41756034945193493
1.0572301487321822,-1.352791757480905,0.8140060963560639
-0.8482891893343251,0.8533660116644047,1.4683991405192067
-0.8342435922478393,0.7235920252440898,0.43169780486982684
-0.810834263770365,0.6038006531638042,0.1063436055477239
1.427097538676295,-0.8436784261396818,-0.5911071533938493
-1.2977482961018554,2.081227575487356,-0.2908085436005154
-0.7078332184694733,0.8383920901543681,0.06460183559748464
-0.8529710550298193,0.6487224176939139,-0.0045115867791406606
-0.7827430695973934,1.0779748343149467,-0.0035114687097150014
-0.6282415016460557,0.42910490221338665,0.7032561796154548
-0.8716985178117993,0.8084442471342949,-0.3197593298207317
-0.7874249352928876,0.6786702607139872,-0.9650986735659156
0.4673150710998001,-1.1780960065304873,-0.3576585408726512
-1.3445669530568072,1.2277140494153056,-0.939832532864636
1.7407825402744677,-0.3345650947984516,-0.20606169666497326
0.5234974594457401,-0.075017121957829,-0.6366914822424081
-0.7499700097289275,0.7186007180740824,-0.4471427891896832
-0.7780612039018993,0.7036267965640458,-1.0340015447700301
-0.7546518754244217,0.5788441173137455,-0.25011952951282956
1.0759576115141622,-1.4725831295611906,0.6354587020670212
1.0946850742961423,-1.4775744367312051,-1.0340015447700301
1.0150933574727246,-1.3577830646509195,-0.6639052212894113
1.2725959707249574,-1.213035156720568,-0.6842760472298179
-0.65165083012353,1.1827922848851957,-0.43545719911534125
-0.6937876213829874,0.5788441173137455,0.15524411536332564
-0.7125150841649674,1.1328792131850784,-0.6282694353419815
-0.7078332184694733,0.6936441822240167,-0.79044647596832
0.5094518623592543,-0.2547041800782611,-0.14247524256675287
-0.12728187222807955,0.29433960862305725,-1.1435934300618305
0.785681938393467,-1.2280090782306046,-0.26091027710400116
-1.3492488187523013,1.2177314350752835,-0.4583020013327483
-0.8295617265523451,0.818426861474317,-0.639218096312536
-0.4924673964766982,0.733574639584119,-0.31354807023166714
-0.843607323638831,0.818426861474317,-0.26091027710400116
-1.4194768041847272,1.2676445067754007,0.6744633067746219
1.5207348525861983,-0.7438522827394402,0.2216203724973119
-0.14600933501005955,0.28934830145304974,-1.5485359725929644
1.0946850742961423,-1.233000385400619,-0.8187656086710043
-1.414794938489233,1.2526705852653641,-0.5378377067486515
-0.65165083012353,0.13960908635268376,1.2229491111649005
-0.7593337411199192,0.6038006531638042,1.3863368210331757
-0.7406062783379391,0.6337484961838774,-1.029316781181668
0.0038103672457838883,0.9432095407246172,0.701992872580391
-0.7499700097289275,0.5439049671236578,-1.3356160993915558
-0.955972100330711,0.9432095407246172,5.806069120997642
1.745464405969962,-1.0583046344501945,-0.8149756875658124
-0.7359244126424417,0.5988093459937897,-0.277333268559833
-1.3117938931883413,1.1728096705451736,0.9866580578148082
-0.7406062783379391,0.9182530048745585,-0.9460437924537005
2.297924558038384,-1.3877309076709856,-0.6109516014029794
-0.810834263770365,0.6087919603338188,-0.249277324822787
-1.0449275485451202,1.786740452456653,-0.9789424131584917
0.9729565662132704,-1.1780960065304873,0.18814273606811682
-0.810834263770365,0.7285833324141044,0.325790565096963
1.0104114917772304,-1.3328265288008536,-0.8508746624788806
-0.7078332184694733,0.8982877761945145,0.31068351846932263
0.9963658946907447,-1.307869992950795,-1.4014133408011382
0.37367775718989665,-0.13990411516798287,-0.515519282462521
-0.9934270258946744,0.8982877761945145,0.3030510384658111
-0.6937876213829874,0.9531921550646464,2.1790093477426966
-0.9278809061577427,0.9931226124247415,-0.26091027710400116
0.9870021632997563,-1.4226700578610734,0.008279396950882263
-0.8951078462892768,0.6287571890138628,0.144453367772154
0.8090912668709411,-1.233000385400619,1.5815703957436884
-1.4194768041847272,1.2626531996053862,0.019438609093947373
-0.9091534433757626,0.8833138546844779,1.5534618142135148
1.731418808883476,-0.9135567265198502,-0.18569087072456658
-0.7780612039018993,0.7136094109040678,-0.4523012929161943
2.480517320162693,-2.1514009046828235,-0.30612614140066624
-0.7546518754244217,0.6936441822240167,-0.6556937255614954
1.0806394772096564,-1.2479743069106486,-0.5151508179106276
0.6358622361376235,-1.1930699280405168,-0.5964762082928714
0.5515886536187118,-0.06503450761780696,-0.6078459716084471
1.619054032191596,-1.627313651831564,-1.2647656298417174
-0.7265606812514533,0.5888267316537675,-0.18911232727786484
-0.12260000653258538,0.3492439874931891,-0.17189976892511824
1.5675535095411468,-0.6689826751892571,-0.11457721220908997
1.1087306713826282,-1.5125135869212858,0.1258722267980878
-0.8295617265523451,0.903279083364522,3.295614853359873
-0.8014705323793734,0.6786702607139872,-0.3016519289848145
0.9823202976042588,-1.4326526722010953,-0.021197767200610666
-1.3352032216658154,1.1827922848851957,0.07107628415218765
1.0572301487321822,-1.4775744367312051,1.0720365582678824
-0.918517174766751,0.8683399331744412,-0.038462963346485045
0.8699555209123787,-1.1581307778504362,3.078641870087634
-0.6282415016460557,0.5688615029737164,-0.3945049960620172
-1.3679762815342813,1.1977662063952323,0.1930906886221171
1.033820820254708,-1.3627743718209269,0.0690234102202088
-0.862334786420811,0.6886528750540092,-1.0932190620386544
1.0244570888637163,-1.2080438495505534,-0.26091027710400116
-0.7171969498604617,0.9531921550646464,-0.2143784679791445
2.241742169692444,-0.5392086887689495,-0.8859840704950337
-0.7546518754244217,0.6537137248639214,-1.2135490571284986
1.1134125370781223,-0.8336958117996527,-0.7561266348490818
-0.918517174766751,0.7485485610941556,2.977261480523749
0.4158145484493542,0.009835099932376032,-0.44282649015321457
1.431779404371789,-0.9285306480298868,-0.7214909669710777
1.3334602247663916,-1.5873831944714687,0.3532148553164767
-1.0308819514586345,0.9731573837446904,-0.587527783461168
-0.7874249352928876,1.082966141484954,-0.3854512956440588
0.9027285807808446,-1.3777482933309635,-0.20027153942092996
0.518815593750246,-1.0233654842601139,0.6141403958503167
-0.8342435922478393,0.9931226124247415,0.7450505873588219
0.4392238769268284,0.1346177791826763,-0.4500905056048324
1.3100508962889175,-1.5474527371113735,0.3622159179413076
-0.7078332184694733,1.1228965988450563,-0.8000265543175553
-0.6750601586010074,0.7235920252440898,2.586004764205809
-0.7780612039018993,0.5938180388237821,1.9049769967200676
1.745464405969962,-1.0583046344501945,-1.0712691023044179
-1.3445669530568072,1.2376966637553275,-0.16726764312988346
-0.7265606812514533,0.6287571890138628,-0.6573781349415807
-0.7452881440334334,0.6187745746738408,-0.5040968813538175
-0.792106800988385,0.7385659467541265,-0.008669972436226159
0.0038103672457838883,0.6187745746738408,-1.2127594902315837
1.0806394772096564,-1.3927222148410001,-1.3339316900114704
0.574997982096186,-0.9235393408598722,-0.6257954590649812
-0.7546518754244217,0.6936441822240167,-0.40713806641265704
-0.8389254579433334,0.6287571890138628,-0.12931579428483644
1.0806394772096564,-1.2379916925706267,0.41559064017276076
-1.3867037443162613,1.3375228071555691,1.2565320231803512
-0.7031513527739758,0.6537137248639214,-1.3958863725227333
-0.8576529207253167,0.8134355543043095,-0.5635775875880802
-0.6984694870784817,0.7834877112842362,-1.4822123532521052
-0.7686974725109076,0.6337484961838774,-1.4244686941910556
1.4364612700672867,-0.8636436548197258,-0.3346031874827335
-0.7640156068154134,0.6487224176939139,-1.3319314538726192
0.8465461924349013,-1.2679395355907,0.9320200285482911
-1.0730187427180886,1.1977662063952323,-0.5643145166918674
2.410289334730267,-2.276183583933124,-0.926725722375847
0.9916840289952504,-1.2928960714407585,-0.03472568003442083
-1.1807016537144779,1.2277140494153056,-0.8333462773673678
-0.6235596359505616,0.573852810143731,-0.11362973193279209
0.9916840289952504,-1.183087313700495,1.2672174951852677
0.9542291034312904,-1.287904764270751,0.8995951479816487
1.0010477603862422,-1.3428091431408828,-0.46361841843864254
1.033820820254708,-1.3577830646509195,-0.873824740282543
-0.59546844177759,0.6387398033538848,0.3571100520079242
-0.8529710550298193,0.6487224176939139,0.030492545650757163
0.6218166390511377,-1.203052542380546,-0.3968736967527623
2.283878960951898,-1.382739600500978,-0.9875223734383013
-1.1198373996730404,1.127887906015064,0.09276305492078596
-0.9466083689397227,1.2027575135652468,0.4862305585500888
-0.6750601586010074,0.3592266018332182,1.3925480806222401
-0.6937876213829874,0.6038006531638042,0.22598930932690828
1.2445047765519857,-0.34953901630848816,-0.27185893807455563
-0.8763803835072967,0.8483747044943901,-0.8551909615153491
-0.8155161294658593,0.7784964041142217,0.1887217517925207
-0.6001503074730841,0.24442653692293997,-0.3131796056797734
0.6545896989196035,-1.1930699280405168,0.3970621369918225
-0.6937876213829874,0.7285833324141044,-0.6597994734254533
0.804409401175447,-1.1331742420003776,-0.6217949867872785
-0.7406062783379391,0.9482008478946318,-0.34976287190350125
0.8184549982619328,-1.2579569212506778,1.225844189786922
2.424334931816753,-2.3260966556332483,-0.2760699615247689
-0.9044715776802651,0.7385659467541265,1.059245574537859
0.3174953688439566,0.13960908635268376,-0.40713806641265704
0.7997275354799528,-1.1431568563403995,-0.45361723774438595
0.9682747005177763,-1.4276613650310879,0.4738080393719596
-0.8201979951613534,0.5988093459937897,0.3222111951642817
-0.7640156068154134,0.7485485610941556,-0.6530618359051121
0.804409401175447,-1.233000385400619,1.8961338474746197
0.9635928348222788,-1.0932437846402823,-0.25612023792938354
-0.4596943366082323,-0.44437385253871525,-0.6706428588097525
0.537543056532226,-0.12493019365794628,-0.6621681741161984
0.7622726099159894,-1.1431568563403995,0.8640119998273468
0.7529088785250011,-1.2529656140806633,3.925531323718651
1.0010477603862422,-1.2928960714407585,-0.15621370657307365
0.9401835063448046,-0.6989305182093304,-0.9408326509340617
1.394324478807829,-0.9385132623699088,-1.5437459334183468
-0.792106800988385,0.7635224826041851,0.3970621369918225
-0.14600933501005955,-0.5641652246190081,0.20698706600782077
1.0385026859502022,-1.3478004503108902,-0.8351359623337085
0.9823202976042588,-1.4226700578610734,0.37174335849741535
-0.7546518754244217,0.6187745746738408,-0.1951130356944188
-0.6844238899919958,0.7385659467541265,0.23035824615650466
1.5628716438456527,-1.7620789454218864,-0.6814336064009241
0.949547237735793,-1.2629482284206852,0.42996075769661374
-0.7593337411199192,0.6387398033538848,-1.1933361445674748
-0.7218788155559558,0.8483747044943901,0.7210477536926061
-1.3258394902748272,1.2077488207352542,-0.07446721384580852
2.8691121728887863,-2.296148812613175,-0.7422828952565057
-0.7686974725109076,0.6437311105238994,-1.0979038256270166
-0.8061523980748709,0.7735050969442142,0.8174275529093626
1.319414627679909,-0.5092608457488762,-0.4583020013327483
2.302606423733878,-2.276183583933124,-0.32670751851358354
1.2632322393339657,-1.1930699280405168,0.5818207908699298
-0.810834263770365,0.573852810143731,0.8759081410741992
0.5234974594457401,-0.10995627214791677,-1.4463133783390372
-0.7265606812514533,0.6287571890138628,-0.8571911976542005
-0.6422870987325416,0.6337484961838774,-0.37371306777658925
-1.3632944158387872,1.157835749035137,1.4350794174693942
1.427097538676295,-0.8636436548197258,0.7427345244612044
-0.6376052330370441,0.5189484312735991,0.7969514513827002
1.0104114917772304,-0.8037479687795865,-1.0128937897258363
-0.44096687382625227,0.7186007180740824,-0.09931225220206691
2.288560826647396,-1.4076961363510367,0.0315453015133106
0.7716363413069811,-1.1731046993604728,2.164060214494439
-1.3071120274928438,1.1778009777151883,0.3524252884195616
-0.7499700097289275,0.6038006531638042,-0.9279363916177834
0.879319252303367,-0.2097824155481513,-1.3015594472379561
0.4579513397088084,0.014826407102383502,-1.2511850792147796
1.0197752231682222,-1.1880786208705094,2.7408125137942743
0.8325005953484154,-1.148148163510414,1.534933311032576
0.804409401175447,-1.118200320490341,0.2654676541726578
0.9682747005177763,-1.2479743069106486,0.13387317135349305
-0.7874249352928876,0.6237658818438553,0.41901209672605905
0.8090912668709411,-1.213035156720568,1.527090279856554
-1.3071120274928438,1.1927748992252178,0.21377734132128973
-0.6797420242965017,0.5139571241035845,-0.4086645624133593
1.1695949254240656,-0.8586523476497183,0.5944538612205696
1.1040488056871338,-1.5075222797512784,0.15540202874270825
-0.7078332184694733,0.6786702607139872,-0.21485220811729355
0.518815593750246,-0.23473895139821704,-1.1863879558746229
-0.810834263770365,0.6038006531638042,-0.17863740644545945
1.9374208994852629,-1.8269659386320474,-1.3909910577618603
0.7810000726979694,-1.1681133921904583,-0.11284016503587707
1.1836405225105482,-1.2829134571007363,0.7705272792326122
-0.6844238899919958,0.6487224176939139,0.8638540864479637
-0.7827430695973934,0.5688615029737164,0.650460473108406
-1.3867037443162613,1.2277140494153056,-1.1528050438591722
-0.8716985178117993,1.5471577082960746,0.28425934631923466
-0.5158767249541724,1.127887906015064,-0.6622734497024537
1.0197752231682222,-1.3278352216308462,2.636431770022113
-1.3211576245793297,1.9913840464271437,0.31810544730032353
-1.0730187427180886,1.8316622169867556,-1.097482723281995
-0.5533316505181324,-0.12493019365794628,1.5022978792934236
1.0806394772096564,-1.183087313700495,1.2416881655183494
-0.10387254375060535,0.2244613082428888,0.3081569043991949
0.6639534303105918,-1.2280090782306046,0.053758450213185496
-1.3679762815342813,1.23270535658532,-0.9399378084508913
1.3615514189393632,-0.9385132623699088,-1.0117883960701552
1.427097538676295,-0.8686349619897404,-0.005459067055438542
-0.7780612039018993,0.658705032033936,-1.031053828354881
-0.792106800988385,0.7136094109040678,0.07012880387588954
-0.8248798608568509,0.8084442471342949,-0.9727311535694271
0.4626332054043026,-1.1681133921904583,-0.7346504152529942
-1.2462477734514095,1.2576618924353786,0.9040693603975003
1.0057296260817363,-1.3178526072908172,-1.1326974068844038
1.6846001519285243,-0.8037479687795865,-0.08325772529812882
0.9589109691267846,-1.2779221499307218,-0.14247524256675287
1.7220550774924877,-0.7787914329295208,-0.5582085326890581
-0.5580135162136298,-0.12992150082796083,-0.9115660379550793
-1.0355638171541286,0.9831399980847195,0.4181172542428889
-0.7874249352928876,0.6537137248639214,-1.3547762560900263
0.9027285807808446,-1.3478004503108902,0.9595495943540603
-0.3660570226983289,1.5271924796160232,-0.9846799326094072
0.9963658946907447,-1.3028786857807877,-1.068531937061779
-0.792106800988385,0.6836615678839947,-0.2755435835934923
-1.3211576245793297,1.212740127905269,0.3252641871656862
0.9776384319087646,-1.4326526722010953,0.23256903346786661
-0.8904259805937826,0.6387398033538848,-0.911934502506973
-0.562695381909124,-0.05505189327778493,-0.46377633181802563
1.0291389545592105,-1.352791757480905,-1.2950849986832529
-0.13664560361906788,0.3442526803231816,-0.9261993444445704
-0.6891057556874933,0.35423529466320364,3.363938708839583
-0.792106800988385,0.6237658818438553,0.06807592994391068
1.3990063445033234,-0.9335219551998942,-1.280135865434996
1.1227762684691138,-0.8686349619897404,-0.7103317548280127
1.3662332846348575,-0.33955640196846615,-0.45172227719179
2.3587888120798217,-1.4027048291810222,-0.8730878111787554
1.427097538676295,-0.8786175763297625,-1.0324224109762001
-0.7967886666838793,1.477279407915906,-0.5606298711729307
-0.7874249352928876,0.5638701958037089,1.2551108027659041
-0.1132362751415937,0.29433960862305725,-1.3732521214778368
0.27067671188900494,0.24442653692293997,-0.7132794712431618
0.4204964141448484,-1.0982350918102897,3.3239339860625567
2.2698333638654122,-1.3777482933309635,-0.3115478340928158
1.0057296260817363,-1.3178526072908172,-0.4300881442163194
1.394324478807829,-0.8586523476497183,0.05370581242005795
0.8886829836943587,-1.1980612352105313,0.4628593784014049
1.1134125370781223,-1.2729308427607144,0.13066226597270544
-0.7359244126424417,0.9482008478946318,-0.7434409267053145
-0.7218788155559558,0.6387398033538848,-0.9969971762012811
0.3128135031484591,0.12463516484265426,-0.4741986148573033
-0.7265606812514533,0.8134355543043095,0.10176411754561689
-0.7218788155559558,1.0929487558249833,-0.277333268559833
-0.7265606812514533,0.7086181037340533,-0.24838248233961666
1.1649130597285682,-1.3228439144608317,0.6478285834520229
0.9589109691267846,-1.2429829997406412,-0.36376452487546024
1.4364612700672867,-0.8137305831196086,0.2372537970562287
0.537543056532226,-0.11494757931792424,-0.8470847413736886
0.912092312171833,-1.3977135220110146,0.27862710245457445
-0.7171969498604617,0.7984616327942728,-0.47346168575351605
0.8512280581303987,-1.2928960714407585,1.9698267578533517
-0.5580135162136298,-0.0450692789377558,1.4172352055991155
1.0431845516456963,-1.3478004503108902,-0.6207422309247254
1.389642613112335,-0.8536610404797038,-0.3712390914995889
-0.7593337411199192,0.658705032033936,-1.3606716889203245
1.408370075894315,-0.9035741121798211,-0.9071971011254829
-0.7686974725109076,0.8084442471342949,1.540776106069747
-0.65165083012353,0.6636963392039505,1.724218815119663
0.8465461924349013,-1.2479743069106486,-0.4679347174751111
1.1134125370781223,-0.8935914978397991,0.34589820207173133
-0.562695381909124,-0.075017121957829,-0.10462866930796115
-0.7125150841649674,0.7585311754341776,-0.3216542903733277
1.8859203768348136,-1.0982350918102897,0.4428570170128917
1.1695949254240656,-1.3428091431408828,-1.1758603972490898
1.394324478807829,-0.8636436548197258,0.23835919071190992
0.9870021632997563,-1.4126874435210512,-0.6741169531561786
1.6518270920600584,-0.9934176412400406,-0.4768831423068143
-0.7171969498604617,0.6337484961838774,-1.1382243751628087
-0.6937876213829874,0.6636963392039505,-0.430930348906362
-0.8670166521163051,0.733574639584119,0.983394514640893
-0.9231990404622484,0.7884790184542508,0.4150116244483564
-0.862334786420811,0.8633486260044267,-0.7857090745868301
-0.14600933501005955,0.2693830727729986,-0.6912242359226698
0.5609523850097001,-0.07002581478781443,-0.19100728783046084
-0.7640156068154134,0.6137832675038262,0.06807592994391068
0.9589109691267846,-0.6839565966992938,0.19814391676237292
0.7529088785250011,-1.1681133921904583,0.44275174142663665
-0.6891057556874933,0.8084442471342949,1.2605324954580537
1.0853213429051538,-0.8636436548197258,-0.8781410393190116
1.3802788817213432,-0.9085654193498356,1.3001161158900587
0.8278187296529211,-1.2679395355907,0.16677179205828424
0.6218166390511377,-1.1531394706804217,1.0326634890083881
0.9963658946907447,-1.4226700578610734,-1.168912208556238
0.7903638040889611,-0.4643390812187664,-0.589896484151913
-0.67037829290551,0.5788441173137455,-0.18648043762148162
2.326015752211356,-1.3977135220110146,-0.769970374441658
0.9776384319087646,-0.6789652895292863,0.27146836258921175
1.0104114917772304,-1.3178526072908172,-0.4112964520697426
-0.7827430695973934,0.6786702607139872,-0.8140808450826421
-0.8951078462892768,0.903279083364522,2.159849191044226
-0.8155161294658593,0.8733312403444559,0.3929563891278648
0.17235753228360734,1.6719403875463748,-1.4336276701952697
-0.7499700097289275,0.5788441173137455,0.6806219285705589
1.2304591794654998,-0.9934176412400406,-0.4717772763734307
-0.6235596359505616,0.5488962742936724,-0.10373382682479082
0.5094518623592543,-0.1049649649779022,-0.9079340302292704
-0.8248798608568509,0.8034529399642875,-0.07815185936474521
-1.3679762815342813,1.212740127905269,-0.9234095414088042
1.923375302398777,-1.033348098600136,-0.789341082312639
-0.6797420242965017,0.5788441173137455,0.2654676541726578
1.3849607474168408,-0.9085654193498356,-0.8655079689683717
-1.2415659077559154,1.1528444418651225,0.13387317135349305
0.5469067879232143,-0.2247563370581879,-0.8995119833288439
-0.9512902346352169,0.8383920901543681,0.9279669184774609
-0.3239202314388747,-0.4343912381986932,-1.1491730361333632
-1.2134747135829438,1.1528444418651225,1.306380013272251
-0.843607323638831,0.6936441822240167,-0.2938088978087924
-0.7031513527739758,0.7086181037340533,0.454647882673489
0.26599484619351077,0.10966124333261766,-0.8655079689683717
-1.358612550143293,1.327540192815547,1.3705981208880034
0.8137731325664354,-1.22301777106059,0.2145142704250772
2.4149712004257617,-2.2911575054431608,-0.8496113554438165
-0.7359244126424417,0.6087919603338188,-0.3313922821019459
-1.3679762815342813,1.212740127905269,-1.0533196148478836
1.0806394772096564,-1.22301777106059,0.13387317135349305
-0.7312425469469475,1.2177314350752835,-0.5619458160011224
1.5066892554997124,-0.9085654193498356,0.1134497076199586
-0.9091534433757626,0.8883051618544854,1.4252361501545203
-0.6610145615145216,0.6487224176939139,1.795227198048884
0.7529088785250011,-1.1631220850204507,0.2788376536270851
0.8090912668709411,-1.1231916276603484,0.08834148029806205
-0.773379338206405,0.6087919603338188,-0.3954524763383151
-1.2790208333198754,1.2376966637553275,1.2637434008388413
-1.4428861326622047,1.2626531996053862,-1.176913153111643
1.0946850742961423,-0.8386871189696672,-1.095482487143144
1.0665938801231705,-1.3677656789909414,0.12839884086821593
-0.792106800988385,1.167818363375159,-0.15031827374277504
-0.61419590455957,0.0896960146525665,0.5140233133214961
-0.7406062783379391,0.6487224176939139,-1.5340605794828561
1.1087306713826282,-1.2379916925706267,-0.07230906432757435
-0.7967886666838793,0.583835424483753,0.45333193784529763
0.3783596228853908,0.0447742501224567,-0.9395693438989975
1.1274581341646082,-0.3894694736685834,-0.6831180157810093
0.7294995500475236,-0.09997365780788764,0.12592486459121532
0.9729565662132704,-1.4426352865411174,-0.5240992427423307
0.8090912668709411,-0.5292260744289202,0.10460655837451077
-0.6891057556874933,1.157835749035137,-0.07994154433108588
1.6424633606690702,-0.7288783612294035,0.10887021961785158
1.1040488056871338,-1.233000385400619,0.13387317135349305
-0.8155161294658593,0.6137832675038262,1.1254639182924633
-0.8248798608568509,0.5938180388237821,0.5850316962507175
-0.6656964272100158,0.48900058825352594,-0.4596705839540677
0.9870021632997563,-0.9235393408598722,-0.5504181393061636
1.5394623153681783,-0.7837827400995354,0.4244864272113366
-0.7499700097289275,0.5638701958037089,0.1961963184166496
-0.7686974725109076,0.6387398033538848,-0.6926980941302445
0.823136863957427,-1.213035156720568,1.010818804860407
0.879319252303367,-1.213035156720568,0.5874530347345901
1.3615514189393632,-0.9285306480298868,-0.7415986039458461
-0.8716985178117993,0.8733312403444559,1.6769500768910186
1.4036882101988208,-0.6340435249991765,0.9825523099508504
-0.8014705323793734,0.8383920901543681,-0.1975343741782914
-0.9466083689397227,0.8334007829843535,0.10829120389344721
-0.7406062783379391,0.7385659467541265,-0.17632134354784215
-0.7312425469469475,0.6786702607139872,-0.7670226580265088
-0.8482891893343251,0.6237658818438553,0.29289194439217187
1.0572301487321822,-1.447626593711132,1.8001225128097569
-0.8155161294658593,0.6886528750540092,-0.4955169210740081
-0.8904259805937826,0.7984616327942728,0.6405119302072775
-1.199429116496458,1.6519751588663236,-0.9912596567503654
1.0197752231682222,-1.4126874435210512,2.06052167541232
-0.8061523980748709,1.0679922199749174,0.23767489940125
-0.792106800988385,1.0580096056348955,-0.9308314702398051
1.0057296260817363,-1.4076961363510367,0.4420674501159767
-0.7499700097289275,0.6287571890138628,-0.5480494386154187
0.4485876083178201,0.06973078597251534,-1.1073259905968689
-1.1572923252370038,1.1129139845050273,-0.8530854497902425
-1.3305213559703213,1.9963753535971582,-1.1601216971039177
0.7575907442204953,-1.128182934830363,-0.35660578501009776
-0.7406062783379391,0.5538875814636869,-0.05188560059403989
-0.8014705323793734,0.7984616327942728,1.0048180964438531
0.5469067879232143,-0.08000842912784356,-0.3837142484708456
1.0010477603862422,-1.3278352216308462,-0.6846445117817117
-0.8482891893343251,0.7685137897741997,0.9151759347474381
-0.7546518754244217,0.9531921550646464,1.5179313038523403
-0.63292336734155,0.17454823654277155,0.875013298591029
-1.133882996759526,1.147853134695115,0.3065777706053649
0.9776384319087646,-1.4326526722010953,0.04517848993337609
1.1368218655555997,-0.4144260095186491,-0.6402182143819617
1.4598705985447609,-0.6440261393391985,-0.6885923462662866
0.9635928348222788,-0.6989305182093304,-0.00572225602107696
0.5328611908367318,-0.1349128079979754,-1.2575016143900997
-0.7452881440334334,0.5339223527836358,2.3756641428676564
-1.129201131064032,1.1728096705451736,-0.25396208841114937
0.7810000726979694,-1.213035156720568,1.7619601127921993
1.483279927022235,-2.0066529967524795,-0.3950840117864216
-0.9231990404622484,0.8783225475144634,3.266190327001507
0.5281793251412343,-0.09997365780788764,-1.0536354416066498
0.7716363413069811,-1.1880786208705094,-0.3788715715031004
-0.8389254579433334,0.7884790184542508,0.5478694143025854
1.6050084351051102,-0.9784437197300041,-0.2992832282940697
0.42517827984034257,0.0447742501224567,0.18503710627358427
-0.899789711984771,0.7984616327942728,1.0258205759017915
2.031058213395163,-1.2829134571007363,-0.388872752197357
-1.3398850873613097,1.2227227422452909,-0.5673675086932719
0.5469067879232143,-0.09498235063788016,-0.8744563938000749
-0.8389254579433334,0.7685137897741997,0.8442728274044718
2.6584282165915085,-0.8037479687795865,-0.746809745465485
0.949547237735793,-1.447626593711132,0.991079632437532
0.7388632814385153,-1.2579569212506778,2.109053720676028
1.5300985839771868,-1.5125135869212858,-0.480251961066985
1.1274581341646082,-1.1631220850204507,-1.4045189705956704
-0.843607323638831,0.6087919603338188,1.1833128529397678
-0.8529710550298193,0.6836615678839947,0.40801079796237727
1.0244570888637163,-1.3228439144608317,4.205564383157833
-1.414794938489233,1.2476792780953567,-0.9088288727124407
0.7950456697844553,-1.138165549170385,-0.6688531738434118
0.879319252303367,-0.6340435249991765,-0.9508338316283181
-0.8295617265523451,0.7834877112842362,0.002278688534328311
-0.6937876213829874,0.9631747694046684,1.3608074913662573
1.0291389545592105,-1.3428091431408828,-1.3609348778859633
-0.7312425469469475,0.733574639584119,-0.7160166364858004
1.0572301487321822,-1.3577830646509195,-0.20921996425263334
-1.377340012925273,1.2526705852653641,0.6631461812521734
0.912092312171833,-1.2080438495505534,1.22994993765088
0.7950456697844553,-1.1231916276603484,0.2671520635527429
0.37367775718989665,0.23444392258291794,-0.6314277029296415
-0.773379338206405,0.6636963392039505,-0.42019223910831816
1.0853213429051538,-1.382739600500978,-0.5240992427423307
1.431779404371789,-0.8985828050098136,-0.3340241717583291
-0.44096687382625227,0.7235920252440898,0.4058526484441428
-0.881062249202791,0.7934703256242583,0.6652516929772804
0.9823202976042588,-1.297887378610773,-0.9011437549158015
0.9776384319087646,-1.4326526722010953,-0.022776900994440703
1.0525482830366881,-1.3428091431408828,-1.1294338637104884
0.9589109691267846,-1.4126874435210512,-0.2574361827575751
-0.6610145615145216,0.5039745097635625,0.23620104119367552
-0.810834263770365,1.082966141484954,-0.10736583455059971
-0.8482891893343251,0.6986354893940312,0.13934750183877018
1.0010477603862422,-1.4226700578610734,-0.9558344219754462
1.3662332846348575,-0.9484958767099309,-0.9719415866725121
-0.7452881440334334,0.7036267965640458,-1.3020331873761049
0.8137731325664354,-1.2429829997406412,0.5463955560950104
0.8559099238258929,-1.1631220850204507,-0.015039145404673849
1.445825001458275,-0.17983457252808518,-0.8574543866198389
0.24258551771603323,0.254409151262962,-1.1765973263528773
0.4439057426223226,-0.02510405025771173,-0.6236899473398746
-0.918517174766751,1.127887906015064,-0.3618695643228645
1.5488260467591668,-1.5274875084313224,-1.1128003210821462
0.9448653720402987,-0.6789652895292863,0.19967041276307543
-0.7546518754244217,0.6537137248639214,-0.8969327314655882
-1.3352032216658154,1.1977662063952323,-0.838978521232028
-0.7359244126424417,0.8334007829843535,1.9103986894122171
1.9327390337897654,-1.0183741770900994,-0.6989619915124367
-0.1600549320965454,-0.5441999959389568,-0.9404641863821679
-0.8201979951613534,0.5988093459937897,0.2897336768045118
0.860591789521387,-1.3228439144608317,-0.7214909669710777
1.4036882101988208,-0.9584784910499529,-0.06620308032476507
0.33154096593044247,0.12962647201266173,-0.9003541880188864
1.4036882101988208,-0.8586523476497183,-0.2908085436005154
-0.6891057556874933,0.7385659467541265,0.6151405139197423
1.216413582379014,-1.5175048940913003,-0.4650922766462173
-0.7406062783379391,0.658705032033936,-1.6808147467227887
-0.7359244126424417,0.573852810143731,3.649814563315937
1.2679141050294631,-1.5774005801314468,-0.6783806143995194
0.9823202976042588,-0.6440261393391985,-0.3985054683397199
0.28940417467098495,0.05475686446248583,-0.7214909669710777
-0.6656964272100158,0.6686876463739581,-0.6971196687529685
1.5535079124546642,-1.522496201261315,-1.1496994140646397
0.42986014553583674,0.13960908635268376,-0.694066676751564
-0.6422870987325416,0.6237658818438553,0.298366274877449
-0.8670166521163051,0.6487224176939139,-0.7076998651716294
0.4439057426223226,-0.030095357427719203,-1.3717256254771346
-0.7499700097289275,0.9182530048745585,-0.4385628289098735
-0.6844238899919958,0.21447869390286678,-0.6025295545025526
-0.5158767249541724,0.8034529399642875,-0.0059328071935876
-0.6984694870784817,0.9931226124247415,0.7880556643441248
1.0291389545592105,-1.3428091431408828,-0.205640594319952
-0.843607323638831,0.6537137248639214,0.3069988729503862
0.8184549982619328,-1.2429829997406412,0.9628657753211035
-0.7171969498604617,0.658705032033936,-0.6556937255614954
0.8980467150853471,-1.2180264638905827,-0.29996751960472917
-0.7218788155559558,0.583835424483753,5.858285811780286
1.0946850742961423,-0.8736262691597478,-0.505307550595754
0.40645081705836256,0.0447742501224567,-0.48177845706768724
-0.8014705323793734,0.6137832675038262,-0.2710167333845131
-0.6937876213829874,1.167818363375159,0.4073265066517173
-0.4596943366082323,-0.44437385253871525,-1.16954386207377
0.42517827984034257,-1.1731046993604728,0.05712726897335621
-0.7499700097289275,0.6936441822240167,-0.8272402933645585
0.7810000726979694,-1.138165549170385,-0.5757895555936985
-0.6891057556874933,0.4790179739135039,1.547566381383216
0.8652736552168813,-1.3577830646509195,1.8934493200251088
-0.6750601586010074,0.5538875814636869,-0.6037402237444891
-1.3258394902748272,2.041297118127261,-0.6597994734254533
-0.8576529207253167,0.658705032033936,-0.2740697253859176
-0.8951078462892768,0.8533660116644047,-0.240907915715488
-0.6750601586010074,0.6137832675038262,-0.5240992427423307
-0.6844238899919958,0.5888267316537675,-0.11284016503587707
-0.7640156068154134,0.6437311105238994,-1.3648300745774102
-0.6891057556874933,0.5189484312735991,-0.13505331373575197
1.2491866422474798,-1.43764397937111,-0.1684256745786922
-0.7640156068154134,0.573852810143731,0.057443095732122175
1.394324478807829,-0.9385132623699088,-1.4750009755936149
-0.8576529207253167,0.6836615678839947,0.05712726897335621
0.9542291034312904,-0.7039218253793449,-0.5835273111834653
-0.5767409789956098,0.5239397384436137,0.7549991302599505
-0.6891057556874933,0.6537137248639214,-0.38018751633129205
-0.7967886666838793,0.8084442471342949,-0.662378725288709
-0.6422870987325416,0.6287571890138628,0.20940840449169382
-0.7406062783379391,0.9531921550646464,-0.8085012390111094
1.1134125370781223,-0.8386871189696672,-0.6165312074745121
-0.7312425469469475,0.5988093459937897,0.26109871734306145
2.4524261259897218,-1.0483220201101724,-0.5076236134933713
-0.8389254579433334,0.7235920252440898,0.30089288894757715
-0.7031513527739758,0.7585311754341776,-0.071414221844404
-0.843607323638831,0.7285833324141044,0.6560927169730663
-1.3305213559703213,1.2177314350752835,-0.11836713331428196
1.3990063445033234,-0.9035741121798211,-0.16221441498962763
-0.810834263770365,0.6137832675038262,0.5828209089393555
-0.7359244126424417,1.2027575135652468,-0.5569978634471219
1.216413582379014,-0.3844781664985759,-0.06351855287525406
1.0853213429051538,-1.3877309076709856,-0.13752729001275235
-0.8576529207253167,0.7735050969442142,1.0550345510876462
-0.8342435922478393,0.818426861474317,-0.34313050996941535
-0.7827430695973934,0.6986354893940312,-0.8363992693687725
-0.7359244126424417,0.7235920252440898,-0.3587112967352044
-0.7452881440334334,0.6936441822240167,-0.5698941227633999
-0.7452881440334334,0.8134355543043095,0.008279396950882263
1.2960052992024316,-1.6323049590015786,-0.10583933854989745
0.7294995500475236,-1.2629482284206852,1.7435895229906437
0.9355016406493104,-1.4176787506910586,-0.6483244345236223
1.1227762684691138,-1.3428091431408828,0.03359817544528946
0.9448653720402987,-0.7338696683994181,-0.27054299324636405
1.2679141050294631,-1.5674179657914176,-0.36455409177237524
-0.6984694870784817,0.6537137248639214,0.12508265990117276
1.5581897781501584,-1.5374701227713516,-1.154752642204896
1.5300985839771868,-0.9734524125599895,-0.5084131803902863
-0.843607323638831,0.7934703256242583,1.2329502918591566
-0.7827430695973934,0.7235920252440898,0.516707840771007
1.408370075894315,-1.6223223446615496,-0.0013533191914805868
-0.8482891893343251,0.6786702607139872,0.2483077336130385
-0.7686974725109076,0.583835424483753,-0.5504181393061636
-0.7312425469469475,1.1977662063952323,-0.4240347980066377
1.0619120144276764,-1.0133828699200846,1.5972564580957327
1.5488260467591668,-0.2097824155481513,-0.4158759400718496
0.4766788024907884,-0.050060586107770366,0.026544711166182306
1.0525482830366881,-0.7987566616095719,-0.17590024120282063
1.0572301487321822,-1.22301777106059,1.9103986894122171
0.9635928348222788,-1.108217706150319,0.35005658772881704
0.5234974594457401,-0.1049649649779022,-1.362987751817942
-0.7546518754244217,0.5638701958037089,1.2743762350506298
1.516052986890701,-1.0583046344501945,-0.6374284113461953
-0.7171969498604617,1.1378705203550858,-1.6566013618840625
0.5984073105736601,-1.0882524774702678,-0.5606298711729307
-0.8716985178117993,0.8833138546844779,2.5681605523355295
-0.8904259805937826,0.8733312403444559,0.43859335576955094
-0.7686974725109076,0.6387398033538848,-1.2033373252617314
1.0150933574727246,-0.7139044397193669,-0.13684299870209266
-0.7406062783379391,0.6437311105238994,-1.2583438190801421
1.3615514189393632,-0.9484958767099309,-1.3700412160970492
-0.6937876213829874,1.1328792131850784,-0.7684965162340835
-0.8716985178117993,0.7834877112842362,-0.18779638244967323
1.2070498509880256,-1.5274875084313224,1.2278970637189013
-0.6937876213829874,0.5339223527836358,5.026345491397528
0.7903638040889611,-0.7288783612294035,-0.8496113554438165
-0.8857441148982851,0.8433833973243827,-0.7097001013104806
0.33622283162593664,-0.0450692789377558,-0.4007162556510818
0.9074104464763387,-1.1980612352105313,0.3915878065065454
-0.63292336734155,0.5638701958037089,-0.2642264580710441
0.8840011179988646,-1.1930699280405168,0.7205740135544573
-0.6844238899919958,0.6237658818438553,0.6475127566932567
2.4711535887717018,-2.251227048083065,-1.1601216971039177
1.1040488056871338,-0.8586523476497183,-0.24032889999108387
0.21917618923855905,-0.00014751440764600325,-0.9533604456984461
1.2351410451609974,-1.4725831295611906,0.7078883054106895
-1.3071120274928438,1.147853134695115,1.174785530453086
-0.8389254579433334,0.5888267316537675,0.6665676378054721
-0.8014705323793734,0.583835424483753,0.3832183973992464
1.4224156729808008,-0.8386871189696672,0.18714261799869114
0.6218166390511377,-1.22301777106059,-0.9756262321914488
0.5328611908367318,-0.005138821577660568,0.08002470898389104
-0.5720591133001157,0.02480902144241263,0.4923365425528978
-0.7452881440334334,0.6836615678839947,-1.1484887448227035
-0.8482891893343251,0.6087919603338188,0.10534348747829823
-0.899789711984771,0.8433833973243827,0.12071372307157639
-1.1432467281505179,1.127887906015064,0.2660993076901897
-1.3258394902748272,2.001366660767166,-1.306717950964467
1.6892820176240217,-0.8187218902896161,0.26294104010252967
1.0665938801231705,-1.3677656789909414,-0.6034243969857231
-0.3192383657433772,-0.42939993102868573,-0.09957544116770509
-0.792106800988385,0.6487224176939139,-1.161279728552726
0.8840011179988646,-1.3577830646509195,1.583360080710029
0.5422249222277201,-0.12493019365794628,-0.6413762458307702
-0.8716985178117993,0.6936441822240167,-1.0695320551312046
-0.7078332184694733,0.9432095407246172,0.9741829008435514
-0.7171969498604617,0.6038006531638042,-0.6905399446120102
0.574997982096186,-0.9135567265198502,-1.0159994195203685
-0.35669329130734057,-0.4343912381986932,0.6144562226090828
-0.8201979951613534,0.7984616327942728,1.141571082989529
-1.152610459541506,1.1228965988450563,0.1935117909671384
-0.7312425469469475,0.6187745746738408,5.858285811780286
0.804409401175447,-1.233000385400619,0.9513380986261444
-0.881062249202791,0.8284094758143461,-0.4248770026966805
-0.918517174766751,0.8334007829843535,1.4805058329385696
1.0010477603862422,-1.4226700578610734,-0.7117003374493318
1.0946850742961423,-0.8686349619897404,0.6952552350600496
-0.35201142561184307,-0.43938254536870774,0.9790255778112966
-0.8248798608568509,0.9831399980847195,-0.2256955935015927
-0.7218788155559558,0.8034529399642875,-0.22527449115657144
-0.6844238899919958,0.7585311754341776,0.6198252775081043
-0.8951078462892768,0.7735050969442142,0.3024720227414067
2.400925603339276,-2.286166198273153,-0.26091027710400116
-0.6376052330370441,0.15458300786272036,-0.12073583400502678
1.0010477603862422,-1.447626593711132,-0.007143476435523899
-0.7452881440334334,0.5638701958037089,-1.755297223998436
0.9916840289952504,-1.4126874435210512,-0.954307925974744
-1.3398850873613097,1.2576618924353786,-0.5584717216546966
0.930819774953813,-1.233000385400619,1.3292774532827856
-0.6937876213829874,0.7635224826041851,-0.26770055241747015
-0.773379338206405,1.1129139845050273,-1.1121160297714863
-0.6282415016460557,0.4340962093833941,1.2173695050933677
-0.7967886666838793,0.6786702607139872,-0.6186893569927463
0.6686352960060894,-0.2547041800782611,-1.0340015447700301
0.07403835267820978,0.23444392258291794,-1.082375676654355
1.5254167182816925,-0.8736262691597478,-0.5533658557213129
0.27067671188900494,0.1046699361626031,-1.3063494864125735
1.6986457490150102,-1.0483220201101724,-1.178650200284856
-0.12260000653258538,0.2244613082428888,0.503179927937197
0.9729565662132704,-1.4526179008811464,-0.1795322489286298
0.5281793251412343,-0.11494757931792424,-0.7766553741688716
-0.7359244126424417,0.5988093459937897,0.639617087724107
-0.7078332184694733,0.7735050969442142,1.2016834427413234
-0.8155161294658593,0.8483747044943901,1.3428580039097235
-0.6797420242965017,0.6437311105238994,1.860182234768424
0.8325005953484154,-0.5292260744289202,-0.6457451826603666
-0.7171969498604617,0.8533660116644047,0.6382485051027875
-0.6563326958190274,0.5638701958037089,0.34589820207173133
1.3006871648979257,-0.8985828050098136,-0.16221441498962763
0.345586563016925,-1.043330712940158,1.2086316314341754
-0.8482891893343251,0.6936441822240167,-0.1951130356944188
0.8886829836943587,-1.1930699280405168,0.22362060863616323
-0.918517174766751,0.8284094758143461,0.31152572315936566
-0.8857441148982851,0.8583573188344192,-0.8798254486990968
-0.7452881440334334,0.7136094109040678,-0.28912413422043004
-0.8716985178117993,0.7136094109040678,1.0370324258379844
-0.899789711984771,0.6387398033538848,0.19967041276307543
1.1087306713826282,-0.8786175763297625,-0.3862408625409738
-0.6610145615145216,0.46903535957348186,1.3917058759321972
1.5300985839771868,-0.20479110837814382,-0.1951130356944188
-1.129201131064032,1.3325314999855546,-0.35797436763141716
0.9729565662132704,-1.2779221499307218,-0.1540029192617117
-0.7312425469469475,0.9182530048745585,-0.8053956092165773
0.5328611908367318,-0.1199388864879388,-0.6791701812964344
-0.8061523980748709,0.7136094109040678,0.2654676541726578
-0.562695381909124,-0.09997365780788764,3.1116457663786803
1.0900032086006481,-1.382739600500978,-0.7013833299963095
-0.6422870987325416,0.6137832675038262,0.7345230287332885
0.9823202976042588,-1.1780960065304873,1.2286339928226881
-0.8295617265523451,0.7235920252440898,0.23620104119367552
-0.6937876213829874,0.6487224176939139,-0.3440253524525857
2.8831577699752717,-0.2547041800782611,-0.9371480054151249
1.0993669399916364,-1.4775744367312051,2.476728705672775
0.9870021632997563,-1.4526179008811464,0.07902459091446538
-0.9091534433757626,0.7884790184542508,-0.06462394653093503
0.785681938393467,-1.1231916276603484,-0.08446839454006512
-1.3445669530568072,1.2177314350752835,-0.9270941869277408
-0.7078332184694733,1.1827922848851957,-0.1951130356944188
-0.8342435922478393,0.7884790184542508,0.5827156333531
-0.6891057556874933,0.5638701958037089,0.08865730705682824
1.1134125370781223,-1.372756986160949,0.43359276542242264
-0.31455650004788305,-0.4343912381986932,-0.5021492830080939
0.9916840289952504,-1.4526179008811464,0.2466759620260809
0.32685910023494497,0.1645656222027495,-0.37413417012161054
-1.3539306844477954,1.212740127905269,-0.3925047599231659
-1.0168363543721486,0.9482008478946318,0.41116906555003685
1.0197752231682222,-1.352791757480905,-1.612385615656823
0.8184549982619328,-0.5691565317890155,-0.6202684907865763
0.7903638040889611,-1.1331742420003776,0.2480445446474003
-0.7406062783379391,0.5888267316537675,0.08297242539904001
-0.5814228446911041,1.147853134695115,0.18514238185983983
1.8812385111393195,-0.8336958117996527,-0.7907623027270861
-1.3445669530568072,1.2277140494153056,-0.8476111193049651
1.0057296260817363,-1.4226700578610734,-0.3813455477801008
-0.6469689644280358,0.5588788886336944,0.7418923197711619
-1.2509296391469038,2.001366660767166,-0.027882766927824317
-0.7874249352928876,1.0879574486549686,-0.3705548001889292
1.3662332846348575,-0.9435045695399163,-1.393412396245733
1.431779404371789,-0.8935914978397991,-0.09041646516349129
-0.5299223220406581,0.5638701958037089,2.244332849014129
1.033820820254708,-1.1930699280405168,1.9177153426569624
-0.9512902346352169,2.4805321490883228,-1.1820716568381544
-0.6376052330370441,1.3375228071555691,0.2819432834216172
1.3475058218528775,-0.9385132623699088,-0.8665080870377974
-1.199429116496458,1.1328792131850784,1.3443844999104255
0.7435451471340094,-1.138165549170385,2.02625447208621
-0.8716985178117993,0.7136094109040678,-0.30475755877934685
-0.7640156068154134,1.0979400629949907,-0.44514255305083184
-0.3239202314388747,-0.43938254536870774,-0.769338720924126
-0.773379338206405,0.6237658818438553,-1.1390665798528512
-0.6422870987325416,0.5439049671236578,0.988710931746787
-1.0308819514586345,0.9831399980847195,0.6701996455312811
1.0572301487321822,-1.467591822391183,-0.22222149915516667
-0.7078332184694733,0.658705032033936,-0.7290708091814617
-0.8389254579433334,0.8284094758143461,-0.639218096312536
-0.8295617265523451,0.6038006531638042,0.6357218910326599
1.375597016025849,-0.8686349619897404,-0.18500657941390689
-0.862334786420811,0.6437311105238994,0.2689417485190836
-0.6610145615145216,0.49898320259355505,0.13961069080440883
-1.133882996759526,1.1628270562051517,-0.8859840704950337
-1.1760197880189838,1.242687970925342,-1.0708479999593963
1.0993669399916364,-0.8686349619897404,-0.42540338062795713
-0.937244637548731,0.8334007829843535,1.1958932854972801
-0.8014705323793734,0.9931226124247415,1.202420371845111
0.6171347733556435,-1.2180264638905827,-0.955887059768574
2.101286198827589,-1.1032263989803044,1.1923665533577268
0.537543056532226,-0.09997365780788764,-1.0175785533141986
-0.7312425469469475,0.7285833324141044,-0.2957564961545159
0.9870021632997563,-1.3478004503108902,-0.09641717358004524
-0.6844238899919958,0.7235920252440898,-0.8429789935097306
-0.9231990404622484,0.8284094758143461,0.08602541740044453
-0.7874249352928876,0.7735050969442142,0.1887217517925207
-1.096428071195566,1.2826184282854374,2.306813909456669
-0.9091534433757626,0.8982877761945145,0.627668308684127
-0.8529710550298193,0.7235920252440898,0.3884821767120129
-0.30051090296139715,0.4790179739135039,0.0110691999866486
-0.7312425469469475,0.7385659467541265,-0.6721167170173272
0.9963658946907447,-1.2928960714407585,-0.7150691562095025
-0.6469689644280358,0.5788441173137455,-1.0109988291732401
-1.3445669530568072,1.2077488207352542,-0.589896484151913
0.9635928348222788,-1.372756986160949,1.1029349428338224
-0.7499700097289275,0.6437311105238994,-1.593172821165225
0.8090912668709411,-1.1531394706804217,-0.06899288336053142
1.0010477603862422,-1.3028786857807877,-0.838978521232028
-1.3164757588838354,1.157835749035137,2.976050811281813
-0.862334786420811,0.6786702607139872,-0.8812993069066714
0.9916840289952504,-1.3028786857807877,0.09276305492078596
1.3334602247663916,-1.542461429941359,0.17603604364875336
1.4177338072853034,-0.8886001906697845,-0.6156363649913418
-1.204110982191952,1.1528444418651225,2.0068311264221013
0.7622726099159894,-1.1780960065304873,-0.5569978634471219
-0.7125150841649674,0.7735050969442142,-0.03567316031071871
1.0900032086006481,-1.2629482284206852,1.315538989276465
-1.218156579278438,1.2626531996053862,1.31880253245038
-1.040245682849626,0.988131305254727,0.6627777167002802
0.26599484619351077,0.12463516484265426,-0.23559149860959397
-1.3820218786207672,1.2926010426254593,0.8706969995545603
1.0946850742961423,-1.203052542380546,0.7229953520383299
1.0946850742961423,-1.1980612352105313,0.5992965381883149
1.782919331533922,-2.076531297132648,-0.6162153807157459
0.556270519314206,-0.0600432004477924,0.49444205427800425
-0.7031513527739758,1.147853134695115,-0.47788326037623996
1.370915150330355,-0.9185480336898577,0.6673572047023867
0.27067671188900494,0.12463516484265426,-0.8187656086710043
0.785681938393467,-1.0982350918102897,1.460608747136312
0.9589109691267846,-1.2479743069106486,-0.32670751851358354
0.9916840289952504,-1.2729308427607144,1.5735168133951556
-0.14132746931456538,0.27437437994301317,-0.589896484151913
-0.005553364145207782,-0.5591739174489935,-0.5021492830080939
-0.7359244126424417,0.6287571890138628,-0.9700466261199161
-0.7171969498604617,0.5588788886336944,4.197089698464279
-0.7125150841649674,0.9531921550646464,0.6303001983405103
1.3475058218528775,-0.9734524125599895,-0.40761180655080614
0.32685910023494497,0.1346177791826763,-0.5217305420515856
-0.7406062783379391,0.6487224176939139,-1.2096012226439234
0.8325005953484154,-1.2679395355907,-0.23732854578280688
0.9776384319087646,-1.287904764270751,-0.5058339285270306
1.2679141050294631,-1.2080438495505534,0.18056289385773283
-0.7265606812514533,1.043035684124859,0.02333380578539469
-0.7546518754244217,0.7235920252440898,-0.7590743512642313
0.9261379092583187,-0.7139044397193669,-0.8409787573708792
1.1274581341646082,-0.8636436548197258,0.07628742567182659
-1.152610459541506,1.23270535658532,0.8481153863027918
-0.6235596359505616,0.5588788886336944,0.22846328560390888
0.6171347733556435,-0.2596954872482757,0.14934868253302677
-0.8155161294658593,0.6786702607139872,-0.59289683836019
0.6405441018331177,-1.0932437846402823,-0.3537107063880761
0.9823202976042588,-1.2928960714407585,-0.6885923462662866
-0.7359244126424417,0.7685137897741997,-0.7369664781506114
-0.8295617265523451,1.3375228071555691,-0.4363520415985116
-0.8857441148982851,1.5771055513161476,-0.7394404544276119
-0.8061523980748709,0.733574639584119,0.5286566198109873
-1.433522401271213,1.2227227422452909,-0.6312171517571308
0.5469067879232143,-0.075017121957829,-0.3555003913544168
-0.773379338206405,0.6636963392039505,-1.116274415428572
1.1227762684691138,-0.8636436548197258,-0.7188590773146946
0.16767566658811317,-0.27466940875831225,-0.8530854497902425
-1.3492488187523013,1.157835749035137,-1.1098526046669968
-0.7967886666838793,0.988131305254727,2.0745233283842794
-0.6656964272100158,0.18952215805280814,-0.02461922375390892
1.1040488056871338,-1.4975396654112492,0.15813919398534704
1.3147327619844116,-1.5774005801314468,-0.7741287600987438
0.9823202976042588,-1.4276613650310879,0.4252759941082516
-0.63292336734155,0.573852810143731,0.13387317135349305
1.1602311940330738,-1.3378178359708683,-0.6618523473574323
-0.8295617265523451,0.7435572539241411,-0.31728535354373133
-1.3445669530568072,1.2077488207352542,-0.2374338213690622
-0.13664560361906788,0.24442653692293997,3.5390646465753273
0.8840011179988646,-0.6590000608492351,-0.7003305741337561
-0.6563326958190274,0.6537137248639214,1.9410338850125188
0.7716363413069811,-1.22301777106059,2.88230290172144
0.949547237735793,-1.148148163510414,-0.7269652974563551
0.5656342507051977,-0.8985828050098136,-0.1575296514012653
-0.7031513527739758,0.7934703256242583,-0.10004918130585415
-0.8763803835072967,0.6337484961838774,1.0031336870637675
-0.7874249352928876,0.7585311754341776,-0.13589551842579475
2.6912012764599744,-1.352791757480905,-0.5616826270354842
1.464552464240255,-1.552444044281388,-0.8201868290854514
-0.881062249202791,0.6237658818438553,4.104183993593948
-0.8951078462892768,0.7485485610941556,0.6904651958854324
-0.792106800988385,1.053018298464888,-0.18316425665443867
-0.881062249202791,0.8483747044943901,-0.6393233718987914
-0.8716985178117993,0.6936441822240167,-0.7992369874206403
-0.4035119482622889,-0.075017121957829,-0.7434409267053145
0.8137731325664354,-1.3228439144608317,0.6908336604373257
0.8278187296529211,-1.2729308427607144,1.6601059830901657
-0.7359244126424417,0.7535398682641631,-0.6813283308146688
-0.7967886666838793,0.8683399331744412,1.4282891421559252
-0.15537306640105122,0.28934830145304974,-0.4897794016230925
0.5703161164006918,-0.03508666459773377,0.5894006330803138
-0.7827430695973934,0.5888267316537675,-0.12931579428483644
1.1789586568150539,-0.8736262691597478,0.03244014399648094
-0.810834263770365,0.6237658818438553,0.09297360609329659
-0.7686974725109076,0.7934703256242583,1.6881619268272117
1.2210954480745115,-1.5474527371113735,0.62308882068202
1.0525482830366881,-1.382739600500978,-1.1228541395695304
1.3053690305934231,-1.6422875733416007,-0.10736583455059971
-0.9231990404622484,0.8383920901543681,0.1402949821150683
1.0993669399916364,-1.467591822391183,1.16094179086051
-0.7218788155559558,0.6786702607139872,-1.1890198455310064
1.3802788817213432,-0.9784437197300041,-0.9989974123401323
1.0244570888637163,-1.352791757480905,-1.3967812150059034
1.3662332846348575,-0.9534871838799455,0.27488981914251
0.518815593750246,-1.033348098600136,0.15734962708843203
-0.7406062783379391,0.5488962742936724,-0.14726528174137052
-0.7265606812514533,0.5888267316537675,-0.42303467993721205
0.7435451471340094,-1.203052542380546,0.7166261790698822
1.3100508962889175,-1.5823918873014542,-0.4403525138762142
2.265151498169918,-1.3677656789909414,-0.7954997041085761
1.0057296260817363,-1.3428091431408828,-0.277333268559833
1.2632322393339657,-1.5474527371113735,0.04270451365637571
1.7407825402744677,-0.30960855894839295,0.6271945685459778
-0.7546518754244217,0.7186007180740824,-0.6766435672263065
-0.5673772476046182,-0.08000842912784356,0.7670531848861859
-0.6469689644280358,0.6487224176939139,0.4173276873459739
-0.8576529207253167,0.8783225475144634,1.148782460648019
-0.11791814083708788,-0.6390348321691839,-0.8228187187418345
-0.843607323638831,0.6038006531638042,1.075721203786819
0.8933648493898529,-1.2080438495505534,0.7986884985559133
-0.6937876213829874,0.8483747044943901,0.8167958993918302
1.1789586568150539,-1.3378178359708683,-0.08910052033529968
1.0759576115141622,-0.8586523476497183,-0.6946456924759681
-0.7031513527739758,1.0979400629949907,0.002278688534328311
-0.9231990404622484,0.7934703256242583,1.206315568536558
-0.30051090296139715,0.9432095407246172,0.1887217517925207
-0.13196373792357372,0.2793656871130206,-0.8859840704950337
2.25578776677893,-1.3328265288008536,-0.1436332740155616
0.500088130968266,-0.00014751440764600325,-0.07609898543276611
1.1087306713826282,-1.1631220850204507,1.1469927756816785
1.0853213429051538,-1.2379916925706267,0.1601920679173259
0.9729565662132704,-1.1930699280405168,1.778488379834286
-0.2724197087884288,0.6886528750540092,-0.06604516694538198
2.302606423733878,-2.25621835525308,-0.582316641941529
-1.4054312070982413,1.2376966637553275,-0.7663383667158491
-0.8529710550298193,0.5988093459937897,0.6613564962858333
-0.899789711984771,0.5888267316537675,1.9416655385300507
-0.7218788155559558,0.6337484961838774,-1.2743457081909526
-0.7031513527739758,0.8433833973243827,-0.534784714747247
0.9823202976042588,-1.457609208051154,1.2599008419405218
-0.63292336734155,0.6287571890138628,0.6547241343517469
-0.23496478322446546,1.1428618275251006,-0.6437449465215153
0.9870021632997563,-1.43764397937111,0.6411435837248094
1.4598705985447609,-0.8686349619897404,0.0953949445771692
-0.7218788155559558,0.9731573837446904,0.07539258318865602
-0.8716985178117993,0.6936441822240167,-1.4428919217857388
0.9542291034312904,-1.2479743069106486,-0.32854984127305176
-0.9606539660262086,0.9531921550646464,1.9207156968652395
1.5066892554997124,-0.5691565317890155,-0.21153602715025063
1.0665938801231705,-1.4626005152211685,0.849799795682877
0.912092312171833,-1.3677656789909414,0.05207404083310014
-0.7125150841649674,0.7784964041142217,-0.7154902585545239
0.949547237735793,-1.4176787506910586,-0.10736583455059971
-0.843607323638831,0.8583573188344192,0.951548649798655
0.2472673834115274,-0.26468679441828313,-0.8112384042537482
-0.8670166521163051,0.7635224826041851,1.0379799061142825
1.2679141050294631,-1.352791757480905,-0.12199914104009087
1.375597016025849,-0.5741478389590301,-0.6250058921680661
-0.65165083012353,0.23943522975292542,0.7947933018644662
1.0385026859502022,-1.2729308427607144,2.177482851741994
-0.8904259805937826,1.6719403875463748,-0.9206197383730378
0.3783596228853908,-0.00014751440764600325,-0.19900823238586612
-0.9138353090712568,0.818426861474317,0.6307739384786591
-0.8576529207253167,0.7186007180740824,0.2950500939104058
-0.67037829290551,0.4790179739135039,-0.12689445580096384
-0.5346041877361524,1.1778009777151883,-0.12494685745524006
-0.8342435922478393,0.8433833973243827,-0.04920107314452888
1.3990063445033234,-0.8686349619897404,1.2492680077287333
1.1040488056871338,-1.457609208051154,1.6440514561862276
0.9355016406493104,0.28934830145304974,-0.30475755877934685
0.7997275354799528,-1.2529656140806633,3.497007049866323
1.1227762684691138,-1.1531394706804217,-0.9846799326094072
-0.7265606812514533,0.7435572539241411,-0.4747249927885801
1.413051941589809,-0.6789652895292863,0.3611631620787544
1.6892820176240217,-0.2247563370581879,-1.1105368959776565
-0.6563326958190274,0.3592266018332182,1.3747038687519615
-0.8248798608568509,0.8334007829843535,-0.22995925474493353
1.3240964933754031,-1.5674179657914176,-0.4349308211840646
-0.7078332184694733,0.6936441822240167,0.17861529551200905
-0.6563326958190274,0.5189484312735991,-0.44140526973876765
-1.3211576245793297,1.2876097354554519,0.19366970434652148
-0.7967886666838793,0.6836615678839947,-0.7117529752424596
0.7950456697844553,-1.203052542380546,1.3164338317596351
-0.7780612039018993,0.7235920252440898,-0.36197483990911955
-0.810834263770365,0.7485485610941556,0.40527363271973843
0.3596321601034108,0.1945134652228156,-0.6347438838966843
-0.9793814288081886,0.9482008478946318,0.5368681155389032
1.1695949254240656,-0.8486697333096892,-1.116274415428572
-0.6376052330370441,0.5339223527836358,0.5254983522233272
-0.7312425469469475,0.9432095407246172,0.0878151023667852
2.190241647041998,-0.8336958117996527,-0.14447547870560418
1.0946850742961423,-0.8686349619897404,-0.10736583455059971
0.5656342507051977,-0.9035741121798211,0.16677179205828424
1.1649130597285682,-1.3328265288008536,0.2208308056003969
1.370915150330355,-0.9784437197300041,-0.49120062203753945
-0.7078332184694733,0.9581834622346538,1.414919142701498
-0.6891057556874933,0.6636963392039505,1.6160481502423096
-0.6376052330370441,0.5089658169335771,2.2449645025316616
-0.7312425469469475,0.9082703905345365,-0.6530618359051121
1.1180944027736197,-0.8786175763297625,0.22641041167192957
1.675236420537536,-0.7288783612294035,-0.3352874787933932
-0.7780612039018993,0.6986354893940312,-0.7715495082354881
0.6077710419646518,-0.149886729508012,0.25888793003169946
1.2304591794654998,-1.2429829997406412,-0.2562255135156388
-0.773379338206405,1.1179052916750418,-1.0093670575862825
-1.433522401271213,1.23270535658532,-0.8134491915651101
-1.3632944158387872,1.2177314350752835,-0.6118464438861497
0.9729565662132704,-1.2679395355907,0.4102215852737392
0.6592715646150977,-1.233000385400619,0.0077530190196056625
-1.3726581472297754,1.2227227422452909,-1.4225737336384598
-1.218156579278438,1.242687970925342,0.7562624372950147
-1.3398850873613097,1.2476792780953567,-0.17163657995947984
1.8203742570978854,-0.9784437197300041,-0.4747249927885801
-1.2977482961018554,1.157835749035137,1.795700938187033
-0.7265606812514533,0.8284094758143461,-0.10957662186196167
-0.7406062783379391,0.6437311105238994,-1.3531444845030687
-0.7874249352928876,0.6038006531638042,0.15413872170764442
1.427097538676295,-0.8985828050098136,-0.36429090280673704
1.0525482830366881,-0.8436784261396818,-0.36781763494629066
0.8933648493898529,-1.3577830646509195,0.5987175224639105
-0.6656964272100158,0.5339223527836358,0.3378446197231985
-0.810834263770365,0.6936441822240167,-0.6008451451224674
-1.1432467281505179,1.5970707799961918,-0.6796439214345834
0.9074104464763387,-1.3777482933309635,-0.3998214131679115
0.785681938393467,-0.44437385253871525,-0.205640594319952
0.930819774953813,-1.233000385400619,0.2184621049096523
-0.7406062783379391,0.6087919603338188,-0.519309203567713
-0.562695381909124,-0.075017121957829,-0.6681162447396246
-1.1572923252370038,1.2077488207352542,-0.15094992726030718
1.1040488056871338,-1.3677656789909414,0.19166946820767017
0.9916840289952504,-1.297887378610773,-0.9941020975792595
-0.6797420242965017,1.1129139845050273,0.4003256801657377
0.9589109691267846,-1.457609208051154,0.6291421668917015
-1.1572923252370038,1.167818363375159,0.06807592994391068
-1.3492488187523013,1.2177314350752835,-0.6199000262346825
-0.7780612039018993,0.658705032033936,-1.0551619376073518
-0.7312425469469475,0.7036267965640458,-0.12331508586828248
-0.67037829290551,0.7086181037340533,0.14798009991170735
0.8652736552168813,-1.3128613001208096,-0.22527449115657144
2.489881051553685,-1.2479743069106486,-0.44256330118757614
0.5094518623592543,-0.10995627214791677,-1.3506705082260682
-0.7967886666838793,1.0779748343149467,0.07628742567182659
-1.2743389676243813,1.2376966637553275,1.42118304008369
-0.8201979951613534,0.7884790184542508,0.1955646648991177
0.45326947401331424,-1.138165549170385,-0.7286497068364403
1.1836405225105482,-1.3428091431408828,0.08581486622793388
0.4860425338817801,-1.0483220201101724,0.026965813511203585
-0.8061523980748709,0.6736789535439726,-0.5937916808433603
-1.3258394902748272,1.1778009777151883,-1.1282231944685521
-0.8670166521163051,0.6287571890138628,-0.1527922500197754
0.9963658946907447,-1.4326526722010953,0.09439482650774354
1.0993669399916364,-0.8386871189696672,-1.2305510643087347
0.8278187296529211,0.5688615029737164,0.15103309191311234
-0.9325627718532369,0.9731573837446904,3.306931978882321
0.9963658946907447,-1.4226700578610734,-0.19237587045178026
-0.7499700097289275,0.6886528750540092,-0.9283048561696771
-0.8201979951613534,0.6337484961838774,-0.07009827701621239
0.5469067879232143,-0.13990411516798287,-0.11284016503587707
0.4392238769268284,-0.050060586107770366,-0.8842470233218208
0.804409401175447,-0.5142521529188837,-0.3027573226404955
-0.7125150841649674,0.6137832675038262,0.25604548920280557
-0.8201979951613534,1.0230704554448147,-0.686960574679329
0.7903638040889611,-1.1331742420003776,-0.09231142571608729
0.9542291034312904,-1.1032263989803044,0.5192344548411351
-0.7780612039018993,0.6437311105238994,-1.1609112640008328
-0.7078332184694733,0.6786702607139872,-0.7141743137263322
-0.7031513527739758,0.6836615678839947,0.07081309518654948
-0.8155161294658593,0.7834877112842362,0.6669361023573654
0.7903638040889611,-1.1731046993604728,-0.1816377606537364
-0.843607323638831,0.6038006531638042,0.698887242785859
-0.9231990404622484,0.7884790184542508,-0.42540338062795713
-0.7499700097289275,1.1977662063952323,1.2949576121635473
-0.7406062783379391,1.2027575135652468,1.1577308854797224
1.9655120936582313,-0.9634697982199675,-1.1453304772350437
-0.773379338206405,0.6487224176939139,-1.3509336971917068
-0.8482891893343251,0.7834877112842362,0.34674040676177387
-0.7686974725109076,1.0979400629949907,-1.1504889809615548
-0.7406062783379391,0.9631747694046684,-0.8823520627692248
-0.6891057556874933,0.6387398033538848,0.249044662716826
1.1040488056871338,-1.1331742420003776,0.3854291847106084
0.9916840289952504,-1.4276613650310879,0.10097455064870187
-0.7312425469469475,1.1877835920552102,-0.8851945035981187
0.9682747005177763,-1.2928960714407585,0.298366274877449
-0.5767409789956098,0.0298003286124201,0.7017823214078804
-1.3024301617973497,1.1628270562051517,1.5201947289568298
-0.8014705323793734,0.5988093459937897,0.871065464106454
-1.3352032216658154,1.242687970925342,0.3970621369918225
-1.199429116496458,1.1827922848851957,1.083406321583458
-0.6422870987325416,0.19950477239283018,1.220054032542879
-1.4054312070982413,1.2776271211154229,0.9817627430539354
-0.6095140388640757,0.4440788237234161,-0.4677241663026005
1.9280571680942713,-1.1231916276603484,-0.44498463967144875
-0.7499700097289275,0.818426861474317,-0.006617098504247298
1.5300985839771868,-0.8586523476497183,-0.36929149315386534
-0.7452881440334334,0.6237658818438553,-0.9710467441893418
1.0010477603862422,-1.2779221499307218,1.6846878324807857
0.949547237735793,-1.2629482284206852,0.21282986104499207
-0.8155161294658593,0.6187745746738408,0.6930970855418157
1.0572301487321822,-1.4825657439012196,1.187944978735003
-0.8904259805937826,1.2726358139454153,-1.0122621362083042
-0.5720591133001157,0.5089658169335771,1.0472441577047515
-0.7640156068154134,0.5588788886336944,0.3049459990184073
-0.7406062783379391,0.9132616977045511,-0.9246202106507404
-0.7546518754244217,0.6786702607139872,1.9499823098442217
2.3213338865158617,-2.2811748911031384,-0.890984660842162
-0.12728187222807955,0.28934830145304974,-1.3935703096251157
-0.6891057556874933,0.583835424483753,0.2254102936025039
-0.9138353090712568,0.8932964690244999,0.07791919725878417
2.9159308298437376,-1.3777482933309635,-0.8615074966906691
-0.11791814083708788,0.28934830145304974,-1.2992433843403386
1.319414627679909,-1.5923745016414834,-0.12710500697347446
1.3053690305934231,-1.6323049590015786,-0.47804117375562305
-0.810834263770365,1.1728096705451736,0.09265777933453087
1.8156923914023877,-0.9884263340700261,-1.426468930329907
-1.0168363543721486,1.402409800365723,-0.4217713729021482
-0.862334786420811,0.7934703256242583,0.12676706928125836
1.0431845516456963,-1.2579569212506778,1.9736693167516712
-1.2134747135829438,1.1378705203550858,0.4540688669490846
-0.7686974725109076,0.6237658818438553,-0.8859840704950337
-0.7218788155559558,0.8034529399642875,-0.3729761386728018
-0.8248798608568509,0.5888267316537675,1.9214526259690268
0.5469067879232143,-0.2097824155481513,-0.3102318892646242
-0.63292336734155,0.5538875814636869,0.906648612260756
0.8840011179988646,-1.382739600500978,1.4871381948726556
1.2819597021159457,-1.183087313700495,-0.3321818489988609
-1.396067475707253,1.5571403226360965,-0.8820888738035864
0.9916840289952504,-1.4426352865411174,0.3497933987631784
0.9589109691267846,-0.6989305182093304,0.44490989094487104
1.6471452263645643,-1.0083915627500772,-0.9597296186668935
-0.5720591133001157,0.583835424483753,3.241345288645249
-0.810834263770365,0.7136094109040678,-0.2806494495268759
-0.63292336734155,0.5638701958037089,-0.7137532113813109
1.1134125370781223,-1.5374701227713516,0.6347744107563618
1.0946850742961423,-0.8786175763297625,-0.15810866712566965
0.823136863957427,-1.1930699280405168,0.33452843875615534
-1.3492488187523013,1.2376966637553275,-1.1536998863423424
0.7763182070024753,-1.2080438495505534,1.3645974124714493
1.2445047765519857,-1.3478004503108902,-0.2992832282940697
0.9635928348222788,-1.2529656140806633,-0.27522775683472633
-0.19282799196501127,0.903279083364522,-1.1820716568381544
0.9355016406493104,-1.4326526722010953,0.46943910254236326
1.0057296260817363,-1.3028786857807877,-0.23696008123091314
-1.1947472508009638,1.242687970925342,0.5862423654926537
1.0104114917772304,-1.4176787506910586,-1.2396574025198208
0.6171347733556435,-1.108217706150319,-0.04441103396991122
1.2960052992024316,-1.627313651831564,-0.3942418070963788
-0.7827430695973934,0.6237658818438553,0.8669070784493682
-0.7031513527739758,1.1428618275251006,-1.075164298995865
-1.3539306844477954,1.1628270562051517,0.1134497076199586
0.930819774953813,-1.4126874435210512,0.08060372470829495
1.3428239561573831,-1.6822180307016958,-0.6522196312150693
-0.881062249202791,0.7235920252440898,0.06460183559748464
-0.9044715776802651,0.7685137897741997,2.0606269509985755
0.3174953688439566,-0.1049649649779022,-0.3705548001889292
-0.7218788155559558,0.7735050969442142,-0.23269641998757232
-0.7406062783379391,0.6487224176939139,-1.0739536297539287
2.012330750613183,-1.3028786857807877,-0.892090054497843
-0.8904259805937826,0.7485485610941556,3.139280607770705
-0.7593337411199192,1.0979400629949907,-0.12063055841877146
1.1836405225105482,-1.4176787506910586,-0.5921599092564027
-0.7265606812514533,1.1029313701650052,-0.07151949743065933
-0.6422870987325416,0.41413098070335,0.5269195726377741
-0.8763803835072967,0.7934703256242583,0.07828766181067791
0.6920446244835636,-1.2579569212506778,-0.11752492862423916
-0.6891057556874933,0.5588788886336944,0.31810544730032353
1.0619120144276764,-0.8336958117996527,-0.6556937255614954
-0.7499700097289275,0.6237658818438553,-0.45135381263989643
-0.2302829175289713,0.05475686446248583,-0.7050153377221184
-1.0636550113271002,1.1628270562051517,0.33126489558224015
0.6264985047466318,-0.23473895139821704,-1.0387389461515202
-0.6563326958190274,0.5239397384436137,2.3757694184539115
-0.9044715776802651,0.7934703256242583,0.2864174958374686
-0.881062249202791,0.8733312403444559,-0.5498391235817593
-0.6610145615145216,0.5988093459937897,-0.16768874547490498
-0.7640156068154134,0.6287571890138628,-1.0199472540049435
0.9916840289952504,-1.457609208051154,-0.060255009701338666
1.9327390337897654,-0.9984089484100481,-0.938253399070806
-0.6563326958190274,0.4540614380634453,1.1886292700456622
1.1695949254240656,-0.8636436548197258,-0.5139927864618188
0.7529088785250011,-1.1880786208705094,1.1332016738822304
-0.7406062783379391,0.6038006531638042,-0.41445471965740266
-0.6656964272100158,0.7086181037340533,0.8432727093350462
-0.8763803835072967,0.7884790184542508,-1.0142097345540277
-0.562695381909124,-0.03508666459773377,0.9223873124059279
-1.222838444973932,1.3524967286656058,0.41116906555003685
-0.7686974725109076,0.6287571890138628,-0.8615601344837966
0.766954475611487,-1.183087313700495,0.029387151995076185
-0.7218788155559558,0.7086181037340533,0.2947342671516401
-0.7312425469469475,1.0580096056348955,-0.27127992235015125
-0.8529710550298193,0.8583573188344192,0.5900849243909733
-0.7359244126424417,0.9681660765746829,-0.7932889167972141
-0.9934270258946744,0.9482008478946318,0.08849939367744514
0.6264985047466318,-1.233000385400619,0.8035311755236585
-0.7171969498604617,0.6187745746738408,-1.3448803509820249
1.1274581341646082,-0.33955640196846615,-0.6919085272333295
-0.7499700097289275,1.2526705852653641,-1.2371834262428207
-0.7452881440334334,0.6836615678839947,-1.4935294787745534
-0.792106800988385,0.7036267965640458,0.0339666399971832
-0.8716985178117993,0.6337484961838774,-0.48088361458451695
1.5628716438456527,-0.7388609755694255,0.5004427626945582
-1.3117938931883413,1.3574880358356203,-0.11905142462494166
-1.2743389676243813,1.2227227422452909,-0.5252572741911394
-1.3305213559703213,2.0113492751071878,-1.366303932784985
1.0057296260817363,-1.3577830646509195,-1.0148413880715599
-1.3398850873613097,1.157835749035137,0.08455155919287005
-0.9138353090712568,0.7984616327942728,0.8631697951373043
-0.7452881440334334,0.8034529399642875,0.48680957427449273
-0.773379338206405,0.7435572539241411,-0.14073819539353996
-0.6891057556874933,0.5888267316537675,0.6559874413868112
1.0853213429051538,-1.3777482933309635,-0.44182637208378894
0.556270519314206,-0.12992150082796083,1.8003330639822674
1.2725959707249574,-1.5923745016414834,0.6114558684008059
-0.7874249352928876,0.733574639584119,0.36779552401284027
0.6264985047466318,-1.22301777106059,-1.1614376419321093
1.1227762684691138,-0.8886001906697845,0.15961305219292152
1.2491866422474798,-1.2280090782306046,1.4776633921096758
-0.8763803835072967,0.8633486260044267,0.21535647511511977
1.8250561227933795,-0.9784437197300041,0.33947639131015606
1.8110105257068936,-0.9884263340700261,-1.4802647549063817
-1.1760197880189838,2.0263231966172244,-0.9315157615504647
-1.3539306844477954,1.242687970925342,-1.0845338261725896
1.8156923914023877,-0.9734524125599895,-0.8088697035630031
0.9870021632997563,-1.4226700578610734,0.18451072834230745
1.0150933574727246,-1.3478004503108902,-1.0648472915428426
0.8090912668709411,-0.5142521529188837,-0.4103489717934447
-0.6750601586010074,0.5389136599536503,-0.3705548001889292
0.42986014553583674,-1.1681133921904583,0.9759725858098921
-0.7312425469469475,0.9182530048745585,-0.8480322216499867
-0.9091534433757626,1.6569664660363381,-0.5811059726995927
-1.3492488187523013,1.212740127905269,-0.5713679809709745
0.9635928348222788,-1.1132090133203263,0.8220596787045972
2.419653066121256,-2.296148812613175,-1.5336921149309626
-0.562695381909124,-0.050060586107770366,-0.790920216106469
-0.7031513527739758,0.6736789535439726,-0.6110568769892347
-0.7125150841649674,0.7984616327942728,-0.4363520415985116
1.356869553243869,-0.9235393408598722,-0.2433818919924884
1.9140115710077854,-1.128182934830363,-1.151699650203491
0.16767566658811317,0.14460039352269832,-1.1230120529489132
1.0385026859502022,-1.3378178359708683,-0.012880995886439435
-0.7171969498604617,0.9931226124247415,-0.18532240617267284
1.4177338072853034,-0.9285306480298868,-0.6067932157458936
-0.8061523980748709,0.6237658818438553,0.17772045302883893
0.804409401175447,-1.22301777106059,1.0565610470883486
-0.8716985178117993,0.5788441173137455,3.2579261934804644
1.3100508962889175,-0.9335219551998942,0.5689771693467793
0.7622726099159894,-1.1880786208705094,0.6997294474759015
-1.414794938489233,1.2576618924353786,-0.004827413537906621
-1.1947472508009638,1.157835749035137,1.4456069760949277
1.033820820254708,-1.3478004503108902,-0.6688531738434118
-0.7265606812514533,0.7784964041142217,0.21282986104499207
0.556270519314206,-0.10995627214791677,-0.3454992106601602
0.4158145484493542,0.14460039352269832,-0.8530854497902425
1.8156923914023877,-1.0034002555800627,-1.174755003593409
-0.8248798608568509,0.8583573188344192,0.9391787684136534
2.36815254347081,-1.4027048291810222,-1.1203801632925299
-0.8155161294658593,0.6736789535439726,-0.9209355651318037
0.9542291034312904,-1.2679395355907,-0.4100331450346787
-0.6797420242965017,0.32428745164313044,1.3062220998928677
0.8325005953484154,-0.6090869891491179,-0.8756670630420111
-1.2837026990153695,1.2027575135652468,0.25746670961725254
-0.6937876213829874,0.6187745746738408,0.20909257773292764
-0.9466083689397227,0.9531921550646464,2.3900342603915083
1.0385026859502022,-1.3478004503108902,-1.1354872099201703
-1.2930664304063613,1.1728096705451736,-0.2740697253859176
-0.22091918613798295,0.5289310456136211,0.3970621369918225
-0.6937876213829874,0.7735050969442142,-0.14247524256675287
-0.10855440944609952,0.30432222296308636,-0.16753083209552186
1.0010477603862422,-1.3178526072908172,-0.8105014751499607
1.0946850742961423,-1.4975396654112492,-0.19221795707239714
0.8746373866078729,-0.6290522178291619,-0.26091027710400116
0.8278187296529211,-1.22301777106059,0.1025536844425319
-0.8716985178117993,0.7834877112842362,-0.23053827046933792
-0.4737399336947181,0.7735050969442142,-0.9103027309200152
-0.7312425469469475,0.6087919603338188,-0.26912177283191707
-1.2743389676243813,1.2077488207352542,0.5662400041041405
-1.0823824741090802,1.2676445067754007,-0.01414430292150351
1.1040488056871338,-1.382739600500978,-0.6600626623910918
1.6330996292780784,-1.0233654842601139,-0.6968038419942025
0.5328611908367318,-0.1199388864879388,-0.3793453116412495
-0.7218788155559558,0.6187745746738408,-0.09231142571608729
-0.8295617265523451,0.6886528750540092,-0.6138466800250011
-0.5533316505181324,0.14460039352269832,-0.7428092731877826
-0.6797420242965017,0.5039745097635625,0.5030746523509414
1.2023679852925315,-0.4992782314088471,-0.6469032141091751
-0.8716985178117993,0.7285833324141044,0.6738316532570899
-0.43628500813075477,0.7136094109040678,-0.975099854260172
-0.8155161294658593,0.658705032033936,-0.6261112858237472
-0.8061523980748709,0.6936441822240167,-0.45124853705364115
-1.3492488187523013,1.212740127905269,-0.7305446673890362
1.1695949254240656,-1.0782698631302456,-0.4431423169119805
1.1134125370781223,-1.2779221499307218,-1.0624259530589697
-0.6984694870784817,0.8583573188344192,0.5466061072675211
-0.9091534433757626,0.818426861474317,0.5997176405333361
-0.7406062783379391,0.9382182335546098,0.23988568671261196
1.0712757458186681,-0.8386871189696672,-0.7690228941653601
-0.5673772476046182,0.5389136599536503,0.28425934631923466
-0.7359244126424417,0.6537137248639214,-1.20291622291671
-0.6984694870784817,0.6537137248639214,-0.8470847413736886
-1.3445669530568072,1.2526705852653641,-0.34313050996941535
-0.7171969498604617,0.7535398682641631,0.25351887513267746
-0.792106800988385,0.6038006531638042,-0.24443464785504182
-0.773379338206405,0.733574639584119,-0.18100610713620427
-1.3258394902748272,1.2177314350752835,-0.07736229246783019
-1.3305213559703213,1.1827922848851957,0.6448808670368734
0.8325005953484154,-1.3577830646509195,3.587859880804674
-0.7312425469469475,0.6087919603338188,0.13797891921745079
0.5515886536187118,-0.9634697982199675,0.19087990131075513
-0.6797420242965017,0.6686876463739581,2.2331736368710646
-0.6750601586010074,0.573852810143731,-0.2803862605612375
1.1180944027736197,-1.1581307778504362,-0.28086000069938655
-0.7827430695973934,1.297592349795474,-0.7571793907116353
-0.7593337411199192,0.6387398033538848,-1.4826860933902544
-0.6422870987325416,0.6387398033538848,0.07228695339412396
0.7294995500475236,-1.0083915627500772,5.858285811780286
-0.26305597739743714,0.059748171632493303,-0.6483770723167498
1.0150933574727246,-0.7638175114194842,-0.26996397752195966
-1.4382042669667072,1.2576618924353786,-0.5240992427423307
-0.6422870987325416,0.5688615029737164,-0.32233858168398716
1.0478664173411905,-1.1980612352105313,5.062507655276235
-0.7452881440334334,0.5588788886336944,-0.5804743191820608
-0.7406062783379391,0.6786702607139872,-1.0230528837994757
-0.8155161294658593,0.7385659467541265,-0.40619058613635894
-1.3164757588838354,1.2027575135652468,0.42996075769661374
-0.6610145615145216,0.5039745097635625,0.29289194439217187
1.0057296260817363,-1.4326526722010953,-0.4883055434155178
1.5581897781501584,-1.5274875084313224,-0.8223976163968133
0.912092312171833,-0.6290522178291619,-0.10936607068945103
1.1180944027736197,-0.883608883499777,0.6577244885600239
-1.1619741909324979,1.2476792780953567,0.6914126761617301
1.5394623153681783,-0.20479110837814382,-0.9474123750750197
-0.881062249202791,0.8234181686443315,0.08455155919287005
0.6873627587880694,-1.0283567914301213,0.5432899263004785
-0.8061523980748709,0.7186007180740824,0.5615552405157784
0.879319252303367,-1.4626005152211685,2.2980233980043487
-0.8014705323793734,1.1728096705451736,0.11745017989766124
1.5535079124546642,-1.532478815601337,-1.404255781630032
1.216413582379014,-1.5374701227713516,-0.3682387372913119
1.8156923914023877,-1.3128613001208096,-0.5460492024765674
-0.06173575249114783,0.14460039352269832,-0.7718126972011264
0.9916840289952504,-1.3328265288008536,0.5675559489323324
0.9448653720402987,-1.2529656140806633,-0.09941752778832222
1.3802788817213432,-1.118200320490341,1.1013031712468648
0.9635928348222788,-1.0882524774702678,-0.0786782372960218
-0.810834263770365,0.6337484961838774,-0.14247524256675287
0.879319252303367,-1.447626593711132,1.5211948470262555
1.0431845516456963,-1.3428091431408828,-0.48962148824370944
-1.222838444973932,1.2476792780953567,-0.6663265597732839
-0.8482891893343251,0.5938180388237821,1.1159364777363558
-0.7546518754244217,0.7385659467541265,-0.3202857077520083
-0.9466083689397227,0.8284094758143461,0.48917827496523775
-0.03364455831817614,-0.3595216306485173,-0.5577874303440367
-0.7359244126424417,0.9531921550646464,-0.8665607248309249
-1.358612550143293,1.2177314350752835,-0.13942225056534835
-1.3820218786207672,1.2576618924353786,0.06397018207995273
0.5281793251412343,-0.12992150082796083,-0.9973130029600471
0.556270519314206,-0.12493019365794628,0.7423134221161831
1.1134125370781223,-0.883608883499777,-0.30712625947009187
1.7033276147105076,-0.8287045046296452,-0.268648032693768
-0.11791814083708788,0.30432222296308636,-0.10383910241104614
1.0150933574727246,-1.3378178359708683,-0.4927797558313695
1.319414627679909,-0.489295617068825,-0.7105423060005233
-1.1011099368910602,1.806705681136697,-1.039528513048435
1.2960052992024316,-1.5674179657914176,-1.279977952055613
-0.8014705323793734,0.6736789535439726,-0.2193790583262728
1.3147327619844116,-1.5774005801314468,0.002278688534328311
-1.0636550113271002,1.9165144388769606,-1.1043256363885918
0.7997275354799528,-1.1930699280405168,1.010818804860407
-0.8248798608568509,0.5988093459937897,1.1313593511227615
-0.7218788155559558,0.6836615678839947,-0.7034362039282884
-0.9466083689397227,0.8483747044943901,2.063048289482448
0.841864326739407,-0.6090869891491179,-0.5362585729548214
1.6003265694096127,-1.6672441091916592,-0.05472804142293377
-0.7406062783379391,0.8134355543043095,-0.27885976456053524
1.0057296260817363,-1.3278352216308462,-0.6462715605916431
-0.7031513527739758,0.6087919603338188,0.2435176944384213
1.0010477603862422,-1.4326526722010953,-0.13268461304500714
0.8886829836943587,-0.6540087536792205,0.7612103898490151
1.3849607474168408,-0.9884263340700261,-1.390412042037456
-0.8014705323793734,0.6986354893940312,0.26109871734306145
-0.9231990404622484,0.7984616327942728,1.044033252323964
-0.7499700097289275,0.6038006531638042,-0.9149874945083776
-1.3258394902748272,1.2177314350752835,0.3611631620787544
0.556270519314206,-0.075017121957829,-1.0118936716564106
1.6284177635825843,-1.0233654842601139,0.21504064835635403
-0.9044715776802651,0.7884790184542508,0.3970621369918225
-0.5392860534316498,1.1029313701650052,0.05712726897335621
1.394324478807829,-0.883608883499777,0.018754317783287674
-0.7686974725109076,0.5538875814636869,0.2454652927841446
-0.6376052330370441,0.573852810143731,-0.3398669667955
-0.6984694870784817,1.1378705203550858,-0.3925047599231659
-0.7827430695973934,0.6836615678839947,-0.42935121511253194
0.9870021632997563,-0.6689826751892571,-0.32670751851358354
-0.9278809061577427,0.8683399331744412,0.12613541576372597
-0.7874249352928876,0.7136094109040678,1.5716218528425592
-0.7359244126424417,0.6287571890138628,-1.1432776033030645
0.9214560435628246,-0.6839565966992938,-0.17768992616916132
-0.8857441148982851,0.8533660116644047,0.13387317135349305
1.0759576115141622,-1.372756986160949,-0.6293748289976625
-0.7265606812514533,0.978148690914705,-0.44782708050034287
1.0619120144276764,-1.2529656140806633,0.620720119991275
-0.7078332184694733,0.7884790184542508,-0.30791582636700693
-0.7171969498604617,0.7685137897741997,-0.5711047920053364
1.0853213429051538,-1.382739600500978,-0.10462866930796115
-0.8295617265523451,0.7086181037340533,0.538763076091499
-0.5814228446911041,-0.010130128747675132,-0.09146922102604473
-0.7406062783379391,0.6038006531638042,-0.3102318892646242
1.1274581341646082,-0.8935914978397991,0.8801191645244124
0.9870021632997563,-1.0982350918102897,2.780554047605662
1.2023679852925315,-1.542461429941359,0.2289370257420577
0.9823202976042588,-0.9235393408598722,1.1173576981508029
0.841864326739407,-1.2829134571007363,0.10418545602948949
1.1180944027736197,-0.8636436548197258,-0.6965932908216919
-1.3679762815342813,1.2676445067754007,-0.32670751851358354
-1.2087928478874495,1.1628270562051517,1.3328041854223394
1.408370075894315,-0.8536610404797038,0.5239718562226252
-0.31455650004788305,-0.4194173166886566,0.1799312403402009
-1.3679762815342813,1.2376966637553275,-1.2478688982477368
-1.3071120274928438,1.1428618275251006,-0.49483262976334835
-1.2696571019288838,1.2077488207352542,0.34289784786345434
2.564790902681605,-2.0266182254325233,-1.2525536618360988
-0.7827430695973934,0.6636963392039505,-0.950202178110786
2.3213338865158617,-1.4226700578610734,-0.6271640416863006
-0.810834263770365,0.733574639584119,0.2874176139068943
0.804409401175447,-1.1880786208705094,-0.13626398297768827
-0.8716985178117993,0.6836615678839947,-1.243868425970034
-0.9278809061577427,0.9831399980847195,1.2505313147637975
1.637781494973576,-1.0283567914301213,-1.0790068578941845
-0.7406062783379391,0.6786702607139872,-1.3086129115170633
1.0712757458186681,-0.8287045046296452,-1.039528513048435
-0.7452881440334334,0.9082703905345365,-0.3925047599231659
-0.7452881440334334,0.7535398682641631,-0.653693489422644
1.1555493283375797,-1.3278352216308462,-0.6704849454303694
1.3147327619844116,-1.5624266586214102,-0.30854747988453884
1.656508957755556,-1.6672441091916592,0.25230820589074116
1.4364612700672867,-0.9035741121798211,-0.8582439535167536
2.3213338865158617,-2.2811748911031384,-1.2149702775429456
-0.7312425469469475,0.6936441822240167,-0.6245321520299171
-0.8482891893343251,0.6736789535439726,-0.13794839235777362
-0.8576529207253167,0.6237658818438553,0.09628978706033976
1.1227762684691138,-1.3927222148410001,0.23509564753799475
-0.881062249202791,0.8334007829843535,-0.23459138054016831
-0.6563326958190274,0.26439176560298405,0.6020863412240812
1.431779404371789,-0.7987566616095719,0.9577599093877196
-0.6422870987325416,0.5389136599536503,0.4150116244483564
1.0900032086006481,-1.4626005152211685,1.1923665533577268
-0.7078332184694733,0.7086181037340533,1.131306713329634
-0.6750601586010074,0.7036267965640458,0.19967041276307543
-0.6797420242965017,0.6387398033538848,-0.09120603206040631
-0.7686974725109076,0.5488962742936724,-0.6721167170173272
1.3240964933754031,-1.5674179657914176,-0.8193972621885364
0.6452259675286118,-0.9984089484100481,-0.9517813119046161
0.5984073105736601,-1.0882524774702678,-1.1491730361333632
0.860591789521387,-0.554182610278986,-0.82450312812192
1.0104114917772304,-1.4176787506910586,-1.3179824386937877
-0.13664560361906788,0.2793656871130206,-1.2149702775429456
-0.7406062783379391,0.6686876463739581,-0.7050153377221184
-0.773379338206405,1.0480269912948734,0.5884531528040157
0.8465461924349013,-1.2729308427607144,0.8497471578897494
-1.3492488187523013,1.2526705852653641,-0.8631919060707545
0.9589109691267846,-1.2379916925706267,0.6839907473307292
1.2257773137700056,-1.0932437846402823,-0.6556937255614954
-1.4475679983576988,1.2626531996053862,-1.3706728696145811
1.0806394772096564,-0.8536610404797038,-1.140540438060426
2.457107991685219,-2.25621835525308,-0.7572320285047628
-0.6984694870784817,0.8583573188344192,1.17604883748815
-0.7452881440334334,0.5339223527836358,5.858285811780286
-0.881062249202791,0.8533660116644047,-0.49667495252281685
-0.6610145615145216,0.35423529466320364,0.902121762051777
-0.792106800988385,0.6636963392039505,-1.1314340998493397
1.5909628380186243,-0.7438522827394402,-0.01524969657718449
-0.8201979951613534,0.8234181686443315,0.7865291683434222
-1.166656056627992,1.2576618924353786,-0.8530854497902425
1.0993669399916364,-1.4825657439012196,0.8620117636884955
1.370915150330355,-0.9135567265198502,1.7224817679464497
-0.17410052918303123,0.32428745164313044,-0.9755209566051934
0.6264985047466318,-1.22301777106059,-1.4293640089519288
1.0993669399916364,-1.3877309076709856,-0.060255009701338666
-0.7686974725109076,0.6886528750540092,-0.746967658844868
-0.881062249202791,0.8383920901543681,0.08023526015640169
-0.6750601586010074,0.35423529466320364,1.531669767858661
-0.6844238899919958,0.6487224176939139,2.0884723435631107
1.427097538676295,-0.8536610404797038,-0.06351855287525406
0.7950456697844553,-1.108217706150319,1.4794530770760166
-0.7406062783379391,0.8134355543043095,-0.052569891904699594
-0.6797420242965017,0.7136094109040678,-0.2968092520170693
-1.3211576245793297,1.1778009777151883,0.879382235420625
0.7997275354799528,-1.1132090133203263,0.7043615732711361
-0.6984694870784817,0.8334007829843535,-0.01798686181982305
-0.8482891893343251,0.6038006531638042,1.1923665533577268
0.9542291034312904,-0.6789652895292863,-0.2559623245500007
1.0057296260817363,-1.447626593711132,-0.5935284918777219
1.0104114917772304,-1.447626593711132,-0.5569978634471219
-1.3258394902748272,1.1927748992252178,-0.008669972436226159
1.0619120144276764,-1.3478004503108902,1.6163639770010754
-0.8904259805937826,0.8533660116644047,-0.6485876234892605
0.6639534303105918,-1.2679395355907,0.6687784251168342
0.13022074102414982,-0.46933038838878094,0.7652634999198452
0.7388632814385153,0.059748171632493303,-0.48730542534609217
-1.152610459541506,1.1029313701650052,-0.8171864748771743
-0.8482891893343251,0.7186007180740824,-0.07294071784510626
-1.236884042060418,2.0113492751071878,-1.228287639204245
-0.8763803835072967,0.8433833973243827,-0.22959079019304002
1.0900032086006481,-1.2529656140806633,1.1660476567938935
1.3615514189393632,-0.9534871838799455,-0.8807202911822672
0.5656342507051977,-0.09997365780788764,0.7990043253146795
-0.8201979951613534,1.5172098652760013,0.4289080018340605
1.8344198541843677,-0.808739275949594,-1.253343228733014
-0.6750601586010074,0.5988093459937897,-0.6322172698265565
1.464552464240255,-0.8536610404797038,-0.9127767071970156
-0.7078332184694733,0.7735050969442142,0.8342190089170877
1.1649130597285682,-0.8486697333096892,-0.6905925824051379
-0.46437620230372645,-0.4493651597087298,-0.4209291682121054
-0.562695381909124,0.4540614380634453,-0.05035910459333763
0.5094518623592543,-0.010130128747675132,0.3510040680051147
1.1321399998601023,-1.203052542380546,-0.2655950406923635
-0.7218788155559558,0.9531921550646464,-0.10736583455059971
-0.7499700097289275,0.9631747694046684,0.1617185639180284
0.7763182070024753,-1.1581307778504362,0.20567112117962938
-0.543967919127144,-0.2397302585682245,-0.034251939896271774
1.431779404371789,-0.5641652246190081,0.10539612527142578
-0.8763803835072967,0.6686876463739581,0.5944538612205696
0.9963658946907447,-1.287904764270751,1.1602574995498507
0.860591789521387,-0.7787914329295208,-0.8881948578063956
1.0759576115141622,-1.183087313700495,1.9469819556359447
1.1415037312510938,-0.8037479687795865,0.4957579991061961
-0.8201979951613534,0.5938180388237821,0.6261418126834245
-0.6656964272100158,0.48900058825352594,0.6187725216455512
1.0150933574727246,-1.4226700578610734,-0.33428736072396753
-0.6563326958190274,1.147853134695115,-0.052569891904699594
-1.3679762815342813,1.2576618924353786,-0.30112555105353794
-0.7967886666838793,0.6537137248639214,-1.2343936232070543
-0.8248798608568509,0.583835424483753,0.6458283473131715
-0.8061523980748709,0.7235920252440898,-0.4583020013327483
-0.7078332184694733,1.1179052916750418,-1.331194524768832
-0.8248798608568509,0.8234181686443315,-0.5405222341981625
0.7903638040889611,-1.118200320490341,0.12939895893764158
-0.7452881440334334,0.6187745746738408,-0.6541145917676654
-0.8201979951613534,0.7086181037340533,-0.7109634083455446
-0.7640156068154134,0.6437311105238994,-1.2836625975745495
-0.6656964272100158,0.5788441173137455,0.07686644139623097
0.9916840289952504,-1.4276613650310879,-0.1556346908486693
-0.42223941104427226,0.4790179739135039,0.6386169696546813
-0.918517174766751,0.8833138546844779,1.0028704980981293
-0.8389254579433334,0.8084442471342949,-0.06351855287525406
-0.7452881440334334,0.7735050969442142,0.6286684267535527
1.3849607474168408,-0.8985828050098136,0.47601882668332157
-0.9466083689397227,0.9232443120445731,-0.6854340786786267
-1.1385648624550204,1.167818363375159,-0.18937551624350327
1.4224156729808008,-0.8187218902896161,0.12445100638364084
-0.810834263770365,0.6786702607139872,-1.006629892343644
-1.3492488187523013,1.2277140494153056,-1.1480676424776821
-0.810834263770365,0.7385659467541265,0.18029970489209418
-0.5767409789956098,0.33427006598315245,-1.2067587818150296
-0.6376052330370441,0.5538875814636869,-0.6586940797697723
-0.8248798608568509,0.5888267316537675,1.1041456120757587
-0.7546518754244217,1.2676445067754007,0.13971596639066391
-0.6750601586010074,0.5439049671236578,-0.529573573227608
1.1274581341646082,-1.3128613001208096,0.9114386514353736
1.1134125370781223,-1.43764397937111,0.23556938767614358
1.0900032086006481,-1.233000385400619,-1.0704795354075027
-0.67037829290551,0.5339223527836358,0.13671561218238693
-0.7499700097289275,1.1228965988450563,0.016701443851308815
1.0525482830366881,-1.3278352216308462,2.3447657583017163
0.24258551771603323,-0.08499973629785104,-0.7379139584269095
-1.3492488187523013,1.1927748992252178,0.8007940102810202
0.9823202976042588,-1.4526179008811464,0.682937991468176
0.8184549982619328,-1.2629482284206852,1.9448764439108384
-0.7686974725109076,0.6836615678839947,-0.6946456924759681
-1.1572923252370038,1.1778009777151883,-0.6432185685902386
0.8652736552168813,-1.1731046993604728,0.7951617664163599
-0.6048321731685783,0.24442653692293997,-0.5850011693910401
-0.7780612039018993,0.7485485610941556,0.5380787847808395
-0.7171969498604617,0.7784964041142217,-0.032725443895569514
-0.7031513527739758,0.6636963392039505,0.9587600274571453
0.879319252303367,-0.6340435249991765,0.01322734950488278
0.9776384319087646,-1.4226700578610734,0.07181321325597513
-0.7452881440334334,0.6886528750540092,-0.8896160782208427
0.8933648493898529,-1.372756986160949,0.635195513101383
1.3849607474168408,-0.8686349619897404,-0.3682387372913119
-0.8342435922478393,0.7235920252440898,0.2607828905842957
-0.8342435922478393,0.5888267316537675,0.9696560506345719
-0.7874249352928876,0.6487224176939139,-0.8075537587348115
1.1134125370781223,-1.1631220850204507,-0.18832276038094983
-1.3117938931883413,1.1877835920552102,0.2426754897483783
-1.0308819514586345,0.9731573837446904,-0.2922297640149623
-0.8904259805937826,0.8284094758143461,0.47017603164615024
-0.7406062783379391,1.2926010426254593,1.789752867563607
-0.24432851461545713,-0.5142521529188837,-0.8465057256492842
-0.6422870987325416,0.6038006531638042,1.5619364989070683
1.0946850742961423,-1.2080438495505534,1.2332134808247952
-1.4101130727937388,1.2376966637553275,-0.8817730470448204
0.26599484619351077,-0.1648606510180486,-1.0504771740189895
1.7361006745789735,-0.33955640196846615,-0.36134318639158763
-0.7967886666838793,1.147853134695115,-0.4034534208937204
0.804409401175447,-1.2529656140806633,2.01925364560023
-1.2322021763649238,1.1528444418651225,0.48080886585793875
0.9542291034312904,-1.233000385400619,1.147203326854189
-0.7312425469469475,0.9382182335546098,-0.00635390953860888
1.4598705985447609,-0.8486697333096892,-0.6063194756077449
0.7997275354799528,-1.1531394706804217,-0.7638117526457212
0.9401835063448046,-0.7039218253793449,-0.38476700433339905
-0.6235596359505616,0.15957431503273492,0.5325518165024343
-0.5767409789956098,-0.10995627214791677,3.062376792011185
-0.7780612039018993,0.5988093459937897,-0.5917914447045091
1.0900032086006481,-0.8237131974596306,-0.9912596567503654
-0.9231990404622484,0.988131305254727,0.6780953145004308
0.21449432354306489,0.27437437994301317,-0.4459847577408744
-0.8248798608568509,0.583835424483753,0.7142574783791371
0.8886829836943587,-1.3577830646509195,-0.44366869484325716
1.1040488056871338,-1.233000385400619,-0.3530264150774164
-0.7593337411199192,0.5389136599536503,-0.9993132390988984
0.785681938393467,-1.2280090782306046,0.7791072395124213
1.4224156729808008,-0.8985828050098136,-0.6925401807508614
-0.8857441148982851,0.7784964041142217,1.1528882085119772
0.9589109691267846,-0.7139044397193669,0.5894006330803138
0.19576686076108155,0.2244613082428888,-0.9069339121598448
-0.7827430695973934,0.6287571890138628,-1.2331303161719902
0.4860425338817801,-1.0383394057701505,-0.5149402667381169
0.6030891762691577,-1.1032263989803044,0.2736791499005737
-0.13664560361906788,0.2693830727729986,-0.4327200338727027
0.4860425338817801,-1.0233654842601139,-0.7041731330320756
-0.7359244126424417,0.6487224176939139,-0.9942600109586425
-0.562695381909124,-0.010130128747675132,0.17645714599377463
0.5469067879232143,-0.1049649649779022,-0.5112556212191802
-0.9138353090712568,0.8932964690244999,1.1542041533401686
0.9870021632997563,-1.297887378610773,-0.8311354900560058
1.0197752231682222,-1.3378178359708683,-0.3398669667955
-0.6376052330370441,0.3891744448532843,0.37511217725758605
1.1087306713826282,-0.8935914978397991,0.7641581062641645
0.5609523850097001,-0.11494757931792424,0.2425702141621232
-0.6750601586010074,0.583835424483753,-0.4375100730473203
-0.8342435922478393,0.5788441173137455,0.2917865507364906
-0.7827430695973934,0.7036267965640458,-0.751389233467592
-0.8061523980748709,1.0380443769548513,-0.30791582636700693
-0.7874249352928876,0.7735050969442142,0.2216203724973119
-1.3913856100117588,1.2376966637553275,-0.26091027710400116
-0.7078332184694733,0.6786702607139872,-0.09799630737387528
1.483279927022235,-0.2547041800782611,0.3970621369918225
1.3100508962889175,-1.5873831944714687,-0.6337437658272587
-0.14132746931456538,0.2244613082428888,0.6489866149008316
-0.8670166521163051,1.5671229369761186,1.1964723012216845
-0.7078332184694733,0.8483747044943901,-0.007143476435523899
1.1508674626420856,-1.4925483582412418,0.15782336722658086
-0.7359244126424417,0.7235920252440898,-0.8656658823477545
0.4485876083178201,-1.1581307778504362,-0.386504051506612
-0.30519276865689465,1.3574880358356203,-0.637954789277472
1.0900032086006481,-0.8686349619897404,-0.13752729001275235
-0.7546518754244217,0.573852810143731,-0.23359126247074266
0.9729565662132704,-1.43764397937111,0.27052088231291366
-0.1132362751415937,0.2843569942830352,-0.052569891904699594
-1.1760197880189838,1.2376966637553275,-0.7065418337228206
1.375597016025849,-0.8736262691597478,-0.09525914213123648
1.0900032086006481,-1.213035156720568,-0.08983744943908692
-0.7218788155559558,0.9232443120445731,-0.03941044362278316
-0.67037829290551,0.7036267965640458,-0.02651418430650492
1.619054032191596,-0.9884263340700261,-1.2500796855590988
0.3174953688439566,-0.08000842912784356,-0.548786367719206
1.5581897781501584,-1.627313651831564,-1.0535301660203942
1.3428239561573831,-0.9634697982199675,-0.06804540308423329
1.2257773137700056,-0.7438522827394402,-0.11468248779534529
2.1153317959140745,-1.3378178359708683,-0.754389587675869
1.2772778364204516,-1.213035156720568,-0.277333268559833
-1.3071120274928438,1.3225488856455325,0.41938056127795276
0.6405441018331177,-0.9934176412400406,-0.7011201410306711
-0.8342435922478393,0.6087919603338188,0.9327043198589506
-0.7406062783379391,0.6337484961838774,-1.1315393754355951
-0.7265606812514533,0.978148690914705,0.4442782374273387
-0.7312425469469475,0.8383920901543681,0.057969473663398774
0.949547237735793,-0.6939392110393158,0.21667241994331163
2.6631100822870026,-2.1364269831727873,-1.4854758964260206
0.8840011179988646,-0.7837827400995354,-0.37171283163773794
-1.058973145631606,1.157835749035137,-0.9873118222657905
-0.6797420242965017,0.5638701958037089,-0.8622444257944563
-0.7874249352928876,0.6786702607139872,-1.101641108939081
-0.5018311278676865,0.7485485610941556,0.1906693501382445
-1.2275203106694295,1.2876097354554519,2.042888014714552
-1.2509296391469038,1.2227227422452909,1.1300434062945701
-0.4550124709127381,-0.4493651597087298,0.5542912250641606
-0.9138353090712568,0.9631747694046684,1.387652765861367
-0.6656964272100158,0.4790179739135039,0.8327451507095133
-0.6844238899919958,0.4790179739135039,0.005910696260137209
-0.7967886666838793,0.6237658818438553,0.5741883108664183
-0.7593337411199192,0.7136094109040678,-0.7778660434108079
-0.7827430695973934,0.6187745746738408,-0.8267665532264097
-0.899789711984771,0.7934703256242583,0.9537067993168895
-1.1760197880189838,1.2476792780953567,-0.7677069493371684
0.9870021632997563,-1.203052542380546,2.1416365146220535
0.8137731325664354,-1.1231916276603484,0.2874176139068943
0.8652736552168813,-1.3278352216308462,-0.2995990550528357
-0.7265606812514533,1.1129139845050273,-0.3356559433452867
1.3615514189393632,-1.0483220201101724,0.19609104283039408
0.9401835063448046,-0.7039218253793449,-0.9079340302292704
1.319414627679909,-1.5674179657914176,-0.21880004260186842
0.8933648493898529,-1.2080438495505534,0.03880931696492839
0.33154096593044247,-0.04007797176774833,-1.0621101263002037
2.424334931816753,-2.266200969593102,-0.693277109854649
-0.7686974725109076,0.6886528750540092,-0.6334279390684927
-0.8716985178117993,0.6986354893940312,-0.45024841898421547
-0.7593337411199192,0.6936441822240167,-0.6496930171449414
-0.8716985178117993,0.7784964041142217,0.81658534821932
-0.899789711984771,0.8433833973243827,-0.36660696570435436
0.9261379092583187,-1.2080438495505534,0.40801079796237727
1.450506867153769,-0.7188957468893815,0.45106851274080767
-0.67037829290551,0.6038006531638042,-0.707436676205991
-0.9512902346352169,0.9382182335546098,-0.20827248397633524
-0.9419265032442286,0.9531921550646464,1.2354242681361571
-0.7593337411199192,0.7285833324141044,-0.8771935590427135
1.3287783590708975,-1.5823918873014542,-0.4207186170395948
-0.792106800988385,0.7036267965640458,0.4738080393719596
-0.773379338206405,0.658705032033936,-1.1226962261901472
-0.7686974725109076,0.7435572539241411,-0.13215823511373032
-0.8670166521163051,0.573852810143731,2.223962023073723
-0.9278809061577427,0.9282356192145877,2.4940465396117766
-0.918517174766751,0.8833138546844779,2.3230789875331173
1.3147327619844116,-1.5823918873014542,-0.6385338050018763
0.9542291034312904,-0.723887054059389,-0.630848687205237
-0.6610145615145216,0.5688615029737164,0.20788190849099134
-0.7780612039018993,1.0979400629949907,-0.6791701812964344
-0.6984694870784817,0.978148690914705,0.868065109898177
-0.67037829290551,0.6237658818438553,0.06102246566480353
-0.6937876213829874,0.18453085088279356,-1.2598176772877168
-1.3445669530568072,1.3225488856455325,1.0788268335813513
-0.6891057556874933,0.1945134652228156,-0.1137350075190474
-0.7874249352928876,0.6886528750540092,-0.41445471965740266
-0.8951078462892768,1.6619577732063526,-0.05035910459333763
-0.6563326958190274,0.658705032033936,0.42875008845467744
-0.6984694870784817,0.6736789535439726,0.881645660525115
-1.3352032216658154,1.9913840464271437,1.0072920727208532
-0.1834642605740196,0.2793656871130206,-0.3925047599231659
-0.0710994838821395,-0.5392086887689495,-0.3398669667955
-0.6797420242965017,0.7086181037340533,-0.2938088978087924
1.5254167182816925,-0.8636436548197258,-0.4653554656118554
0.7997275354799528,-1.108217706150319,0.5585548863075015
-1.3492488187523013,1.2277140494153056,-0.9376743833464015
0.8652736552168813,-0.6939392110393158,-0.4665134970606642
0.9448653720402987,-1.2579569212506778,0.27320540976242486
-0.7218788155559558,0.7635224826041851,-0.5460492024765674
-0.7312425469469475,0.6487224176939139,-1.1417511073023623
1.0712757458186681,-1.4775744367312051,0.002278688534328311
-0.3754207540893206,0.2094873867328522,0.3693746578066703
0.3128135031484591,0.18453085088279356,-1.3297733043543847
-0.5861047103865983,0.5189484312735991,-0.3388142109329468
-0.810834263770365,0.733574639584119,0.23914875760882495
-0.899789711984771,0.8034529399642875,0.38190245257105454
-0.7499700097289275,0.8234181686443315,0.12692498266064098
-0.59546844177759,-0.06503450761780696,0.45817461481304284
1.0244570888637163,-1.3577830646509195,-0.6885923462662866
-0.773379338206405,0.6337484961838774,-0.43435180545966023
-0.6376052330370441,0.5638701958037089,-0.268648032693768
0.9589109691267846,-1.457609208051154,0.7687375942662715
-0.843607323638831,0.7285833324141044,0.8980160141878187
-0.6282415016460557,0.4191222878733575,1.8340738893771018
-0.562695381909124,-0.08000842912784356,0.34589820207173133
1.3615514189393632,-0.9285306480298868,-0.3793453116412495
-0.7171969498604617,0.7186007180740824,-0.6865921101274353
-0.918517174766751,0.8783225475144634,1.753801254857411
-0.9138353090712568,1.701888230566448,-0.8436632848203903
-0.5580135162136298,-0.12493019365794628,0.5286566198109873
-1.3258394902748272,1.2476792780953567,0.6882544085740705
1.1134125370781223,-1.1132090133203263,-0.18569087072456658
1.4551887328492668,-0.8736262691597478,0.27320540976242486
0.3128135031484591,-0.1049649649779022,-0.896195802361801
-0.8670166521163051,0.7635224826041851,1.0000280572692355
1.431779404371789,-0.9435045695399163,-0.2938088978087924
-0.7031513527739758,0.6686876463739581,0.4116954434813137
2.36815254347081,-1.128182934830363,-0.3793453116412495
1.4177338072853034,-0.8736262691597478,0.6355113398601492
1.0197752231682222,-1.3328265288008536,1.1367284060217837
-0.8201979951613534,0.5788441173137455,1.6915307455873823
-0.9512902346352169,0.9581834622346538,0.6644621260803648
0.7903638040889611,-1.1880786208705094,-0.38155609895261144
1.2819597021159457,-1.6123397303215274,0.15919194984790025
-0.6469689644280358,0.5389136599536503,0.6066658292261882
1.0150933574727246,-1.3228439144608317,-0.3197593298207317
1.4411431357627809,-0.3744955521585468,-0.16000362767826565
-0.7171969498604617,0.8284094758143461,0.19967041276307543
1.2585503736384716,-1.3677656789909414,-0.3082842909189004
1.4364612700672867,-0.9385132623699088,0.06033817435414383
1.0759576115141622,-1.542461429941359,0.16240285522868786
1.0150933574727246,-1.3328265288008536,-0.8427158045440925
-0.881062249202791,0.8883051618544854,2.9023579009030804
-0.562695381909124,-0.09997365780788764,0.6613564962858333
-0.6891057556874933,0.5788441173137455,1.3157495404489756
1.356869553243869,-0.9385132623699088,-0.7351241553911433
-0.862334786420811,0.658705032033936,-0.6086881762984897
0.4813606681862826,-1.0383394057701505,-0.33433999851709506
-0.6844238899919958,0.6337484961838774,-0.3766607841917385
2.171514184260018,-0.8386871189696672,-0.6556937255614954
1.0197752231682222,-0.808739275949594,-0.5993186491217652
-0.881062249202791,0.6337484961838774,-0.1921653192792696
-0.65165083012353,1.1228965988450563,-1.0233687105582416
1.5862809723231301,-0.6190696034891399,-0.5554187296532918
-1.0683368770225945,0.6237658818438553,-0.9015648572608227
-0.8904259805937826,0.6287571890138628,0.7255219661084575
1.394324478807829,-0.8886001906697845,-0.5747367997311453
-0.773379338206405,0.6836615678839947,-0.9846799326094072
-1.3071120274928438,1.157835749035137,3.634339052136403
-1.2649752362333895,1.242687970925342,1.1659423812076384
0.7997275354799528,-1.1581307778504362,-1.1579635475856835
-0.7406062783379391,0.8034529399642875,0.4030628454083765
-0.0195989612316903,0.11465255050262514,-0.7776028544451695
1.0010477603862422,-1.3028786857807877,-0.5569978634471219
-0.8763803835072967,0.6886528750540092,0.4170118605872077
-0.9419265032442286,0.8234181686443315,0.7216267694170104
1.2304591794654998,-1.2080438495505534,1.1651528143107233
-1.0121544886766545,0.9332269263845951,-0.01598662568097173
-0.6610145615145216,0.6087919603338188,0.13661033659613184
-0.810834263770365,0.8533660116644047,1.6005200012696479
1.3006871648979257,-1.6223223446615496,-0.5714732565572299
-0.8061523980748709,0.6487224176939139,-1.4213104266033958
0.9027285807808446,-1.372756986160949,-0.5335214077121828
1.0665938801231705,-1.3777482933309635,-1.445260622476484
-1.3632944158387872,1.2376966637553275,-1.1455410284075542
0.9401835063448046,-0.7089131325493524,-0.5878962480130617
-0.9419265032442286,0.9332269263845951,-0.07083520611999963
-0.7359244126424417,0.5688615029737164,1.86928857297951
1.483279927022235,-1.7171571808917836,-0.18690153996650288
2.1246955273050663,-0.6839565966992938,-0.8724561576612235
-0.773379338206405,0.6237658818438553,-0.8721403309024576
-0.8482891893343251,0.6836615678839947,0.731627950111267
0.8980467150853471,-1.2379916925706267,0.6639883859422164
-1.040245682849626,1.7767578381166238,-0.5275733370887566
-0.8389254579433334,0.8883051618544854,2.3805068198354014
1.5488260467591668,-1.787035481271952,-0.6072143180909152
-1.3305213559703213,1.157835749035137,-0.7872882083806602
1.0946850742961423,-1.522496201261315,2.0159901024263145
-0.44096687382625227,0.6836615678839947,0.5286566198109873
-0.6984694870784817,1.053018298464888,-1.5675908537051795
-0.7499700097289275,0.6786702607139872,-0.6386917183812592
1.0244570888637163,-1.3428091431408828,-1.5370609336911332
2.457107991685219,-2.201313976382948,-0.6202684907865763
1.352187687548375,-0.9185480336898577,-1.0536880793997772
-0.14600933501005955,0.3093135301330938,-0.31417972374919906
-0.3426476942208547,-0.39945208800861254,0.4793350076503643
1.0150933574727246,-1.4326526722010953,0.6142456714365722
-1.3117938931883413,1.327540192815547,0.1233456127279601
-0.7499700097289275,0.6137832675038262,-1.164648547312897
-0.7452881440334334,0.6387398033538848,-0.9633616263927025
-0.862334786420811,0.8783225475144634,-0.06351855287525406
1.1976861195970339,-0.22974764422820246,-0.9188826911998249
0.860591789521387,-1.2928960714407585,0.8034258999374034
-0.8904259805937826,0.8383920901543681,-0.4149284597955517
1.4224156729808008,-0.8935914978397991,-0.8615601344837966
-0.7031513527739758,1.6270186230162649,-1.1919149241530278
-0.6656964272100158,0.49898320259355505,1.0575611651577743
-0.7078332184694733,0.6137832675038262,0.19519620034722396
-0.8201979951613534,0.8433833973243827,-0.44445826174017217
-0.6750601586010074,0.38418313768327683,2.5156806725872474
1.2679141050294631,-1.2080438495505534,0.0908680943681902
-0.7265606812514533,0.6537137248639214,-1.0928505974867606
-0.8248798608568509,0.6038006531638042,-0.23680216785153027
1.0150933574727246,-1.3128613001208096,0.6567770082837262
-0.6984694870784817,0.7385659467541265,0.7722116886126973
-1.3539306844477954,1.1927748992252178,-0.36618586335933306
1.033820820254708,-0.6989305182093304,-0.5198882192921174
-1.3726581472297754,1.2876097354554519,0.09144711009259457
-1.3445669530568072,1.2227227422452909,-0.758495335539827
0.43454201123133424,-1.1731046993604728,0.8662754249318363
0.42986014553583674,-1.1731046993604728,-0.31354807023166714
1.909329705312291,-1.1032263989803044,-0.9188826911998249
-0.7874249352928876,0.6287571890138628,-0.31575885754302907
-0.843607323638831,0.6137832675038262,0.8044786557999566
1.3475058218528775,-0.9884263340700261,1.3973381197968573
1.9467846308762513,-1.3378178359708683,-0.43361487635587304
-0.7406062783379391,1.1877835920552102,0.005752782880754345
0.9729565662132704,-1.287904764270751,-0.36976523329201416
-1.4288405355757188,1.242687970925342,-0.31686425119871003
-1.3445669530568072,1.2077488207352542,-0.43487818339093687
-0.7499700097289275,0.6337484961838774,-1.100483077490272
-1.0308819514586345,0.978148690914705,-0.7980789559718318
-0.8155161294658593,0.6886528750540092,-0.9658882404628306
-0.6750601586010074,0.2843569942830352,0.2216203724973119
2.1668323185645204,-1.3128613001208096,-0.3578690920451618
0.574997982096186,-0.20479110837814382,-0.4459847577408744
-0.63292336734155,0.26439176560298405,0.37511217725758605
0.9823202976042588,-1.2429829997406412,1.6771079902704018
-0.7312425469469475,0.6886528750540092,-0.26091027710400116
1.0291389545592105,-1.3128613001208096,2.3846652054924866
-0.7499700097289275,0.573852810143731,0.34589820207173133
-0.6610145615145216,0.6087919603338188,-0.44514255305083184
-0.6750601586010074,0.35423529466320364,1.2234228513030492
-0.8155161294658593,0.6537137248639214,-0.1589508718157122
-1.3539306844477954,1.2876097354554519,-0.3650804697036521
-0.8014705323793734,0.8383920901543681,-0.019671271199908406
-0.6797420242965017,0.7235920252440898,-0.2068512635618883
-0.7967886666838793,1.3375228071555691,-0.9333054465168054
-0.9512902346352169,0.8034529399642875,0.7172578325874142
0.949547237735793,-1.2529656140806633,-0.6885923462662866
-0.43628500813075477,-0.4493651597087298,0.3099465893655356
-1.3679762815342813,1.2876097354554519,0.010384908675988902
-0.8670166521163051,0.6836615678839947,-1.1392244932322344
0.9870021632997563,-1.1780960065304873,1.5843601987794547
-0.7312425469469475,0.6686876463739581,-0.9993132390988984
-1.3539306844477954,1.1778009777151883,-0.8277140335027076
1.0900032086006481,-1.2080438495505534,0.9035429824662239
0.42986014553583674,-0.10995627214791677,-0.9733101692938315
-0.5861047103865983,0.2244613082428888,0.1075542747896602
-0.8670166521163051,0.6936441822240167,-1.3665144839574956
1.1274581341646082,-0.8237131974596306,0.8774346370749017
-0.7218788155559558,0.5688615029737164,2.164902419184482
-1.1432467281505179,1.1179052916750418,-0.4732511345810054
-0.9793814288081886,0.9282356192145877,1.851339085522976
1.0806394772096564,-1.3777482933309635,0.09576340912906293
0.7997275354799528,-1.2080438495505534,0.7381550364590974
1.0057296260817363,-1.4526179008811464,-0.14958134463898778
-1.3820218786207672,1.23270535658532,-0.9764684368814913
1.2210954480745115,-1.522496201261315,0.08602541740044453
1.352187687548375,-0.9285306480298868,-0.6742222287424339
0.804409401175447,-1.213035156720568,0.6825695269162823
0.5094518623592543,-0.12493019365794628,-1.1723336651095362
-0.7265606812514533,0.6387398033538848,-1.1528050438591722
-0.67037829290551,0.5239397384436137,0.5471851229919255
-0.6656964272100158,0.6836615678839947,2.0880512412180896
0.9916840289952504,-0.6390348321691839,-1.1820716568381544
-0.67037829290551,0.6237658818438553,0.5884531528040157
1.1134125370781223,-1.1581307778504362,0.11923986486400191
-0.63292336734155,1.1778009777151883,0.9850789240209782
0.823136863957427,-1.2629482284206852,-0.14726528174137052
-0.843607323638831,0.6038006531638042,0.9109649112972248
-0.7452881440334334,1.1628270562051517,1.225370449648773
-0.792106800988385,0.6836615678839947,-0.07083520611999963
1.0104114917772304,-1.2928960714407585,1.112883485734951
1.0010477603862422,-1.43764397937111,-0.1556346908486693
-0.6797420242965017,0.19950477239283018,-0.5047285348713496
1.2772778364204516,-1.1930699280405168,-0.5933705784983391
0.8746373866078729,-0.8187218902896161,-0.4583020013327483
-0.881062249202791,0.6287571890138628,1.2719022587736302
-0.8482891893343251,0.8433833973243827,1.1465190355435295
1.1321399998601023,-1.3278352216308462,-0.6942772279240745
-1.0308819514586345,0.5439049671236578,-0.6666423865320499
0.9074104464763387,-0.7039218253793449,-0.6474822298335795
-0.7780612039018993,0.6287571890138628,-0.5679465244176763
1.1227762684691138,-0.8686349619897404,-0.06809804087736107
-0.3098746343523888,-0.42939993102868573,0.07465565408486902
1.450506867153769,-0.6340435249991765,-0.5210988885340537
-0.7265606812514533,0.6986354893940312,-0.26091027710400116
-0.6563326958190274,0.5039745097635625,0.43359276542242264
-0.8014705323793734,0.6387398033538848,-0.5968446728447648
0.8886829836943587,-1.3677656789909414,1.0965657698653746
-0.7125150841649674,0.6686876463739581,-0.27991252042308845
-0.6750601586010074,0.6287571890138628,-0.42540338062795713
0.5515886536187118,-1.0133828699200846,0.7104149194808176
1.0806394772096564,-1.3777482933309635,-0.15047618712215813
-0.9091534433757626,2.500497377768367,-1.1684384684180888
-1.1760197880189838,1.212740127905269,0.5420792570585421
-0.899789711984771,1.6669490803763602,-0.7509681311225707
0.7810000726979694,-0.4593477740487518,-1.3465647603621103
-0.8389254579433334,0.7385659467541265,0.48480933813564137
0.8746373866078729,-1.4775744367312051,1.2206330482672834
-1.2275203106694295,1.2476792780953567,0.699624171889646
1.394324478807829,-1.6223223446615496,0.08355144112344438
-0.7827430695973934,0.6636963392039505,-0.6831180157810093
0.45326947401331424,-1.1631220850204507,-0.42540338062795713
1.4364612700672867,-0.9484958767099309,-0.12931579428483644
0.2987679060619766,0.15957431503273492,-0.6227951048567042
-1.3352032216658154,1.327540192815547,1.9103986894122171
-0.7640156068154134,1.1029313701650052,-0.26764791462434234
1.9186934367032795,-1.1331742420003776,-1.5179007769926627
-0.7312425469469475,1.1129139845050273,-0.9604139099775533
-0.7686974725109076,0.6087919603338188,0.62150968688819
-1.3258394902748272,1.3025836569654885,-1.0711638267181622
-1.2977482961018554,1.3025836569654885,0.2968924166698745
-0.6563326958190274,0.254409151262962,0.7387866899766298
1.5581897781501584,-1.5274875084313224,-1.116274415428572
1.0244570888637163,-1.3577830646509195,1.1831023017672573
1.0759576115141622,-0.33955640196846615,-0.26091027710400116
2.489881051553685,-2.25621835525308,-0.674485417708072
0.5281793251412343,-0.08499973629785104,-1.090271345623505
-0.7593337411199192,0.6387398033538848,-0.7771817521001483
-0.7874249352928876,1.0779748343149467,-0.480251961066985
-0.67037829290551,0.5239397384436137,0.25604548920280557
-0.7780612039018993,0.8683399331744412,1.6645275577128895
-0.7359244126424417,0.6636963392039505,-1.4068876712864156
-0.7265606812514533,0.7285833324141044,-0.24954051378842543
0.9074104464763387,-0.6889479038693083,-0.3990844840641242
-0.9512902346352169,0.9282356192145877,-0.16768874547490498
1.4411431357627809,-0.8586523476497183,-0.15463457277924364
-0.6563326958190274,0.18952215805280814,0.33126489558224015
-0.937244637548731,0.8234181686443315,-0.1866383510008647
1.375597016025849,-0.883608883499777,0.31031505391742936
1.352187687548375,-0.9235393408598722,-0.6912768737157976
-0.7359244126424417,0.5688615029737164,0.7932668058637637
-1.3726581472297754,1.212740127905269,-1.019526151659922
0.518815593750246,-0.12493019365794628,-1.0390547729102861
-0.67037829290551,0.4939918954235405,0.6714629525663449
-0.7640156068154134,0.6237658818438553,-0.7434409267053145
1.2304591794654998,-1.2280090782306046,-0.48062042561887874
-0.843607323638831,0.7635224826041851,0.09702671616412678
-0.810834263770365,0.6686876463739581,-0.7369664781506114
-1.3305213559703213,1.3025836569654885,-0.6517985288700481
1.1274581341646082,-0.3645129378185248,-0.3069683460907088
-0.12728187222807955,0.29433960862305725,-1.3733047592709644
1.0900032086006481,-0.8886001906697845,1.0679308104039242
-0.8389254579433334,0.6387398033538848,-0.19016508314041827
-0.7359244126424417,0.6736789535439726,3.3455154812449
-0.6844238899919958,1.2526705852653641,-0.609898845540426
-0.7780612039018993,0.6736789535439726,-0.6486402612823883
-1.3679762815342813,1.212740127905269,-1.2166020491299032
-0.7312425469469475,0.5938180388237821,0.325790565096963
2.429016797512247,-0.9185480336898577,-0.8060799005272368
2.307288289429376,-1.3877309076709856,-1.0373177257370731
-0.7640156068154134,0.7635224826041851,0.6989398805789865
-0.9278809061577427,0.8334007829843535,1.4535026450640773
0.8090912668709411,-1.1930699280405168,-0.1846381148620134
0.33154096593044247,-0.03508666459773377,-1.0580570162293736
-0.3426476942208547,1.2726358139454153,-1.168122641659323
-0.6610145615145216,0.5289310456136211,0.5231822893257102
-0.7686974725109076,0.7235920252440898,-0.7626010834037849
-1.0121544886766545,0.9681660765746829,1.298168517544335
-0.8014705323793734,0.6986354893940312,-0.3778714534336748
-0.7874249352928876,0.6686876463739581,-1.5549577833545396
-0.6891057556874933,0.6237658818438553,0.23509564753799475
0.9074104464763387,-1.3627743718209269,0.48480933813564137
-0.7031513527739758,1.0979400629949907,-0.8027637195601939
1.0525482830366881,-1.22301777106059,1.8436539677263366
1.8156923914023877,-0.9884263340700261,-0.9658882404628306
-0.7078332184694733,0.6686876463739581,0.33594965917060227
-1.3258394902748272,1.2626531996053862,0.9848157350553399
-0.63292336734155,0.5089658169335771,2.232805172319171
1.2351410451609974,-1.2080438495505534,-0.35413180873309735
-0.8389254579433334,0.7535398682641631,0.0966056138191055
1.427097538676295,-0.8586523476497183,-0.17174185554573515
-0.6610145615145216,0.658705032033936,0.8766977079711142
-0.6750601586010074,0.1945134652228156,-1.2149702775429456
1.3334602247663916,-0.9484958767099309,-0.6487455368686436
1.0431845516456963,-1.457609208051154,0.352214737247051
1.1555493283375797,-1.3378178359708683,-0.589896484151913
-0.7265606812514533,0.733574639584119,-0.7214909669710777
0.8980467150853471,-1.3677656789909414,-0.32670751851358354
-0.9278809061577427,0.818426861474317,0.2897336768045118
-0.792106800988385,1.127887906015064,0.7372601939759272
-0.8295617265523451,0.8034529399642875,-0.273227520695875
2.0778768703501145,-1.9168094676922598,-1.597278569029183
1.1040488056871338,-0.8436784261396818,-0.8092381681148969
-0.9700176974171969,0.8783225475144634,3.731718969422585
-0.4690580679992206,0.7385659467541265,-0.9993132390988984
-1.4288405355757188,1.2277140494153056,-0.6694848273609437
-0.8763803835072967,0.8733312403444559,1.2757974554650773
-0.7827430695973934,0.6187745746738408,-0.9816795784011303
1.2257773137700056,-1.2180264638905827,0.4249075295563579
1.7267369431879818,-2.0615573756226113,-0.4019269248930181
1.782919331533922,-2.106479140152721,-0.5734208549029537
-0.7593337411199192,0.6237658818438553,-0.7249650613175038
-0.6797420242965017,0.5988093459937897,-0.4989383776273063
0.766954475611487,-1.1930699280405168,0.8655911336211769
-0.6750601586010074,0.5289310456136211,0.7538410988111423
-1.3679762815342813,1.2826184282854374,-0.0766780011571705
-0.7967886666838793,0.818426861474317,-0.8823520627692248
-0.0710994838821395,-0.5491913031089715,-0.277333268559833
1.319414627679909,-0.6540087536792205,-0.6964353774423088
0.9963658946907447,-1.3128613001208096,-1.295400825442019
-0.8716985178117993,0.7036267965640458,-0.4907268818993904
-0.8904259805937826,0.7884790184542508,-0.01798686181982305
-0.7031513527739758,0.7635224826041851,0.4075896956173555
-0.7499700097289275,0.5888267316537675,-0.07899406405478776
1.1274581341646082,-0.8287045046296452,1.2158430090926657
-0.9044715776802651,1.2077488207352542,-0.388872752197357
1.0385026859502022,-1.3328265288008536,0.5756621690739928
-0.23964664891996296,-0.5192434600888982,-0.6798018348139663
0.9401835063448046,0.27437437994301317,-0.33033952623939244
1.0900032086006481,-0.8237131974596306,-0.6556937255614954
-0.9091534433757626,1.6919056162264188,-0.7872882083806602
0.4392238769268284,-0.9235393408598722,-0.522783297914139
-0.8014705323793734,0.7485485610941556,-0.13089492807866646
1.0057296260817363,-1.307869992950795,0.23256903346786661
-0.8061523980748709,0.7136094109040678,0.31810544730032353
1.0385026859502022,-1.352791757480905,-1.085744495414526
-0.7874249352928876,0.6437311105238994,-0.9090394238849514
-0.13196373792357372,0.2843569942830352,-0.8712454884192873
1.2866415678114431,-1.6223223446615496,0.3382130842750922
-0.8248798608568509,0.7934703256242583,-0.03362028637873985
1.1134125370781223,-0.8786175763297625,0.761842043366547
1.0946850742961423,-0.8736262691597478,-0.288018740564749
1.3147327619844116,-1.5574353514513957,-0.16768874547490498
1.1602311940330738,-1.3278352216308462,0.06807592994391068
0.9963658946907447,-1.3178526072908172,-1.1138530769446995
1.0010477603862422,-1.4176787506910586,-0.6644842370138156
-0.7078332184694733,0.7385659467541265,0.9182815645419701
-0.7499700097289275,0.6237658818438553,-0.9296208009978687
0.6264985047466318,-1.1930699280405168,-0.41740243607255184
1.1508674626420856,-0.4942869242388396,-0.7923414365209159
-0.8716985178117993,0.7435572539241411,-1.0334225290456258
-0.7640156068154134,0.6487224176939139,-1.1398561467497663
1.3990063445033234,-0.8985828050098136,-1.1595426813795136
-0.7406062783379391,0.5938180388237821,-0.3330240536889035
0.6499078332241094,-0.00014751440764600325,-0.2835445281488976
1.1087306713826282,-1.148148163510414,0.5177079588404325
-0.7546518754244217,0.6487224176939139,-1.5513784134218582
1.923375302398777,-1.138165549170385,-0.8355570646787297
0.9401835063448046,-1.2529656140806633,-0.38355633509146275
-0.1132362751415937,0.3143048373031084,2.055205258306426
2.176196049955512,-2.1314356760027797,-0.9340423756205927
0.7763182070024753,-1.2729308427607144,2.4997314212695647
-0.8248798608568509,0.6836615678839947,0.040125261793120016
0.5094518623592543,-0.08499973629785104,-0.9160402503709311
-0.8061523980748709,0.6287571890138628,0.20472364090333126
-0.8763803835072967,0.8733312403444559,1.4002331984188794
-0.773379338206405,0.6537137248639214,-1.3892013727955197
1.3475058218528775,-0.7438522827394402,1.5876763797464974
1.427097538676295,-0.7588262042494768,0.44090941866716843
1.1415037312510938,-1.4875570510712273,1.5015083123965085
0.9916840289952504,-0.9385132623699088,0.3930090269209924
0.9776384319087646,-1.43764397937111,0.18214202765156287
-0.14600933501005955,0.26439176560298405,-1.4057822776307343
0.8137731325664354,-1.2729308427607144,3.613494486057847
-0.8904259805937826,0.8334007829843535,-0.08209969384932006
1.0197752231682222,-1.3278352216308462,0.4738080393719596
-0.8201979951613534,0.6087919603338188,0.27862710245457445
0.9823202976042588,-1.4326526722010953,0.4793350076503643
1.0572301487321822,-1.3378178359708683,1.4965603598425077
1.6518270920600584,-0.7139044397193669,-0.3102318892646242
-0.6750601586010074,0.5538875814636869,1.1809441522490232
-1.218156579278438,1.147853134695115,0.526024730154604
-0.7359244126424417,1.1179052916750418,-1.486370738909191
-0.899789711984771,0.903279083364522,-0.34097236045118096
1.0057296260817363,-1.3278352216308462,-0.4447740884989381
0.5234974594457401,-0.09498235063788016,-1.3770946803761563
-0.7312425469469475,0.6986354893940312,-0.19763964976454673
0.8137731325664354,-1.203052542380546,0.6440386623468308
-0.7967886666838793,0.5988093459937897,-0.5131505817717762
0.5047699966637601,0.004843792762361468,-0.6824863622634774
0.631180370442126,-0.5292260744289202,-0.9533604456984461
1.6471452263645643,-1.0034002555800627,-1.030895914975498
2.410289334730267,-2.2911575054431608,-0.037199656311421206
-0.7499700097289275,0.5538875814636869,-0.8376099386107088
1.0900032086006481,-0.8436784261396818,-0.7214909669710777
0.6499078332241094,-1.0083915627500772,0.29089170825332056
-0.8389254579433334,0.8483747044943901,0.1061856921683408
1.0900032086006481,-1.1930699280405168,0.7073619274794131
-0.918517174766751,1.6919056162264188,-0.8719824175230745
0.9682747005177763,-0.723887054059389,-0.277333268559833
-0.810834263770365,0.6786702607139872,-0.9416748556241041
0.7154539529610378,-1.0732785559602311,0.456858669984851
0.5047699966637601,-0.11494757931792424,-0.9824165075049175
2.0544675418726404,-1.3028786857807877,-0.8530854497902425
1.4598705985447609,-0.48430430989881756,0.058180024835909415
1.3006871648979257,-1.4126874435210512,-0.6854340786786267
1.1087306713826282,-0.8886001906697845,-0.10299689772100358
0.022537830027763904,0.17454823654277155,-1.0455818592581168
1.656508957755556,-0.723887054059389,-0.3370771637597336
1.4411431357627809,-0.8536610404797038,-0.1556346908486693
-0.67037829290551,0.5189484312735991,-0.3398669667955
-0.6937876213829874,0.18952215805280814,-0.3536054308018208
-0.59546844177759,0.3192961444731159,0.4158538291383994
-0.005553364145207782,0.9432095407246172,-0.9079340302292704
-0.862334786420811,0.6886528750540092,-1.0842179994138235
0.7903638040889611,-1.2180264638905827,0.41616965589716515
-1.3445669530568072,1.2376966637553275,-0.1697942572000116
1.0010477603862422,-1.3378178359708683,-0.21980016067129407
-0.773379338206405,0.6437311105238994,-0.8577702133786048
-0.2677378430929313,-0.47432169555878845,0.25815100092791243
-1.3164757588838354,1.3225488856455325,-0.5175195186013724
1.3334602247663916,-1.2080438495505534,0.42174926196869783
0.9448653720402987,-1.2679395355907,-0.20242968893916438
-0.8482891893343251,0.7285833324141044,0.42996075769661374
-0.7265606812514533,0.6237658818438553,-0.7638117526457212
-0.7406062783379391,0.9531921550646464,-0.7009095898581604
-0.7218788155559558,0.6087919603338188,-1.1909674438767297
-0.7546518754244217,0.573852810143731,-0.11678799952045192
-0.8482891893343251,0.8383920901543681,0.5368681155389032
-1.1572923252370038,1.1079226773350197,0.054916481661994254
-1.3445669530568072,1.2277140494153056,-0.8578754889648602
1.394324478807829,-0.9335219551998942,-0.6455872692809835
-1.3445669530568072,1.2177314350752835,-0.9024070619508655
0.912092312171833,-1.2180264638905827,0.9933956953351496
-0.8201979951613534,0.6038006531638042,0.05986443421599477
-0.6797420242965017,0.5788441173137455,0.44554154446240296
-0.6563326958190274,0.6736789535439726,2.4263543376495984
1.2679141050294631,-1.1930699280405168,-0.14058028201415687
-0.7031513527739758,0.8533660116644047,-0.6751697090187317
1.2679141050294631,-1.1930699280405168,0.010174357503478261
0.9916840289952504,-1.3028786857807877,-0.8935639127054177
0.7435451471340094,-1.1930699280405168,2.4325655972386633
1.3100508962889175,-0.6090869891491179,0.021070380680904954
1.4177338072853034,-0.9135567265198502,-0.7182274237971624
-1.0074726229811601,0.9382182335546098,1.216369387023942
-0.7593337411199192,0.573852810143731,-0.40619058613635894
-0.7359244126424417,0.7285833324141044,-0.8149756875658124
-0.7827430695973934,0.5938180388237821,0.4324873717667419
-0.67037829290551,0.573852810143731,-1.5110578638860663
2.7661111275878945,-2.171366133362875,-0.9740470983976187
-0.63292336734155,0.39915705919331346,0.35537300483471107
-0.7031513527739758,1.167818363375159,-1.1715440982126213
-0.22091918613798295,0.7884790184542508,-0.5240992427423307
1.0057296260817363,-1.4176787506910586,-1.448682079029782
-0.8951078462892768,0.7535398682641631,5.858285811780286
1.0759576115141622,-1.1980612352105313,1.4437120155423315
-0.04300828970916781,0.8633486260044267,0.6345638595838511
-0.7265606812514533,0.6487224176939139,-0.6067932157458936
0.8090912668709411,-1.138165549170385,-0.07941516639980904
1.370915150330355,-0.8985828050098136,-0.5804743191820608
-0.9138353090712568,0.8084442471342949,0.6095609078482096
-0.8201979951613534,0.6087919603338188,-0.32175956595958305
-0.8061523980748709,0.8334007829843535,-0.17390000506396958
1.0010477603862422,-1.307869992950795,-0.959992807632532
-0.7967886666838793,0.6087919603338188,-0.8070273808035349
-0.773379338206405,1.0330530697848368,0.1785626577188815
0.500088130968266,-0.00014751440764600325,-0.38239830364265404
-0.6376052330370441,0.20449607956284474,1.0777214399256703
-0.7078332184694733,0.7385659467541265,2.0865773830105145
0.631180370442126,-1.22301777106059,-0.6096356565747878
-0.792106800988385,0.7834877112842362,0.685938345676453
1.4692343299357524,-1.637296266171586,0.43406650556057147
-0.6563326958190274,0.2244613082428888,-0.7402826591176545
-0.6750601586010074,0.3093135301330938,0.4233810335556554
-0.6750601586010074,0.4790179739135039,0.12881994321323723
-0.6891057556874933,0.3143048373031084,2.1961166305091875
-0.6376052330370441,0.5788441173137455,-0.4994121177654554
0.5609523850097001,-0.8985828050098136,0.4681231577141714
-0.862334786420811,0.6487224176939139,-0.49120062203753945
2.8363391130203204,-1.4925483582412418,-0.7684965162340835
2.307288289429376,-1.4027048291810222,-0.17684772147911876
0.631180370442126,-1.2180264638905827,-0.6712745123272844
-1.218156579278438,1.2576618924353786,0.33126489558224015
1.0104114917772304,-1.4276613650310879,-0.03362028637873985
1.4224156729808008,-1.108217706150319,0.44822607191191377
-0.8904259805937826,0.8433833973243827,0.36947993339292584
-0.7265606812514533,0.9282356192145877,0.20698706600782077
1.0993669399916364,-1.2280090782306046,-0.1402644552553909
0.7997275354799528,-1.1431568563403995,-0.6716429768791782
1.1087306713826282,-1.2729308427607144,0.17556230351060453
-0.12260000653258538,0.3143048373031084,-1.0624259530589697
0.8137731325664354,-1.2629482284206852,2.2295942669383835
-0.6797420242965017,0.4740266667434893,1.3336990279055094
-0.862334786420811,0.8833138546844779,0.2401488756782506
-0.4596943366082323,0.6387398033538848,-0.29128228373866444
-0.8716985178117993,0.7186007180740824,0.7547885790874399
1.1555493283375797,-1.3228439144608317,-0.21832630246371937
-0.4877855307812007,1.072983527144932,-1.1127476832890184
0.3221772345394508,-0.075017121957829,-0.8414524975090284
-0.8248798608568509,0.7285833324141044,0.4214334352099316
2.8597484414977976,-2.2911575054431608,-0.8884054089789063
-0.7218788155559558,1.06300091280491,-0.7908675783133415
-0.6563326958190274,0.6636963392039505,1.1260955718099952
-1.0449275485451202,0.988131305254727,0.07207640222161332
0.841864326739407,-1.2679395355907,1.8119660162634816
-0.6844238899919958,0.733574639584119,0.44922618998133945
-0.7171969498604617,0.7984616327942728,0.06807592994391068
-1.2415659077559154,1.2177314350752835,1.348279696601873
-0.8482891893343251,0.8733312403444559,2.365031308655867
-0.7406062783379391,0.9182530048745585,-0.5146770777724784
-0.773379338206405,0.6786702607139872,-0.6257954590649812
-0.810834263770365,0.6736789535439726,-0.11052410213825979
1.1040488056871338,-0.3445477091384807,-0.1951130356944188
0.8933648493898529,-1.2280090782306046,0.5004427626945582
-0.6937876213829874,0.7235920252440898,-0.45203810395055616
-0.862334786420811,0.7285833324141044,0.9034377068799688
-0.09919067805510785,0.2693830727729986,-1.1801766962855584
0.785681938393467,-1.233000385400619,0.6755160626371751
0.6639534303105918,-0.6340435249991765,0.8043733802137011
1.1040488056871338,-0.3894694736685834,-0.7640749416113596
-1.3305213559703213,1.3325314999855546,1.5253532326833412
1.0057296260817363,-1.3128613001208096,-0.7003832119268839
-0.8857441148982851,1.6719403875463748,-0.29475637808509025
2.4149712004257617,-2.286166198273153,-0.4469322380171725
1.5628716438456527,-0.8686349619897404,-0.6118464438861497
0.8933648493898529,-1.3428091431408828,1.6279969292822893
-0.6937876213829874,0.9731573837446904,1.3912847735871758
1.0431845516456963,-1.3378178359708683,-1.1082734708731667
-0.525240456345164,1.1977662063952323,-0.20169275983537713
-0.7546518754244217,0.7036267965640458,-1.0909556369341649
-1.0308819514586345,2.415645155878162,-1.5655906175663281
0.7903638040889611,-0.43938254536870774,-0.11768284200362226
-0.7171969498604617,0.6487224176939139,0.4434886705304237
-1.377340012925273,1.2676445067754007,0.6380905917234049
0.8137731325664354,-1.233000385400619,0.7165209034836271
-0.8061523980748709,0.6038006531638042,0.2435176944384213
-0.8295617265523451,0.7585311754341776,0.8096897973195956
-0.7546518754244217,0.658705032033936,-0.8816677714585651
-1.433522401271213,1.2476792780953567,-0.5972131373966586
-0.12260000653258538,0.2993309157930718,-1.0468451662931808
0.5234974594457401,-0.40444339517862,-1.034370009321924
0.8465461924349013,-1.287904764270751,1.2079473401235155
-0.881062249202791,0.5788441173137455,3.1258579705231506
-1.255611504842398,1.2227227422452909,0.5881373260452499
0.9542291034312904,-1.1631220850204507,1.876342037258617
-0.8248798608568509,0.818426861474317,-1.0933769754180374
2.9580676211031953,-2.2811748911031384,-0.8399260015083261
-0.8342435922478393,0.7585311754341776,1.2122636391599844
-1.3492488187523013,1.9215057460469753,-0.9353056826556567
-0.4550124709127381,0.6736789535439726,0.541816068092904
0.6826808930925753,0.08470470748255193,-0.2862290555984084
-0.7406062783379391,0.6437311105238994,-1.1765446885597495
-0.810834263770365,0.6836615678839947,-0.5734208549029537
0.9870021632997563,-0.9335219551998942,-0.388872752197357
1.3240964933754031,-1.5873831944714687,-0.45056424574298143
-0.562695381909124,-0.15487803667801947,0.31952666771477045
-0.7546518754244217,0.6886528750540092,-0.7964998221780017
-0.8763803835072967,0.8383920901543681,0.48917827496523775
0.930819774953813,-0.6889479038693083,-0.08767929992085273
-0.6610145615145216,0.3492439874931891,1.2483731652455632
1.394324478807829,-0.8935914978397991,0.009226877227180146
-0.9746995631126943,0.9482008478946318,-0.057781033424338525
0.6686352960060894,-1.2479743069106486,-0.00430103560663002
1.6003265694096127,-1.6023571159815053,-0.6593257332873043
-1.218156579278438,1.1778009777151883,3.8006744784198276
-0.12728187222807955,0.2993309157930718,-1.208759017953881
-0.6001503074730841,1.127887906015064,0.6048761442598475
0.5328611908367318,-0.17484326535807063,-0.13173713276870902
1.6237358978870902,-1.6822180307016958,-0.5158877470144148
-0.6844238899919958,0.6437311105238994,0.8922784947369035
1.4411431357627809,-0.808739275949594,-0.33612968348343575
0.43454201123133424,0.09468732182258106,-0.6211633332697466
0.06467462128722143,0.15957431503273492,-1.1538577997217252
-0.843607323638831,0.6936441822240167,0.13655769880300384
-0.3239202314388747,1.3025836569654885,0.06460183559748464
-0.4924673964766982,0.5938180388237821,0.24999214299312408
0.8512280581303987,-0.7438522827394402,-0.22332689281084767
-0.8670166521163051,0.7036267965640458,-0.9947863888899192
-0.7031513527739758,1.157835749035137,-0.4583020013327483
-0.843607323638831,1.167818363375159,0.11192321161925657
-0.13196373792357372,0.26439176560298405,-0.6875922281968609
-0.8670166521163051,0.8284094758143461,-0.43461499442529866
-0.9325627718532369,1.0380443769548513,1.5728851598776232
-0.5861047103865983,-0.050060586107770366,-0.37276558750029115
-0.7125150841649674,0.9631747694046684,-0.6758013625362637
1.3428239561573831,-0.9884263340700261,0.9956064826465115
-1.1385648624550204,1.1029313701650052,-0.30475755877934685
0.9823202976042588,-0.9335219551998942,0.7692639721975479
-0.7452881440334334,0.7186007180740824,0.25999332368738065
0.8933648493898529,-1.1780960065304873,1.4519235112702469
2.297924558038384,-1.3977135220110146,-0.09389055950991733
0.7107720872655436,-1.0183741770900994,2.099947382464942
0.8980467150853471,-1.233000385400619,0.2974187946011509
-0.6891057556874933,0.7784964041142217,0.8744869206597522
-1.3539306844477954,1.2077488207352542,-0.4446688129126828
-0.7312425469469475,0.7735050969442142,-0.8143440340482805
-0.8951078462892768,1.5870881656561697,-0.1651621314047768
-0.7452881440334334,0.9631747694046684,-0.7364401002193349
-0.7078332184694733,1.0031052267647635,0.4466995759112113
0.9355016406493104,-1.2429829997406412,-0.26822693034874673
-0.9278809061577427,1.157835749035137,-0.18853331155346048
2.1106499302185804,-0.6839565966992938,-1.2071272463669234
-1.166656056627992,1.242687970925342,-0.17079437526943728
-0.8342435922478393,0.6537137248639214,0.8797506999725192
-0.773379338206405,1.0979400629949907,-0.9715204843274908
-1.3632944158387872,1.2177314350752835,-1.1120633919783587
1.1087306713826282,-1.1531394706804217,0.17056171316347624
-0.35669329130734057,0.6986354893940312,-0.44861664739725765
-0.44096687382625227,0.7186007180740824,-0.589896484151913
1.0853213429051538,-0.8536610404797038,-1.4534721182043997
1.427097538676295,-1.1132090133203263,-0.23032771929682727
-0.881062249202791,0.8633486260044267,0.0793404176732311
1.3240964933754031,-1.7221484880617912,-0.955413319630425
1.3100508962889175,-1.552444044281388,-0.1485285887764346
-1.129201131064032,1.1328792131850784,-0.05993918294257271
-0.6563326958190274,0.6636963392039505,0.7772649167529532
0.20513059215207322,0.2693830727729986,-0.7653382486464234
0.5141337280547484,-0.1199388864879388,-1.315245273451149
0.5469067879232143,-0.12992150082796083,-0.3925047599231659
0.7997275354799528,-1.2479743069106486,0.8396933394023653
-0.8904259805937826,0.6437311105238994,-1.028527214284753
0.45326947401331424,-1.1531394706804217,-0.7128583688981406
2.419653066121256,-2.296148812613175,-1.2031267740892206
-0.6891057556874933,0.5239397384436137,0.6839381095376016
0.7810000726979694,-0.4593477740487518,-1.116274415428572
-0.792106800988385,0.7685137897741997,-0.20242968893916438
1.0150933574727246,-1.4226700578610734,0.5529226424428413
1.1087306713826282,-1.3478004503108902,1.2037889544664302
-0.7827430695973934,0.7235920252440898,0.2852068265955323
2.2183328412149663,-0.5042695385788616,-0.8446107650966884
1.1180944027736197,-1.148148163510414,-0.38518810667842035
-0.65165083012353,0.5688615029737164,0.31484190412640833
-0.525240456345164,1.157835749035137,0.4320136316285926
1.0150933574727246,-1.3478004503108902,-1.3829374754133272
-0.8482891893343251,0.8134355543043095,-0.24775082882208474
-0.7265606812514533,0.6487224176939139,-0.7787082481008505
-0.5486497848226382,1.1328792131850784,-0.5679465244176763
0.949547237735793,-1.2629482284206852,-0.4325621204933196
-0.8951078462892768,0.8334007829843535,-0.09641717358004524
0.9823202976042588,-1.4526179008811464,-0.38676724047225036
-0.525240456345164,1.1428618275251006,-0.44877456077664074
-0.792106800988385,0.6038006531638042,-0.8201868290854514
1.3475058218528775,-0.9335219551998942,-0.8720350553162023
-0.8904259805937826,0.6437311105238994,-0.8828258029073739
1.0010477603862422,-1.3228439144608317,-0.5627880206911652
-1.166656056627992,1.2177314350752835,0.12350352610734273
-0.6750601586010074,0.5039745097635625,0.2959975741867039
-0.6891057556874933,1.1228965988450563,0.07628742567182659
-0.7967886666838793,0.7585311754341776,-0.3786610203305898
-0.6750601586010074,0.4939918954235405,-0.2938088978087924
1.0759576115141622,-1.2529656140806633,0.6345112217907235
-0.792106800988385,0.733574639584119,-0.37371306777658925
1.6471452263645643,-1.0283567914301213,0.802162592902339
-0.9044715776802651,0.7934703256242583,2.0785764384551095
-0.7967886666838793,0.6387398033538848,-1.1297496904692543
-0.8529710550298193,0.7435572539241411,1.9674580571626068
-1.3117938931883413,1.1927748992252178,0.21061907373363012
0.3221772345394508,0.13960908635268376,-1.4051506241132024
-0.8201979951613534,0.9981139195947561,-0.8248715926738137
0.7763182070024753,-1.1880786208705094,-0.22116874329261346
-0.6797420242965017,0.6038006531638042,-0.52230955777599
0.9963658946907447,-1.4326526722010953,1.5913610252654342
-1.3492488187523013,1.1977662063952323,-0.4200869635220629
-1.3726581472297754,1.2526705852653641,0.12703025824689654
-0.6750601586010074,0.583835424483753,-0.14210677801485935
-0.7640156068154134,0.583835424483753,1.019925143071493
0.21449432354306489,-0.00014751440764600325,-0.7799715551359145
-1.3164757588838354,1.1778009777151883,-0.009354263746885857
0.4626332054043026,-1.1780960065304873,0.08455155919287005
1.0946850742961423,-1.2629482284206852,0.9592864053884221
-0.63292336734155,0.15957431503273492,0.7134679114822221
-1.0683368770225945,1.072983527144932,-0.6831180157810093
-0.8716985178117993,0.6836615678839947,-0.8612969455181584
-0.6797420242965017,0.5638701958037089,-0.8806150155960116
-0.773379338206405,1.0979400629949907,-0.9240938327194638
-0.6563326958190274,0.6038006531638042,-0.5460492024765674
0.860591789521387,-1.3128613001208096,0.17772045302883893
0.785681938393467,-1.1930699280405168,1.6718968487507628
1.1087306713826282,-1.4875570510712273,0.029387151995076185
-0.5299223220406581,1.127887906015064,-0.9261993444445704
-0.6937876213829874,0.573852810143731,0.2372537970562287
-0.4784217993902123,-0.29463463743835633,-0.4485640096041301
0.8137731325664354,-1.2579569212506778,0.7508407446028652
-0.7874249352928876,0.658705032033936,-1.5241646743748551
1.0150933574727246,-1.4326526722010953,0.3587944613880093
0.6077710419646518,-1.1631220850204507,0.7668952715068033
-0.6891057556874933,0.5439049671236578,2.5511059073621665
1.0853213429051538,-0.8486697333096892,-1.076217054858418
-0.7640156068154134,0.6187745746738408,0.2216203724973119
1.3240964933754031,-1.5823918873014542,-0.6369020334149188
-0.7780612039018993,0.7036267965640458,-0.7778660434108079
-0.918517174766751,0.7984616327942728,0.9505485317292294
0.9027285807808446,-1.2280090782306046,0.5398158319540526
1.4364612700672867,-0.8386871189696672,0.19777545221047965
0.5703161164006918,-0.1199388864879388,0.1893534053100531
1.7407825402744677,-0.3245824804584295,0.3776914291208413
0.8184549982619328,-1.1331742420003776,-0.16221441498962763
-0.8155161294658593,0.8383920901543681,4.863747348426168
1.5815991066276327,-0.9934176412400406,-0.6002661293980631
-0.8670166521163051,0.818426861474317,0.016385617092542853
1.2304591794654998,-1.692200645041718,-0.3830825949533137
1.450506867153769,-1.6872093378717103,-0.46925066230330276
-0.810834263770365,0.6736789535439726,-1.295716652200785
-0.843607323638831,0.6986354893940312,0.1219243923135127
-0.8576529207253167,0.8533660116644047,-0.5512077062030786
0.5094518623592543,-0.08000842912784356,-1.669444983407213
-0.7827430695973934,0.6038006531638042,-0.11178740917332364
-0.6844238899919958,0.6337484961838774,-0.4221398374540417
0.8278187296529211,-1.3128613001208096,3.2516622960982717
0.45326947401331424,-0.30960855894839295,-1.2196550411313076
-0.8482891893343251,0.733574639584119,0.7078883054106895
1.6143721664960984,-1.672235416361674,0.06807592994391068
2.499244782944673,-1.1581307778504362,-0.866244898072159
-1.3305213559703213,1.2376966637553275,-0.3549213756300124
-0.12728187222807955,0.27437437994301317,-0.7182274237971624
1.675236420537536,-1.2180264638905827,-0.7447042337403783
1.0993669399916364,-1.2180264638905827,0.23493773415861166
1.0244570888637163,-0.8336958117996527,0.649565630625236
-0.6844238899919958,0.6337484961838774,0.5974015776357191
0.5094518623592543,-0.5491913031089715,-0.7214909669710777
-0.7406062783379391,0.6387398033538848,-1.1967049633276454
-0.16473679779203956,-0.5641652246190081,0.3876399720219703
0.574997982096186,-1.1231916276603484,-0.8941955662229496
-0.7406062783379391,1.1927748992252178,-0.7244913211793548
-0.7686974725109076,0.573852810143731,-0.0766780011571705
-0.7265606812514533,0.7735050969442142,-0.8092381681148969
0.9963658946907447,-1.4626005152211685,0.03986207282748183
-0.7078332184694733,0.6237658818438553,0.14703261963540973
2.5741546340725967,-2.2412444337430433,-0.7368612025643562
0.9776384319087646,-1.43764397937111,0.31810544730032353
-1.040245682849626,0.978148690914705,1.2027888363970047
-0.7874249352928876,0.6038006531638042,-0.07736229246783019
-0.10387254375060535,0.2693830727729986,-0.9672568230841497
0.33154096593044247,0.1495917006927129,-0.1795322489286298
-0.6937876213829874,0.19950477239283018,-0.6636946701169006
-0.7780612039018993,0.7036267965640458,-0.8929322591878855
-0.8342435922478393,0.7385659467541265,1.2836404866410995
0.3221772345394508,-0.8436784261396818,-0.8267665532264097
1.338142090461889,-1.118200320490341,0.03170321489269346
-0.7265606812514533,1.1179052916750418,-0.06351855287525406
2.246424035387938,-1.3577830646509195,-0.9876802868176843
-0.6750601586010074,0.5988093459937897,-0.9320421394817413
-0.6984694870784817,1.1428618275251006,-0.77691856313451
-0.6376052330370441,0.19950477239283018,1.1556253737546156
1.0197752231682222,-1.3378178359708683,-0.36929149315386534
-1.3820218786207672,2.031314503787239,-1.19886311284588
-0.6469689644280358,0.19950477239283018,-0.11615634600292
0.912092312171833,-1.467591822391183,-0.8596651739312009
-0.5580135162136298,0.5189484312735991,1.1417816341620395
0.9729565662132704,-1.2579569212506778,0.7447347606000557
0.5469067879232143,-0.1349128079979754,-0.24385563213063743
-0.7874249352928876,0.9082703905345365,1.9545617978463288
-0.3192383657433772,-0.43938254536870774,-0.8510852136513912
0.9823202976042588,-1.3028786857807877,-0.7451779738785274
-0.09919067805510785,0.2693830727729986,-0.6844865984023286
0.518815593750246,-0.0600432004477924,-1.2242345291334147
-0.7218788155559558,0.6038006531638042,-0.6616944339780494
-0.7312425469469475,0.6387398033538848,-1.123380517500807
-0.65165083012353,1.0779748343149467,0.7035193685810935
0.631180370442126,-1.213035156720568,-0.16553059595667055
-0.8155161294658593,0.8433833973243827,-0.09267989026798103
-0.8014705323793734,0.6087919603338188,-0.1336847311144328
-0.6095140388640757,0.40913967353333547,2.320289184497352
0.7294995500475236,-1.1132090133203263,0.3532148553164767
-0.8482891893343251,0.8334007829843535,-0.7251229746968867
-0.8061523980748709,0.8334007829843535,0.23141100201905784
-0.6984694870784817,1.1328792131850784,-0.803711199836492
1.4224156729808008,-0.8736262691597478,0.09002588967814716
2.7146106049374485,-1.457609208051154,-0.3925047599231659
0.9916840289952504,-1.4526179008811464,0.47354485040632094
0.9027285807808446,-1.3777482933309635,3.2654533978977196
-0.773379338206405,0.7635224826041851,-0.6556937255614954
1.0150933574727246,-1.3178526072908172,0.11950305382964009
-0.8295617265523451,0.7285833324141044,0.17335151619924258
-0.9887451601991769,0.9382182335546098,0.35126725697075334
1.7688737344474361,-1.8918529318422013,-0.5013070783180514
1.3615514189393632,-1.4526179008811464,0.1784047443394984
-0.7125150841649674,1.0879574486549686,0.5651872482415874
1.6330996292780784,-1.0034002555800627,-1.0712691023044179
1.0900032086006481,-1.4825657439012196,0.23035824615650466
0.7950456697844553,-1.1681133921904583,-0.5140980620480741
0.32685910023494497,-0.030095357427719203,-1.0696899685105878
-0.7031513527739758,0.8533660116644047,-0.24211858495742453
1.6237358978870902,-1.3777482933309635,-0.8530854497902425
-0.8763803835072967,1.082966141484954,0.32468517144128184
1.450506867153769,-0.8436784261396818,0.7761068853041448
-0.7218788155559558,0.6936441822240167,-0.6569570325965595
-0.8482891893343251,0.7186007180740824,0.6889386998847299
0.804409401175447,-1.1132090133203263,0.7153628720348183
0.9167741778673304,-1.2479743069106486,0.5023377232471544
1.750146271665456,-0.7288783612294035,-0.6509036863868778
1.3240964933754031,-1.5674179657914176,0.029176600822565544
1.2538685079429774,-1.3627743718209269,-0.21880004260186842
2.302606423733878,-1.3927222148410001,-0.6418499859689193
0.785681938393467,-0.4343912381986932,0.7345756665264165
-0.7312425469469475,1.1228965988450563,-0.9254624153407832
-0.8389254579433334,0.7784964041142217,0.6878859440221767
0.6030891762691577,-1.0832611703002533,-0.6422184505208131
-0.9278809061577427,0.9382182335546098,1.9429814833582422
-0.7312425469469475,0.7984616327942728,-0.3530264150774164
1.0291389545592105,-1.2679395355907,1.754064443823049
1.445825001458275,-1.1631220850204507,-0.06351855287525406
0.9401835063448046,-0.7188957468893815,-1.0366334344264134
-0.8201979951613534,0.5888267316537675,1.1613628932055318
-0.8763803835072967,0.7635224826041851,1.7299563345705782
0.6171347733556435,-0.2547041800782611,-0.7638117526457212
-0.7967886666838793,1.053018298464888,-0.45188019057117307
-0.525240456345164,1.167818363375159,0.903700895845607
-0.918517174766751,0.8284094758143461,-0.18879650051909888
0.9589109691267846,-1.2579569212506778,-0.7719179727873817
-0.6797420242965017,0.5538875814636869,-0.41213865675978534
-0.7218788155559558,0.7635224826041851,0.3950092630598437
-0.7874249352928876,0.7235920252440898,0.6221413404057219
-0.6937876213829874,0.5588788886336944,0.1589813986753896
-0.7125150841649674,0.7086181037340533,1.8636036913217222
-0.792106800988385,1.0080965339347783,0.3187371008178559
0.9963658946907447,-1.4076961363510367,-0.08715292198957614
1.4177338072853034,-0.7039218253793449,-0.3398669667955
-0.35201142561184307,-0.42939993102868573,0.600401931843996
2.8691121728887863,-1.5774005801314468,-0.7026992748245011
1.408370075894315,-0.9235393408598722,-1.0577938272637353
-1.1900653851054661,1.242687970925342,0.4663334727478307
-0.8014705323793734,0.6437311105238994,-1.2418681898311827
-0.63292336734155,0.1495917006927129,-0.3658173988074393
-0.8061523980748709,0.7485485610941556,-0.3552898401819061
-0.8061523980748709,0.6287571890138628,-0.028093318100334955
-0.7265606812514533,0.5888267316537675,-0.03256753051618642
-0.6235596359505616,0.16955692937275696,1.619995984726884
-0.8248798608568509,0.583835424483753,0.7953196797957426
-0.6235596359505616,0.5688615029737164,-1.1393297688184898
-0.8061523980748709,0.6636963392039505,-1.2642918897035686
1.0057296260817363,-1.43764397937111,0.06807592994391068
-0.7171969498604617,0.7086181037340533,-0.21832630246371937
2.33069761790685,-1.9168094676922598,-1.0965352430056972
1.0150933574727246,-0.8187218902896161,-1.2556066538375037
0.8933648493898529,-1.233000385400619,0.5662400041041405
-0.7546518754244217,0.5638701958037089,0.09065754319567955
1.0900032086006481,-0.8386871189696672,-0.728544431250185
-0.7686974725109076,0.6836615678839947,-0.9074076522979938
-0.7406062783379391,0.5638701958037089,0.5217084311181353
-1.115155533977546,1.1228965988450563,-0.1266312668353254
0.518815593750246,-0.08499973629785104,-1.402360821077436
-1.3679762815342813,1.2277140494153056,-1.4153623559799697
-1.3867037443162613,2.0363058109572534,-1.2569225986656951
-0.6937876213829874,0.6087919603338188,2.722073459440825
-0.8904259805937826,1.317557578475518,0.0908680943681902
-0.8576529207253167,0.7435572539241411,1.149940492096828
-0.9278809061577427,0.8134355543043095,0.9438108942088884
-0.7593337411199192,0.6537137248639214,-0.8911952120146727
1.6471452263645643,-1.7620789454218864,-0.019671271199908406
-0.1132362751415937,0.27437437994301317,-1.3254043675247886
-0.7078332184694733,0.6038006531638042,2.4439353605542387
-0.7312425469469475,1.127887906015064,-0.9247254862369958
0.5141337280547484,-0.09498235063788016,-1.2784514560549107
-0.7359244126424417,0.6187745746738408,2.3639785527933146
0.823136863957427,-1.2529656140806633,-0.3486574782478203
-0.792106800988385,1.297592349795474,-0.43556247470159654
-0.8529710550298193,0.6886528750540092,-0.6776436852957322
0.8278187296529211,-1.213035156720568,-0.10989244862072764
-1.2790208333198754,1.3025836569654885,0.7527883429485885
-0.23496478322446546,-0.5242347672589128,-0.6094777431954047
-0.14132746931456538,0.2693830727729986,-0.6118464438861497
2.583518365463585,-1.552444044281388,-0.1261575266971766
0.7529088785250011,-1.1880786208705094,1.171206160520405
1.6471452263645643,-1.0283567914301213,-1.0452660324993508
-0.955972100330711,0.9581834622346538,2.1951165124397622
1.1602311940330738,-1.3228439144608317,-0.3610273596328217
1.2257773137700056,-1.3328265288008536,0.5506065795452237
-0.7593337411199192,0.7535398682641631,0.020228175990862393
-0.63292336734155,0.4340962093833941,0.3293699350296444
0.9355016406493104,-0.7089131325493524,-0.7324396279416322
-0.61419590455957,0.5588788886336944,0.2049341920758419
-0.8951078462892768,0.8383920901543681,-0.1099450864138554
-1.3164757588838354,1.3125662713055106,-0.3313922821019459
-1.3867037443162613,2.0363058109572534,-1.4420497170956963
-0.7171969498604617,0.7784964041142217,-0.21569441280733612
-0.6750601586010074,0.6836615678839947,5.858285811780286
-0.8342435922478393,0.6836615678839947,-0.7297024626989936
-0.7640156068154134,0.6387398033538848,-1.3875169634154343
-0.4596943366082323,-0.45435646687874437,0.31168363653874825
-0.6610145615145216,0.23943522975292542,0.07902459091446538
-0.8061523980748709,0.6686876463739581,-0.9423591469347639
-0.881062249202791,0.7934703256242583,-0.028882884997249975
-1.3679762815342813,1.2177314350752835,-1.1450672882694053
-0.7312425469469475,0.7136094109040678,0.1681930124727312
-0.9419265032442286,0.9631747694046684,-0.241697482612403
1.2398229108564915,-1.43764397937111,1.014714001551854
-0.65165083012353,0.573852810143731,0.44854189867067995
-0.7218788155559558,0.573852810143731,5.858285811780286
-0.7265606812514533,0.8982877761945145,1.1436765947146357
-0.7827430695973934,0.6836615678839947,-0.47025078037272844
-0.8248798608568509,0.7235920252440898,-0.7184906127628008
0.804409401175447,-1.1581307778504362,-0.4977803461784978
2.457107991685219,-1.0383394057701505,-0.4488798363628961
0.9870021632997563,-1.447626593711132,0.9517065631780381
-0.8155161294658593,0.733574639584119,0.3277908012358144
-1.4288405355757188,1.2526705852653641,-0.009354263746885857
-0.7406062783379391,0.7585311754341776,-0.07515150515646823
1.0806394772096564,-0.8536610404797038,-1.047108355258819
-0.23964664891996296,-0.5142521529188837,-0.22095819212010284
0.3221772345394508,-0.05505189327778493,-0.6776436852957322
0.9870021632997563,-1.4276613650310879,0.604770868673592
-0.7499700097289275,0.6836615678839947,-1.294453345165721
-0.7827430695973934,0.5788441173137455,0.05712726897335621
0.879319252303367,-0.6340435249991765,-0.6034243969857231
1.0010477603862422,-1.4526179008811464,0.010121719710350485
1.1040488056871338,-0.40444339517862,-0.7967103733505123
-0.7031513527739758,0.6636963392039505,0.08239340967463563
0.8652736552168813,-0.7837827400995354,-0.0874687487483421
1.0900032086006481,-1.1731046993604728,0.7417344063917788
0.26131298049801327,0.1196438576726397,-1.473474479592913
-0.862334786420811,0.7186007180740824,0.2654676541726578
-0.6984694870784817,0.8533660116644047,1.2307921423409227
-0.7967886666838793,0.6437311105238994,-1.7742994673175232
0.9776384319087646,-1.1731046993604728,0.6700943699450255
-1.377340012925273,1.1927748992252178,0.6475653944863846
-0.8716985178117993,0.8334007829843535,0.047705104003504
1.1602311940330738,-1.3428091431408828,-1.1209591790169342
-0.5533316505181324,1.06300091280491,-0.18632252424209853
-0.8904259805937826,0.7784964041142217,1.511298941918254
0.9355016406493104,-1.457609208051154,-0.18195358741250237
-0.10855440944609952,-0.6440261393391985,-0.6139519556112564
0.8465461924349013,-1.1531394706804217,0.8046892069724673
-1.2977482961018554,1.167818363375159,-0.43461499442529866
1.6986457490150102,-0.7288783612294035,-0.7592322646436142
-0.9278809061577427,0.9581834622346538,1.9328223892846028
-0.7546518754244217,0.8334007829843535,0.6315108675824466
-0.8389254579433334,0.5938180388237821,1.1409394294719968
0.9448653720402987,-1.0982350918102897,1.8360741255159525
-0.7967886666838793,0.6287571890138628,0.5662400041041405
-1.3211576245793297,1.2726358139454153,0.10260632223565945
1.9280571680942713,-1.0133828699200846,-0.9969971762012811
-0.843607323638831,0.6936441822240167,0.5971910264632084
1.1040488056871338,-1.4875570510712273,0.5414476035410102
-0.7593337411199192,0.5538875814636869,0.2161460420120348
-0.8904259805937826,0.6287571890138628,0.17645714599377463
-0.7359244126424417,0.7036267965640458,1.2002622223268764
-0.8904259805937826,1.3375228071555691,0.7851605857221033
0.500088130968266,-0.00014751440764600325,-0.6255322700993428
0.42986014553583674,-0.46933038838878094,-1.0153677660028364
0.9682747005177763,-1.2529656140806633,0.7258904306603513
1.0900032086006481,-1.4725831295611906,0.742787162254332
0.9963658946907447,-1.2779221499307218,0.7892136957929335
-0.12260000653258538,0.329278758813145,-0.2760699615247689
-0.7499700097289275,0.5688615029737164,0.7049405889955405
0.841864326739407,-1.297887378610773,0.11923986486400191
0.9682747005177763,-1.2729308427607144,-0.6272693172725559
-0.881062249202791,0.7784964041142217,0.3444243438641568
-0.7546518754244217,0.5688615029737164,0.020228175990862393
-1.3492488187523013,1.2476792780953567,-0.6908031335776486
0.3783596228853908,-0.19979980120812926,-0.891458400980311
2.443062394598733,-0.7488435899094477,-0.10873441717191912
1.0806394772096564,-0.8436784261396818,-1.1123792187371246
2.9580676211031953,-1.532478815601337,-1.0772171729278437
-0.7827430695973934,0.6487224176939139,-1.5001092029155119
0.8933648493898529,-0.6590000608492351,-0.8436632848203903
0.7107720872655436,-1.033348098600136,1.209473836124218
-0.7499700097289275,1.127887906015064,0.9836050658134037
0.9589109691267846,-0.7039218253793449,-0.8973011960174819
-0.3192383657433772,-0.43938254536870774,-1.057056898159948
-0.7546518754244217,0.6836615678839947,-1.1820716568381544
-0.6844238899919958,0.7235920252440898,-0.4363520415985116
-0.8014705323793734,0.8334007829843535,1.0775108887531595
-0.5580135162136298,0.5089658169335771,1.2933258405765897
-0.7125150841649674,1.0679922199749174,-0.5763685713181028
1.0993669399916364,-1.4975396654112492,0.3970621369918225
1.750146271665456,-2.08651391147267,-0.32670751851358354
-0.15537306640105122,0.2693830727729986,0.1461904149453667
-1.1572923252370038,1.212740127905269,0.9562860511801452
-0.7874249352928876,1.0879574486549686,-0.08409992998817138
-0.8295617265523451,0.818426861474317,-0.277333268559833
-0.8061523980748709,0.6537137248639214,-1.0353174895982218
-0.7780612039018993,0.7186007180740824,0.43611937949255075
0.9776384319087646,-1.4526179008811464,-0.33612968348343575
-0.7359244126424417,1.2227227422452909,-1.3054546439294032
0.9261379092583187,-1.2379916925706267,-0.5124662904611165
-0.843607323638831,0.5938180388237821,0.6800429128461546
-0.6984694870784817,0.6686876463739581,-0.6547462452851975
-0.7406062783379391,0.6736789535439726,-1.1888092943584956
-1.0074726229811601,0.9631747694046684,0.949969516004825
-0.8155161294658593,0.7385659467541265,0.11681852638012931
1.8859203768348136,-2.001661689582465,-0.8568227331023067
1.431779404371789,-0.6889479038693083,0.7014138568559867
-0.9934270258946744,0.9482008478946318,-0.20606169666497326
1.0104114917772304,-1.4276613650310879,-0.6075301448496812
-0.9278809061577427,0.7735050969442142,-0.5450490844071417
-0.7031513527739758,0.573852810143731,4.690884835794912
-0.8389254579433334,0.6936441822240167,-0.4689348355445368
-1.1760197880189838,1.1778009777151883,0.2613619063087001
-0.8763803835072967,0.8533660116644047,-0.5483652653741846
1.731418808883476,-0.26468679441828313,0.2764163151432125
1.3990063445033234,-0.9335219551998942,-1.0316854818724128
-0.7546518754244217,1.1228965988450563,0.42117024624429344
1.450506867153769,-0.5292260744289202,0.1036064403050851
1.0993669399916364,-1.0533133272801871,-0.12084110959128234
0.7810000726979694,-1.128182934830363,0.33126489558224015
-0.13664560361906788,0.27437437994301317,-1.22907720610116
-0.7078332184694733,1.0929487558249833,-0.7713389570629774
-1.2462477734514095,1.2526705852653641,0.25483481996086926
1.0197752231682222,-1.3627743718209269,-1.4105196790122245
-0.862334786420811,0.7036267965640458,-0.3356559433452867
-0.7780612039018993,0.7036267965640458,-0.9225146989256338
1.1227762684691138,-1.1631220850204507,-0.9828902476430665
0.930819774953813,-0.6989305182093304,-0.48720014975983683
-0.8670166521163051,0.7934703256242583,0.057443095732122175
1.3475058218528775,0.014826407102383502,-0.8004476566625766
-0.7499700097289275,0.6137832675038262,-0.23164366412501888
-0.843607323638831,0.7784964041142217,-0.6911189603364145
1.4411431357627809,-0.5242347672589128,0.07844557519006101
0.9542291034312904,-0.7338696683994181,-1.755297223998436
1.0150933574727246,-1.4276613650310879,0.09002588967814716
1.5488260467591668,-1.5574353514513957,-0.3925047599231659
-0.7125150841649674,1.0779748343149467,-0.1697942572000116
-0.8670166521163051,0.7435572539241411,0.8980160141878187
-0.6797420242965017,0.5988093459937897,-0.37255503632778053
-0.7452881440334334,0.6237658818438553,-0.8502430089613486
-1.3305213559703213,2.00635796793718,-1.17675523973226
0.8652736552168813,-1.3228439144608317,-0.5605245955866754
2.517972245726653,-1.9717138465623916,-0.9035124556065465
0.9401835063448046,-0.6889479038693083,-0.6052140819520638
-0.7593337411199192,0.5538875814636869,1.5893607891265829
0.3221772345394508,0.3143048373031084,0.10508029851265958
0.9916840289952504,-0.9285306480298868,-0.26822693034874673
-0.8482891893343251,0.8134355543043095,-0.8085012390111094
-1.3726581472297754,1.2376966637553275,-1.2698188579819734
-0.7452881440334334,0.6137832675038262,-0.6712218745341569
-1.1432467281505179,1.2277140494153056,0.6187198838524236
-0.7827430695973934,0.6537137248639214,-1.205127010228072
-0.862334786420811,0.6038006531638042,2.3635574504482935
0.3221772345394508,-0.04007797176774833,-1.2250767338234574
-0.7827430695973934,0.6287571890138628,-0.42540338062795713
-0.7452881440334334,0.6387398033538848,-0.9035124556065465
0.8371824610439128,-1.287904764270751,0.028229120546267663
1.1180944027736197,-1.4975396654112492,0.9372311700679301
1.2679141050294631,-1.5674179657914176,-0.6671161266701989
-0.7452881440334334,0.6836615678839947,-0.057254655493061926
-1.3726581472297754,1.2227227422452909,-1.0801122515498656
-0.7171969498604617,0.9382182335546098,-0.6649579771519645
-0.7546518754244217,0.5888267316537675,-0.14726528174137052
1.619054032191596,-1.4775744367312051,-1.3531444845030687
1.516052986890701,-0.8486697333096892,0.31910556536974916
-0.13196373792357372,0.27437437994301317,-0.9936283574411104
0.9448653720402987,-0.7388609755694255,0.368163988564734
-0.09919067805510785,0.22945261541290338,3.240187257196441
-0.8014705323793734,0.7834877112842362,1.1878397031487473
-0.7125150841649674,0.6087919603338188,0.15845502074411325
-0.7452881440334334,0.6786702607139872,-1.0159994195203685
-0.7031513527739758,0.7984616327942728,-0.22801165639920998
-0.6891057556874933,0.6187745746738408,-0.23269641998757232
0.8137731325664354,-0.5242347672589128,0.05123183614305758
-0.7359244126424417,0.9082703905345365,-1.1820716568381544
-0.792106800988385,0.6087919603338188,-0.6344280571379184
0.6030891762691577,-1.0882524774702678,-0.14247524256675287
-0.843607323638831,1.1378705203550858,-0.7392825410482288
-1.3820218786207672,1.2626531996053862,0.06807592994391068
0.7716363413069811,-1.128182934830363,-0.4034534208937204
-0.7171969498604617,0.8383920901543681,-0.4879370788636241
-0.7452881440334334,0.7984616327942728,-0.7113845106905659
-0.881062249202791,0.6387398033538848,-0.6796439214345834
-0.6563326958190274,0.583835424483753,0.13024116362768415
-0.9466083689397227,0.9182530048745585,-0.6289010888595135
1.394324478807829,-0.9035741121798211,-0.45377515112376904
1.2304591794654998,-1.2479743069106486,1.146466397750402
0.785681938393467,-1.1780960065304873,-0.6386917183812592
-1.4382042669667072,1.2576618924353786,-0.9912596567503654
-1.396067475707253,1.2676445067754007,1.9811438833758002
-1.3726581472297754,1.2626531996053862,0.2886282831488306
-0.6797420242965017,0.5239397384436137,-0.10299689772100358
-0.792106800988385,1.1428618275251006,-1.3465647603621103
0.7950456697844553,-1.22301777106059,1.8416010937943577
1.5956447037141184,-0.9185480336898577,-0.41940267221140315
1.0572301487321822,-1.4725831295611906,0.043388804967035406
-0.23496478322446546,0.5538875814636869,-0.6469032141091751
1.637781494973576,-1.0183741770900994,-1.151910201376002
0.45326947401331424,-1.1431568563403995,-0.5064655820445625
0.9916840289952504,-1.4326526722010953,0.6210359467500411
-1.166656056627992,1.1778009777151883,-0.5327318408152678
-0.8342435922478393,0.7535398682641631,1.1283063591213571
-0.8529710550298193,0.7984616327942728,-0.5613668002767183
-0.7827430695973934,0.7086181037340533,-0.7012254166169264
-0.8576529207253167,0.8383920901543681,1.1326226581578258
-0.8389254579433334,0.8234181686443315,0.3897454837470772
-0.6984694870784817,0.8533660116644047,-0.3580270054245447
-1.3117938931883413,1.1428618275251006,-0.07373028474202128
-0.7359244126424417,0.8284094758143461,0.6534081895235555
-0.7827430695973934,0.7834877112842362,2.7810804255369383
-1.3445669530568072,1.1927748992252178,-0.6429027418314724
0.5094518623592543,-0.11494757931792424,-1.485739085391659
1.389642613112335,-0.9435045695399163,-1.001102924065239
-0.7406062783379391,0.6986354893940312,-0.3778714534336748
-0.7171969498604617,0.6736789535439726,0.09276305492078596
0.8933648493898529,-1.1980612352105313,0.4022732785114615
0.930819774953813,-1.4176787506910586,-0.3416566517618406
-0.6376052330370441,0.15957431503273492,-0.1951130356944188
-1.1619741909324979,1.2227227422452909,0.31310485695319523
0.8465461924349013,-1.2779221499307218,1.2845879669173972
-0.792106800988385,0.6437311105238994,-0.5679465244176763
-0.937244637548731,0.8334007829843535,-0.3464466909364583
1.0946850742961423,-1.3877309076709856,-0.34313050996941535
-0.8482891893343251,0.8134355543043095,0.6346691351701061
1.1227762684691138,-0.8636436548197258,-0.3808718076419518
-0.843607323638831,0.6736789535439726,0.020228175990862393
-1.3258394902748272,1.2476792780953567,0.6727788973945363
-0.7780612039018993,0.5988093459937897,-0.4769357800999421
-0.8389254579433334,0.8583573188344192,1.4745051245220158
-1.3492488187523013,1.2376966637553275,-1.178492286905473
-0.843607323638831,0.8284094758143461,-0.6946983302690959
1.0431845516456963,-1.3577830646509195,-1.0118936716564106
1.1602311940330738,-1.5374701227713516,0.8852250304577959
-0.8951078462892768,0.8733312403444559,1.5753064983614962
-0.7218788155559558,0.6287571890138628,-1.0596361500232037
-0.7125150841649674,0.6187745746738408,-0.8716139529711809
0.9542291034312904,-1.2679395355907,-0.4243506247654039
-0.810834263770365,0.7535398682641631,0.2874176139068943
-0.937244637548731,0.8084442471342949,1.0564557715020932
-0.773379338206405,0.7884790184542508,1.6311551968699496
0.5609523850097001,-0.9135567265198502,-0.42303467993721205
1.7782374658384277,-1.8968442390122158,-0.14879177774207278
-0.6797420242965017,0.48900058825352594,0.1738252563373914
-1.4007493414027472,1.2726358139454153,1.3919690648978358
-0.8482891893343251,0.8084442471342949,0.2401488756782506
-0.7499700097289275,0.6337484961838774,-0.9019859596058443
1.0572301487321822,-1.2928960714407585,2.573055867096403
-0.7452881440334334,0.6087919603338188,-0.8946166685679708
-0.7078332184694733,0.7435572539241411,0.1961963184166496
-0.7218788155559558,0.7036267965640458,-0.7872882083806602
-0.9091534433757626,0.8034529399642875,2.0321499049165084
1.6986457490150102,-1.8020094027819886,-0.043516191486741115
-0.10387254375060535,0.23943522975292542,0.9226505013715665
-0.810834263770365,1.3774532645156643,-1.3380900756685563
0.7903638040889611,-1.2080438495505534,0.44090941866716843
1.2819597021159457,-1.22301777106059,1.3784411520640254
-0.7967886666838793,0.7735050969442142,-0.1410013843591784
-0.8529710550298193,0.6287571890138628,0.12960951011015223
0.841864326739407,-1.287904764270751,-1.0349490250463282
1.2725959707249574,-1.5624266586214102,-0.0470429236262947
-0.7967886666838793,0.6636963392039505,-1.5645378617037748
-0.7265606812514533,1.1129139845050273,-0.33697188817347834
-0.8529710550298193,0.8034529399642875,0.47717685813212984
-0.7967886666838793,0.7884790184542508,-0.11836713331428196
1.0993669399916364,-1.213035156720568,0.6533029139373
-1.3632944158387872,1.242687970925342,-0.43482554559780934
-0.6984694870784817,0.7086181037340533,0.002278688534328311
-0.6797420242965017,0.5139571241035845,0.04870522207292966
-1.0074726229811601,0.9332269263845951,1.2833772976754607
-0.843607323638831,0.8683399331744412,-0.10526032282549308
-1.3258394902748272,1.2776271211154229,-0.40566420820508237
-0.6937876213829874,0.8334007829843535,-0.2508038208234893
1.0900032086006481,-0.8586523476497183,-1.3300891311131509
-0.6656964272100158,0.4840092810835185,-0.660483764736113
-0.810834263770365,0.7585311754341776,-1.0504771740189895
-1.0121544886766545,0.9382182335546098,0.9923955772657239
-0.9746995631126943,0.8883051618544854,-0.02614571975461118
-0.7499700097289275,0.7285833324141044,-0.18079555596369362
-0.8670166521163051,1.1927748992252178,-1.331194524768832
1.0525482830366881,-1.2429829997406412,1.4039178439378157
-1.3164757588838354,1.2576618924353786,0.1897745076550744
-1.3258394902748272,1.167818363375159,-0.3398669667955
-0.14600933501005955,-0.5392086887689495,-1.4953718015340218
0.5141337280547484,-0.075017121957829,-1.2665026770149306
0.949547237735793,-1.43764397937111,0.4762820156489598
-0.7312425469469475,0.7635224826041851,-0.8216080494998983
-0.7359244126424417,1.1628270562051517,-0.3212331880283062
-0.8482891893343251,0.8683399331744412,1.005923490099534
-0.7218788155559558,0.5938180388237821,-0.16042473002328694
-0.7406062783379391,0.7186007180740824,0.043388804967035406
1.319414627679909,-1.542461429941359,0.298366274877449
0.7575907442204953,-1.1531394706804217,-0.5300999511588846
0.8746373866078729,-1.2829134571007363,5.858285811780286
-0.7031513527739758,0.988131305254727,-0.010617570781949933
0.6218166390511377,-1.2080438495505534,0.4534372134315527
1.413051941589809,-0.8586523476497183,0.005752782880754345
-0.7874249352928876,0.7884790184542508,3.4808472473761287
-0.8857441148982851,0.8683399331744412,-0.6282694353419815
-0.7171969498604617,0.7435572539241411,-0.41519164876118986
1.731418808883476,-1.1132090133203263,-0.7078577785510123
-0.792106800988385,0.6686876463739581,-0.9000909990532483
-0.7593337411199192,0.6437311105238994,-1.0465819773275422
1.413051941589809,-0.5941130676390812,-0.16821512340618158
-1.3258394902748272,1.2077488207352542,-0.589896484151913
-0.7827430695973934,0.5688615029737164,2.5851625595157666
0.6592715646150977,-0.33955640196846615,-0.30733681064260254
-1.1900653851054661,1.9165144388769606,-0.5109397944604143
1.0853213429051538,-1.0832611703002533,0.9683927435995081
-0.7499700097289275,0.6786702607139872,-0.8750354095244792
-0.7640156068154134,0.7086181037340533,-0.38429326419525
-0.7452881440334334,1.2626531996053862,-0.676064551501902
-0.8670166521163051,0.7086181037340533,-0.15237114767475413
-0.7359244126424417,0.9182530048745585,-1.2971905104083596
1.6705545548420417,-1.8169833242920181,-0.8306617499178568
-0.7312425469469475,0.7385659467541265,-0.36618586335933306
-0.8155161294658593,0.7136094109040678,-0.49556955886713583
-0.7499700097289275,0.6636963392039505,-1.0724271337532263
0.3221772345394508,0.1495917006927129,0.47459760626887465
-0.8482891893343251,0.6287571890138628,-0.2466980729595313
-0.5720591133001157,1.157835749035137,-0.8859840704950337
0.3221772345394508,-0.8386871189696672,-0.5012544405249236
-1.433522401271213,1.2526705852653641,0.4030628454083765
-1.147928593846012,1.1877835920552102,0.12745136059191783
1.413051941589809,-0.9385132623699088,-0.6494298281793033
0.40176895136286833,0.30432222296308636,-1.1204854388787853
-0.7406062783379391,0.6137832675038262,-0.35597413149256585
-0.6891057556874933,0.6137832675038262,-0.11689327510670725
-0.7218788155559558,0.8134355543043095,-0.9287785963078261
-0.7125150841649674,0.7535398682641631,-0.5816849884239971
0.42517827984034257,-0.1349128079979754,-0.754389587675869
-0.8342435922478393,0.7285833324141044,0.5098649276644104
0.949547237735793,-1.138165549170385,0.9312830994445037
-0.6891057556874933,0.6487224176939139,-0.38476700433339905
1.637781494973576,-1.0533133272801871,-0.21100964921897378
-0.6937876213829874,0.5788441173137455,0.250623796510656
0.912092312171833,-0.6839565966992938,-0.9587295005974679
-0.8014705323793734,0.8583573188344192,2.188694701678187
1.0712757458186681,-1.4626005152211685,0.9063854232951177
1.0431845516456963,-1.3478004503108902,-0.6995410072368411
-0.8201979951613534,0.9631747694046684,0.8765924323848591
1.3428239561573831,-0.9834350269000186,0.1772993506838172
1.0806394772096564,-1.2379916925706267,-0.6973302199254791
-1.0121544886766545,0.9482008478946318,-1.174544452420898
-1.3071120274928438,1.2776271211154229,-0.40445353896314606
-0.5580135162136298,1.1728096705451736,-0.6385338050018763
-0.8248798608568509,0.7186007180740824,0.42417060045257043
0.6405441018331177,-1.183087313700495,0.15161210763751626
-0.918517174766751,0.7884790184542508,0.3970621369918225
-0.8248798608568509,0.9981139195947561,0.6959921641638371
-0.6937876213829874,0.6487224176939139,-0.6304802226533436
-1.3913856100117588,1.2526705852653641,0.9570756180770602
-0.899789711984771,0.8733312403444559,-0.5188354634295642
0.9589109691267846,-1.4526179008811464,0.8916994790124991
-0.7031513527739758,0.6686876463739581,0.22025178987599298
0.5469067879232143,-0.09997365780788764,-0.6045297906414042
-0.7031513527739758,0.7784964041142217,0.44490989094487104
-0.65165083012353,0.5339223527836358,1.0893017544137569
-1.3913856100117588,1.2626531996053862,0.14397962763400474
-1.3867037443162613,1.2726358139454153,1.4246571344301164
0.823136863957427,-1.2180264638905827,-0.16426728892160647
1.3100508962889175,-0.8237131974596306,0.3506356034532214
-0.8342435922478393,0.818426861474317,-1.0046296562047927
0.5656342507051977,-0.12493019365794628,-0.28833456732351503
-0.7452881440334334,0.6736789535439726,-1.2905581484742739
-0.773379338206405,0.6886528750540092,-0.5523130998587595
0.9776384319087646,-1.4526179008811464,0.1268197070743859
-0.9278809061577427,0.8134355543043095,0.7382603120453529
-0.8201979951613534,0.7435572539241411,-0.024040208029504545
0.7763182070024753,-1.128182934830363,-0.2565413402744048
-0.7874249352928876,0.6387398033538848,-1.1937046091193686
0.9916840289952504,-1.447626593711132,0.8481680240959194
1.4364612700672867,-0.7438522827394402,1.2861144629180996
0.4626332054043026,-1.1681133921904583,-0.2828602368382379
-0.792106800988385,1.4972446365959573,-1.4101512144603308
2.138741124391552,-1.4027048291810222,-0.5400484940600134
-0.8295617265523451,0.6187745746738408,1.3309618626628712
-0.6750601586010074,0.5588788886336944,-0.7390193520825906
1.5207348525861983,-0.2097824155481513,-0.5921599092564027
-0.7827430695973934,0.658705032033936,-1.0545829218829477
0.5609523850097001,-0.09498235063788016,0.7310489343868627
1.0431845516456963,-1.352791757480905,-0.5523130998587595
-0.8670166521163051,0.6986354893940312,-1.0278429229740933
1.3849607474168408,-0.883608883499777,1.0773529753737765
0.9355016406493104,-1.2479743069106486,0.37932320070779935
1.6799182862330302,-0.7488435899094477,-0.7609693118168273
-0.7218788155559558,0.8533660116644047,0.8837511722502214
1.375597016025849,-0.9634697982199675,-1.2630285826685046
0.7575907442204953,-1.1631220850204507,0.9831839634683824
0.8699555209123787,-1.1731046993604728,0.6809377553293247
-0.8389254579433334,0.7285833324141044,0.5204451240830714
0.9870021632997563,-1.4326526722010953,0.3510040680051147
0.8278187296529211,-0.6839565966992938,-0.4583020013327483
1.1836405225105482,-0.8237131974596306,-0.20827248397633524
1.3287783590708975,-1.5724092729614323,-0.9882593025420885
1.2304591794654998,-0.8736262691597478,0.13013588804142862
1.0478664173411905,-1.3378178359708683,-0.6919085272333295
-0.9325627718532369,0.8134355543043095,-1.174755003593409
1.0993669399916364,-1.1331742420003776,0.7365232648721398
0.5515886536187118,-0.07002581478781443,-1.1627009489671734
-0.07578134957763367,-0.5441999959389568,0.018754317783287674
-1.3024301617973497,1.327540192815547,0.33631812372249603
-0.33328396282986306,0.6487224176939139,-0.480251961066985
0.21449432354306489,0.25940045843297654,0.07949833105261421
-0.7359244126424417,0.5888267316537675,0.7690007832319097
1.0197752231682222,-1.3228439144608317,0.10597514099583016
-0.8716985178117993,0.6537137248639214,-0.7454411628441658
-0.6797420242965017,1.637001237356287,-0.8888791491170553
-0.8155161294658593,0.7884790184542508,0.3330019427554533
-0.9278809061577427,0.9581834622346538,0.8986476677053507
0.4111326827538567,0.004843792762361468,-1.161806106484003
0.8325005953484154,-1.1431568563403995,1.8504442430398056
-0.7218788155559558,0.8383920901543681,-0.22390590853525202
-0.8716985178117993,0.8234181686443315,-0.1835327212063324
-1.3305213559703213,1.307574964135496,-0.9675200120497882
-0.7312425469469475,0.5938180388237821,-0.2622262219321928
-1.3071120274928438,1.1927748992252178,-0.10736583455059971
-0.65165083012353,0.5688615029737164,0.07107628415218765
0.785681938393467,-1.2479743069106486,1.8043861740530982
-0.7686974725109076,0.6337484961838774,-1.073269338443269
-0.8155161294658593,0.7036267965640458,-0.8868262751850763
-0.862334786420811,0.7884790184542508,0.045231127726503624
-0.9278809061577427,0.8034529399642875,0.9837103413996587
0.8325005953484154,-1.138165549170385,0.9153338481268212
-0.562695381909124,-0.075017121957829,-0.8028689951464492
-0.24432851461545713,-0.5092608457488762,-0.37671342198486624
-0.899789711984771,0.7735050969442142,0.7990043253146795
0.32685910023494497,0.14460039352269832,-1.626861008766931
-0.9278809061577427,0.9382182335546098,1.1767331287988099
-0.9934270258946744,0.9282356192145877,4.8832233318834035
-0.8248798608568509,0.7435572539241411,0.14208466708140896
1.2772778364204516,-1.2180264638905827,0.5725039014863331
-0.7874249352928876,0.6337484961838774,-0.8777725747671178
1.0104114917772304,-0.8137305831196086,-0.7321238011828662
1.6143721664960984,-0.9834350269000186,-0.7375454938750159
2.33069761790685,-1.0483220201101724,-0.9050389516072488
1.1836405225105482,-1.3378178359708683,-0.49120062203753945
1.2351410451609974,-0.8436784261396818,0.2852068265955323
-0.843607323638831,0.733574639584119,0.09981651919989311
-1.3352032216658154,2.001366660767166,0.3920089088515667
0.9963658946907447,-0.6639913680192496,-0.8781410393190116
-0.7967886666838793,0.6287571890138628,0.2216203724973119
0.8184549982619328,-1.108217706150319,0.7931088924843807
0.9542291034312904,-1.2829134571007363,0.4957579991061961
-1.377340012925273,1.1977662063952323,0.3412134384833692
1.5581897781501584,-0.20479110837814382,-0.1731630759601821
-0.7312425469469475,0.8583573188344192,3.8094123520790193
0.7997275354799528,-1.213035156720568,0.7054143291336893
1.3147327619844116,-0.883608883499777,0.9867106956079358
-0.63292336734155,0.40913967353333547,0.43169780486982684
-0.6797420242965017,0.6686876463739581,-0.09641717358004524
-0.8342435922478393,0.8833138546844779,0.9314936506170143
0.9401835063448046,-1.2529656140806633,-0.2751751190415986
0.8325005953484154,-1.1531394706804217,0.26846800838093476
0.7950456697844553,-1.1631220850204507,0.1870373424124356
0.7716363413069811,-1.1980612352105313,1.459661266860014
-0.792106800988385,0.5788441173137455,0.4562796542604466
1.2960052992024316,-0.8886001906697845,-0.36618586335933306
-0.7265606812514533,0.6087919603338188,0.42801315935088996
1.0572301487321822,-1.1780960065304873,1.8285469210986967
-0.0195989612316903,0.1196438576726397,-1.096903707557591
0.8278187296529211,-1.1980612352105313,1.0572453383990081
1.0057296260817363,-1.3278352216308462,-1.019526151659922
-1.377340012925273,1.23270535658532,-0.8740352914550535
-0.8342435922478393,0.5988093459937897,1.2049996237083667
0.9401835063448046,-0.6639913680192496,-1.1548579177911509
0.8465461924349013,-1.1631220850204507,0.6376694893783832
-0.8904259805937826,1.2876097354554519,-0.9867328065413863
-0.7406062783379391,0.8733312403444559,-0.3719233828102486
1.5488260467591668,-0.2097824155481513,-0.37276558750029115
-1.3211576245793297,1.1628270562051517,1.4303946538810317
0.27067671188900494,0.23943522975292542,-0.9919965858541528
2.241742169692444,-0.5441999959389568,-0.7175957702796305
0.9074104464763387,-1.2180264638905827,1.0325055756290054
0.05062902420073559,0.16955692937275696,-0.9673094608772775
-0.7406062783379391,0.5638701958037089,0.9680242790476145
-0.05237202110015616,-0.5591739174489935,-0.4977803461784978
-0.9793814288081886,0.9082703905345365,0.6421963395873627
-0.7031513527739758,1.1428618275251006,-1.0691109527861835
-0.42692127673976643,-0.34953901630848816,-0.32307551078777463
1.5722353752366443,-1.9068268533522377,-0.24443464785504182
0.9682747005177763,-1.2779221499307218,-0.2170629954286555
1.5394623153681783,-0.2247563370581879,-0.3321818489988609
0.9355016406493104,-1.2579569212506778,0.43754059990699773
-0.843607323638831,0.6237658818438553,-0.013196822645205395
1.3428239561573831,-1.60734842315152,-0.06351855287525406
-0.8716985178117993,0.6836615678839947,-0.9953654046143234
-0.6797420242965017,0.733574639584119,1.0650357317819028
-0.8670166521163051,1.2526705852653641,-0.6769067561919446
1.3334602247663916,-0.9235393408598722,-1.0027346956521968
-1.3117938931883413,1.3125662713055106,-0.04609544334999658
0.7810000726979694,-1.0882524774702678,-0.7187538017284392
-1.3398850873613097,1.2376966637553275,-0.4122439323460407
-0.6844238899919958,0.6237658818438553,0.10218521989063817
-1.2087928478874495,1.1378705203550858,-0.3705548001889292
-0.7406062783379391,0.6187745746738408,-0.947517650661275
0.7997275354799528,-1.1930699280405168,0.3024720227414067
1.1134125370781223,-0.8736262691597478,-0.6285852621007475
-0.1600549320965454,-0.5392086887689495,-0.3626064934266517
-0.9419265032442286,0.818426861474317,0.36590056346024447
0.7903638040889611,-1.1631220850204507,-0.050990758110869554
1.3802788817213432,-0.9435045695399163,0.010911286607265503
0.9916840289952504,-0.9235393408598722,-0.18237468975752366
1.2960052992024316,-0.8237131974596306,0.43596146611316766
1.4411431357627809,-0.9135567265198502,-0.01851323975109965
-0.8482891893343251,0.5988093459937897,1.2555845429040535
1.3147327619844116,-1.5574353514513957,-0.006511822917991978
-0.7499700097289275,0.9631747694046684,0.503969494834112
-0.7171969498604617,1.1029313701650052,-0.8159758056352381
1.1087306713826282,-1.1431568563403995,-0.15000244698400908
1.4364612700672867,-0.8536610404797038,-0.4471427891896832
-0.6891057556874933,0.573852810143731,0.07902459091446538
-0.35201142561184307,1.2876097354554519,-0.3778714534336748
-0.8155161294658593,0.8633486260044267,1.012976954378641
-0.6376052330370441,0.15458300786272036,0.07170793766971958
-0.8763803835072967,0.7186007180740824,0.0339666399971832
-0.6750601586010074,0.6237658818438553,-0.4488798363628961
-0.7312425469469475,0.5888267316537675,0.19366970434652148
-1.3352032216658154,1.1728096705451736,-0.22001071184380472
-0.7640156068154134,0.6387398033538848,-0.5779477051119329
-1.3071120274928438,1.1927748992252178,-0.16321453305905329
0.8090912668709411,-1.2379916925706267,1.9281376256962404
0.8184549982619328,-1.148148163510414,0.880224440110668
-0.7640156068154134,0.5439049671236578,-0.3498155096966288
1.2210954480745115,-1.5274875084313224,-0.7120688020012256
-0.8061523980748709,0.7036267965640458,-0.37897684708935575
-0.7499700097289275,0.9282356192145877,-0.23369653805699797
-0.7686974725109076,0.6836615678839947,-0.35413180873309735
-1.3492488187523013,1.1877835920552102,-1.755297223998436
-1.3539306844477954,1.242687970925342,-0.19100728783046084
-0.16473679779203956,-0.5441999959389568,-0.890668834083396
-1.3211576245793297,1.3425141143255837,0.17408844530302958
-0.8576529207253167,0.7385659467541265,0.3223691085436648
-0.5533316505181324,0.5339223527836358,1.125937658430612
-0.881062249202791,0.8583573188344192,-0.6872237636449672
0.7622726099159894,-1.1132090133203263,0.5345520526412857
0.27067671188900494,-0.7738001257595133,-0.9264098956170811
-0.8389254579433334,0.7435572539241411,0.5127600062864323
0.518815593750246,-0.09997365780788764,-1.2190760254069035
1.0291389545592105,-1.352791757480905,-0.616373294095129
0.9870021632997563,-0.9235393408598722,-0.3793453116412495
1.0431845516456963,-1.2479743069106486,-0.39513664957954914
1.0900032086006481,-1.2080438495505534,1.9717743561990755
-0.6469689644280358,0.6437311105238994,-0.18384854796509836
-0.7593337411199192,0.6287571890138628,-0.7076472273785016
0.5328611908367318,-0.1199388864879388,-0.2338018136432533
-0.6610145615145216,0.5289310456136211,0.16545584723009238
0.9776384319087646,-1.1780960065304873,0.5474483119575642
0.7950456697844553,-1.108217706150319,1.4699782743130363
-0.7078332184694733,0.8733312403444559,0.7365759026652674
1.675236420537536,-1.2180264638905827,-0.8436632848203903
-0.46437620230372645,-0.43938254536870774,-0.3442359036250964
0.7997275354799528,-1.1331742420003776,0.19967041276307543
1.2538685079429774,-1.352791757480905,-1.1110106361158054
1.370915150330355,-0.9285306480298868,-0.6995410072368411
-0.8389254579433334,0.7086181037340533,-0.06351855287525406
-1.3258394902748272,1.1628270562051517,-0.4051378302738055
-0.8904259805937826,0.7884790184542508,0.2654676541726578
-0.8670166521163051,0.6936441822240167,-0.9442014696942321
1.0853213429051538,-1.2529656140806633,0.6298264582023609
1.3334602247663916,-1.4526179008811464,0.4038524123052915
-0.7967886666838793,1.1778009777151883,0.6061920890880393
-0.7312425469469475,0.6836615678839947,-0.9879961135764502
-0.6984694870784817,0.6936441822240167,2.021780259670358
0.9214560435628246,-1.4027048291810222,-0.26712153669306576
-0.792106800988385,1.212740127905269,1.2904833997476959
0.912092312171833,-1.2479743069106486,1.1556253737546156
-0.8482891893343251,0.6487224176939139,0.2621514732056146
1.516052986890701,-1.532478815601337,-1.2089695691263915
1.5769172409321384,-0.8636436548197258,0.08291978760591247
-0.7171969498604617,0.8034529399642875,-0.3026520470542402
1.3615514189393632,-1.60734842315152,-0.04941162431703952
-0.8061523980748709,0.9831399980847195,1.7724350336246046
0.6171347733556435,-1.1731046993604728,-0.11105048006953638
1.0946850742961423,-0.8586523476497183,-1.35514472064192
-0.8295617265523451,0.6986354893940312,-0.44514255305083184
-0.6797420242965017,0.6387398033538848,0.017596286334479152
0.5422249222277201,-0.11494757931792424,0.692886534369305
-0.7640156068154134,0.658705032033936,-1.1751234681453022
-0.8763803835072967,0.7834877112842362,-0.5065708576308179
1.3100508962889175,-1.128182934830363,-0.8665607248309249
0.23790365202053906,-0.8137305831196086,0.04949478896984468
0.37367775718989665,-0.8736262691597478,-0.6081617983672131
-0.7780612039018993,0.6487224176939139,-0.9449910365911471
1.7033276147105076,-0.9934176412400406,-0.08325772529812882
-0.8670166521163051,0.7086181037340533,-0.1323161484931134
0.860591789521387,-1.3278352216308462,-0.13036855014738963
0.631180370442126,-1.2180264638905827,-0.6746433310874551
-0.9466083689397227,0.9282356192145877,-0.6242163252711511
-0.7827430695973934,0.6636963392039505,-1.121748745913849
0.7341814157430211,-1.063295941620209,0.4102215852737392
-0.862334786420811,0.7784964041142217,1.006976245962087
-0.7593337411199192,0.9182530048745585,0.13387317135349305
-0.8716985178117993,0.8383920901543681,0.3171579670240259
0.20513059215207322,0.2793656871130206,-1.1898094124279213
-1.255611504842398,1.1528444418651225,1.6363663383895883
2.1855597813465004,-0.7588262042494768,-0.11736701524485631
1.2491866422474798,-1.3677656789909414,0.015438136816244738
1.0806394772096564,-1.382739600500978,-0.3925047599231659
-0.7312425469469475,0.9731573837446904,-0.6858551810236481
0.4392238769268284,-1.118200320490341,1.6269441734197363
1.6284177635825843,-1.0533133272801871,0.10097455064870187
-0.7499700097289275,1.2726358139454153,0.1923537595183301
-0.7312425469469475,0.6736789535439726,-1.1182220137742958
-0.67037829290551,0.5339223527836358,-0.863402457243265
1.0010477603862422,-1.4326526722010953,0.6885702353328362
0.9589109691267846,-1.2629482284206852,-0.2460664194419994
0.28940417467098495,0.12463516484265426,-0.544364793096482
-1.0074726229811601,0.9531921550646464,-0.7822349802404043
0.39240521997187666,-0.6889479038693083,-0.337656179484138
1.0993669399916364,-0.8436784261396818,-1.5225329027878973
1.0665938801231705,-1.3577830646509195,0.09628978706033976
-0.09919067805510785,0.27437437994301317,-1.2690292910850585
-0.6984694870784817,0.5938180388237821,1.166942499277064
0.3128135031484591,0.1346177791826763,0.7840551920664222
-1.358612550143293,1.212740127905269,0.06807592994391068
1.375597016025849,-1.3428091431408828,-0.8805097400097563
-0.843607323638831,0.8783225475144634,3.3089848528142998
-0.7546518754244217,0.6038006531638042,-0.0033535553303319044
-0.8201979951613534,0.6337484961838774,-0.3228123218221362
-0.8061523980748709,0.8234181686443315,1.216895764955219
2.25578776677893,-2.2262705122330066,-0.6639052212894113
-0.9325627718532369,0.818426861474317,-0.7056469912396504
-0.6891057556874933,0.5389136599536503,1.3818099708241962
0.9355016406493104,-1.2529656140806633,0.10397490485697884
-0.7265606812514533,0.6237658818438553,0.14329533632334526
-1.358612550143293,1.2926010426254593,0.6399329144828731
-0.8670166521163051,1.167818363375159,-0.9969445384081534
-0.5158767249541724,1.1179052916750418,-0.4086645624133593
-0.7593337411199192,0.733574639584119,-0.6372704979668122
1.0993669399916364,-1.3777482933309635,1.12688513870691
1.0665938801231705,-0.8536610404797038,-1.1478570913051716
1.375597016025849,-1.6822180307016958,0.647354843313874
2.316652020820364,-1.3977135220110146,-0.9037230067790571
-1.358612550143293,1.2626531996053862,-0.16921524147560724
1.3240964933754031,-1.5923745016414834,0.1765624215800302
-0.7406062783379391,1.147853134695115,-0.37371306777658925
-0.6750601586010074,0.1945134652228156,-0.5340477856434594
1.979557690744717,-0.7837827400995354,-0.8740879292481811
-0.8014705323793734,0.7385659467541265,-0.17116283982133076
0.9682747005177763,-1.4326526722010953,0.5585548863075015
1.033820820254708,-1.352791757480905,-1.1729126808339403
-0.8904259805937826,0.7834877112842362,1.5100882726763176
1.4879617927177324,-1.4875570510712273,0.006542349777669363
1.0759576115141622,-0.8486697333096892,-0.9188826911998249
-0.7546518754244217,0.5788441173137455,-0.19395500424561005
-1.377340012925273,1.2277140494153056,-0.937305918794508
-0.7265606812514533,0.6287571890138628,-0.6142151445768945
0.9589109691267846,-1.447626593711132,0.3490038318662634
-0.862334786420811,0.6886528750540092,-0.912566156024505
0.8746373866078729,-0.6240609106591474,0.3252641871656862
0.8699555209123787,-1.352791757480905,1.600888465821542
-0.014917095536196127,0.11465255050262514,-1.018262844624858
-1.1432467281505179,1.1778009777151883,0.49717921952064303
-0.8763803835072967,0.8633486260044267,-0.10004918130585415
0.6218166390511377,-1.2080438495505534,-0.6556937255614954
-1.3258394902748272,1.3025836569654885,-1.3378268867029177
-0.7593337411199192,0.6437311105238994,-1.135066107575149
-0.6937876213829874,0.9432095407246172,1.5320908702036822
-0.7218788155559558,0.7385659467541265,-0.8024478928014279
1.0759576115141622,-0.8586523476497183,-0.5725786502129109
-0.792106800988385,0.6337484961838774,-0.9786792241928534
-0.810834263770365,0.7485485610941556,-0.0018270593296296446
0.7950456697844553,-0.02510405025771173,-0.446511135672151
0.518815593750246,-0.09498235063788016,-1.351617988502366
0.766954475611487,-1.128182934830363,1.474136659970122
0.3221772345394508,0.1196438576726397,-1.1874407117371764
-0.8342435922478393,0.8433833973243827,-0.5762632957318475
-0.843607323638831,0.7385659467541265,1.0821430145483941
-0.9746995631126943,0.9382182335546098,2.3459764275436528
1.352187687548375,-1.203052542380546,-0.5641566033124843
1.0853213429051538,-1.3877309076709856,-0.4195079477976585
1.0150933574727246,-1.4226700578610734,0.31610521116147217
0.7997275354799528,-1.2280090782306046,1.1512037991318917
-0.7827430695973934,0.733574639584119,0.04433628524333329
-0.8482891893343251,2.2908624766278614,-0.3479205491440328
-0.7359244126424417,0.583835424483753,1.4547133143060131
0.7435451471340094,-1.0982350918102897,0.34289784786345434
-0.8248798608568509,1.1728096705451736,-0.6556937255614954
1.0431845516456963,-1.3478004503108902,-0.3793453116412495
1.0104114917772304,-1.4126874435210512,-1.271450629568931
0.785681938393467,-1.2679395355907,5.231474971216041
1.370915150330355,-0.9534871838799455,-0.5350479037128851
-0.7406062783379391,1.1977662063952323,0.17645714599377463
-0.8389254579433334,0.5988093459937897,0.5725039014863331
0.930819774953813,-1.2529656140806633,0.9313357372376312
1.464552464240255,-0.8187218902896161,-0.37497637481165313
-0.23964664891996296,0.5688615029737164,-0.3197593298207317
0.9589109691267846,-1.2629482284206852,-0.7030677393763947
1.1227762684691138,-0.8935914978397991,-0.15910878519509533
0.9401835063448046,-0.7288783612294035,-0.3803980675038027
-0.7593337411199192,0.7485485610941556,-0.3332872426545419
1.483279927022235,-1.0732785559602311,-1.007893199378708
1.0010477603862422,-1.4276613650310879,-0.30138874001917637
0.8840011179988646,-1.1980612352105313,0.6378274027577663
-0.8061523980748709,0.6886528750540092,-0.9776264683303001
0.20044872645657905,0.29433960862305725,-0.8041323021815132
1.4364612700672867,-0.8436784261396818,0.26946812645036045
-0.6750601586010074,0.5688615029737164,0.13387317135349305
-0.7546518754244217,0.988131305254727,0.4816510705479818
-0.6282415016460557,0.5638701958037089,-0.37471318584601493
0.8465461924349013,-1.2729308427607144,0.5286566198109873
-0.13664560361906788,0.25940045843297654,0.09592132250844602
1.3662332846348575,-0.9335219551998942,-0.4677241663026005
-0.7452881440334334,0.8284094758143461,0.40095733368326963
-0.8155161294658593,0.658705032033936,-0.7458622651891871
1.338142090461889,-0.968461105389982,0.12071372307157639
1.693963883319516,-0.8137305831196086,0.25351887513267746
0.9963658946907447,-1.4076961363510367,0.33426524979051714
-0.5720591133001157,1.1378705203550858,-1.2079694510569658
-0.7593337411199192,0.6636963392039505,-1.0410550090491375
-0.65165083012353,0.6437311105238994,0.3049459990184073
-0.7546518754244217,0.6087919603338188,-1.1098526046669968
-0.8295617265523451,0.7735050969442142,0.9459164059339948
0.8933648493898529,-1.213035156720568,0.6795165349148777
1.427097538676295,-0.9035741121798211,0.10350116471883002
-1.3117938931883413,1.1877835920552102,0.07407663836046463
1.0712757458186681,-1.2379916925706267,0.4414884343915723
0.42986014553583674,-1.148148163510414,0.6737263776708344
-0.11791814083708788,0.29433960862305725,-1.2591333859770573
-0.8014705323793734,1.0480269912948734,-0.11178740917332364
0.49540626527276843,-1.043330712940158,-0.04183178210665576
1.1134125370781223,-1.1231916276603484,-0.20974634218390995
-0.7499700097289275,0.5339223527836358,-0.1187355978661757
-0.6469689644280358,0.18952215805280814,0.15582313108772955
-1.1432467281505179,1.0979400629949907,-1.007735285999325
0.4579513397088084,0.059748171632493303,-0.041568593141017345
-0.6891057556874933,0.46903535957348186,1.1309382487777404
-0.918517174766751,0.7834877112842362,0.4957579991061961
1.427097538676295,-0.9235393408598722,-0.0766780011571705
1.8625110483573395,-0.2547041800782611,-0.5752631776624219
-0.7406062783379391,0.6786702607139872,-0.7109634083455446
-1.377340012925273,1.2227227422452909,-0.9492546978344881
0.4485876083178201,-1.1581307778504362,1.6040467334092012
0.7575907442204953,-1.138165549170385,0.8544319214781115
-0.6750601586010074,0.6337484961838774,-0.19074409886482244
2.31197015512487,-1.382739600500978,-0.9638880043239793
0.8559099238258929,-1.3228439144608317,1.1342544297447834
-0.8295617265523451,0.7285833324141044,0.5894006330803138
0.8933648493898529,-1.352791757480905,0.052231954212483236
1.3662332846348575,-0.9634697982199675,0.9314410128238868
-0.6048321731685783,0.978148690914705,0.5219716200837738
0.9823202976042588,-1.4326526722010953,0.8903835341843073
-0.7031513527739758,0.25940045843297654,0.5979279555669954
1.5769172409321384,-0.9335219551998942,-0.7653382486464234
-0.8529710550298193,0.6437311105238994,0.7015191324422422
0.9682747005177763,-1.2679395355907,-0.90298607767527
-0.7593337411199192,0.5588788886336944,1.305906273134102
-1.3632944158387872,1.2926010426254593,0.33837099765447487
1.0993669399916364,-0.8636436548197258,0.1601920679173259
-0.7406062783379391,0.5938180388237821,0.1946171846228196
-1.2977482961018554,1.3225488856455325,-0.7902885625889371
1.1508674626420856,-0.44437385253871525,-0.4583020013327483
0.6499078332241094,-0.968461105389982,0.08060372470829495
-0.7171969498604617,0.9182530048745585,1.0624564799186471
-0.8061523980748709,0.8383920901543681,-0.07294071784510626
-0.6984694870784817,1.147853134695115,0.30152454246510907
-1.2977482961018554,1.2926010426254593,0.10455392058138323
0.7903638040889611,-1.148148163510414,-0.6257954590649812
2.3775162748618017,-1.372756986160949,-0.7722337995461477
1.1040488056871338,-1.1930699280405168,-0.47983085872196374
-1.2743389676243813,1.212740127905269,-0.04577961659123062
1.0900032086006481,-0.8287045046296452,-1.165596027589195
-0.7359244126424417,0.7735050969442142,-0.8490323397194124
0.4626332054043026,-1.1731046993604728,0.24078052919578252
-0.8201979951613534,0.7285833324141044,-0.14810748643141308
2.6631100822870026,-1.2579569212506778,-0.8550856859290938
0.804409401175447,-1.148148163510414,-0.49925420438607226
1.1649130597285682,-0.5941130676390812,-0.011512413265120038
-0.5580135162136298,-0.12493019365794628,-0.14068555760041218
-0.7125150841649674,0.7036267965640458,0.1555073043289638
2.354106946384324,-1.3927222148410001,-0.9784160352272151
-0.773379338206405,0.7635224826041851,-0.4583020013327483
-0.9512902346352169,1.1029313701650052,-0.3394458644504787
-0.7452881440334334,0.9581834622346538,-0.7189643529009498
0.9682747005177763,-1.2928960714407585,-0.46267093816234467
1.3475058218528775,-0.9435045695399163,-1.1531208706179383
1.0806394772096564,-1.4825657439012196,0.6909915738167088
-0.14132746931456538,0.23943522975292542,0.5928747274267396
-1.1432467281505179,1.0979400629949907,0.16677179205828424
0.6030891762691577,-1.0932437846402823,-0.24117110468112643
-0.65165083012353,1.3524967286656058,-0.3886095632317186
-1.3211576245793297,1.1977662063952323,0.6261944504765521
-0.8248798608568509,0.6337484961838774,0.6281946866154035
-1.3492488187523013,1.1728096705451736,0.37748087794833063
-1.3539306844477954,1.402409800365723,0.4558585519154253
-0.6422870987325416,0.5139571241035845,0.9582862873189965
-0.7359244126424417,0.6137832675038262,-0.1697942572000116
0.6077710419646518,-1.1032263989803044,-0.7713389570629774
-0.7031513527739758,0.978148690914705,0.3107887940555782
-0.8716985178117993,0.6986354893940312,-0.39782117702906017
-0.15069120070555372,0.26439176560298405,0.17108809109475306
-0.6844238899919958,1.1428618275251006,-1.1185904783261893
0.2753585775844991,0.10966124333261766,-1.277925078123634
1.2772778364204516,-1.2080438495505534,-0.18569087072456658
-1.3445669530568072,2.001366660767166,0.32184273061238794
0.7810000726979694,-0.45435646687874437,-1.2253925605822233
-0.8295617265523451,0.7285833324141044,0.7991622386940621
-0.7967886666838793,0.8134355543043095,0.11192321161925657
-0.7827430695973934,0.5588788886336944,0.975025105533594
1.0431845516456963,-1.2280090782306046,1.7869630645278407
1.0291389545592105,-1.3478004503108902,-1.459893928965975
1.408370075894315,-0.8536610404797038,-0.1267891802147085
-0.7406062783379391,0.6287571890138628,-0.7985526961099806
-1.236884042060418,2.0762362683173485,-0.24575059268323343
1.960830227962737,-1.2679395355907,-0.6556937255614954
-0.8529710550298193,0.7884790184542508,-0.8794043463540754
1.0712757458186681,-1.4626005152211685,1.2067366708815792
0.9167741778673304,-1.4076961363510367,1.1405183271269757
1.960830227962737,-1.0083915627500772,-0.8000791921106831
-0.9512902346352169,0.9332269263845951,-0.39876865730535804
-0.7406062783379391,0.41413098070335,2.1306352158583715
-0.67037829290551,0.5988093459937897,-0.46561865457749385
-0.8061523980748709,0.6836615678839947,-0.5218358176378409
-0.8014705323793734,0.5988093459937897,0.5780308697647378
-1.3820218786207672,1.242687970925342,-0.49420097624581644
1.0900032086006481,-0.8935914978397991,0.06397018207995273
-0.8529710550298193,0.8783225475144634,2.66085570603335
-1.3117938931883413,1.2876097354554519,-0.35413180873309735
1.2538685079429774,-1.3428091431408828,0.7231006276245849
1.413051941589809,-0.8486697333096892,0.7496827131540564
-1.3211576245793297,1.2177314350752835,-0.5818955395965077
-0.7640156068154134,0.7435572539241411,-1.5206905800284292
-1.129201131064032,1.1728096705451736,-1.1311709108837014
-0.7312425469469475,0.9082703905345365,0.7138890138272433
-0.5720591133001157,1.127887906015064,-1.232709213826969
-0.8061523980748709,0.6387398033538848,-0.7351241553911433
-0.7406062783379391,0.8932964690244999,0.027229002476842002
-0.7546518754244217,0.5888267316537675,-0.22801165639920998
-1.3445669530568072,1.2726358139454153,-1.496424557396575
-0.4737399336947181,-0.2696781015882977,1.2310553313065609
-0.8951078462892768,1.2476792780953567,-0.5644724300712505
-0.14132746931456538,0.28934830145304974,-1.1538577997217252
-0.6937876213829874,0.7385659467541265,-0.8625076147600947
1.0619120144276764,-1.3428091431408828,2.0859983672861104
1.1180944027736197,-0.8786175763297625,0.22641041167192957
-0.7312425469469475,0.9132616977045511,-0.44282649015321457
0.8559099238258929,-1.3278352216308462,0.2874176139068943
1.0431845516456963,-0.3295737876284441,-0.7417565173252292
-0.8014705323793734,0.583835424483753,1.0944602581402683
1.2585503736384716,-1.1930699280405168,0.09218403919638157
-0.67037829290551,0.18952215805280814,-0.9035124556065465
1.033820820254708,-1.3478004503108902,-0.8896160782208427
1.942102765180757,-1.2928960714407585,-0.813607104944493
1.5675535095411468,-1.6323049590015786,-1.1322763045393824
-0.0710994838821395,-0.554182610278986,-0.5742104217998687
0.9542291034312904,-1.1032263989803044,0.7338913752157565
1.1742767911195597,-0.8586523476497183,-0.3352348410002654
-0.8201979951613534,0.8483747044943901,-0.12052528283251614
0.7903638040889611,-0.43938254536870774,0.5004427626945582
1.0057296260817363,-1.4276613650310879,-0.46925066230330276
0.9635928348222788,-1.457609208051154,0.5615552405157784
-0.8201979951613534,0.5988093459937897,1.1007767933155879
1.375597016025849,-1.4326526722010953,-0.11989362931498422
1.7407825402744677,-1.0383394057701505,-1.1135372501859333
-0.792106800988385,0.7984616327942728,0.8896466050805202
-0.8763803835072967,0.7435572539241411,-1.362987751817942
0.930819774953813,-0.7089131325493524,-1.220760434786989
1.3428239561573831,-0.9335219551998942,-1.3001382268235089
-0.8951078462892768,0.8234181686443315,0.8840143612158595
-0.7780612039018993,0.658705032033936,-0.8311354900560058
1.0104114917772304,-1.3128613001208096,-0.6588519931491552
-0.7406062783379391,0.7884790184542508,-0.041568593141017345
-0.7780612039018993,0.6187745746738408,0.15413872170764442
0.7950456697844553,-1.0932437846402823,0.9263877846836309
-0.7265606812514533,0.2843569942830352,0.8232177101534055
1.6846001519285243,-0.2547041800782611,0.49875835331447305
-0.31455650004788305,-0.4244086238586712,-0.8730878111787554
0.7529088785250011,-1.1681133921904583,0.45122642612019076
0.8465461924349013,-1.1531394706804217,0.31610521116147217
-0.810834263770365,0.6137832675038262,0.45896418170995784
-1.3492488187523013,1.2277140494153056,-0.9251992263751448
-0.6610145615145216,0.5139571241035845,-0.13263197525187936
-0.881062249202791,0.8234181686443315,-0.6455872692809835
-1.4288405355757188,1.23270535658532,0.5231822893257102
0.27067671188900494,0.22945261541290338,-1.2264453164447766
-0.7827430695973934,0.6237658818438553,-0.010249106230056195
-0.5486497848226382,0.15458300786272036,0.07197112663535776
1.1087306713826282,-0.7738001257595133,-0.2338018136432533
1.1602311940330738,-1.3328265288008536,-0.8140808450826421
-0.6891057556874933,0.7685137897741997,1.7322197596750681
1.356869553243869,-0.9584784910499529,-0.25269878137608526
-1.218156579278438,1.157835749035137,1.6117318512058407
-0.8295617265523451,0.8084442471342949,0.7049405889955405
-0.9278809061577427,0.818426861474317,-0.589896484151913
-0.8716985178117993,0.6986354893940312,-0.43182519138953235
-0.7827430695973934,0.6437311105238994,-1.3914121601068816
1.1415037312510938,-1.4875570510712273,-0.42814054587059563
-0.8763803835072967,1.4972446365959573,-0.386504051506612
1.5722353752366443,-1.5374701227713516,-1.0598993389888418
-0.11791814083708788,0.2993309157930718,-1.313666139657319
-1.3305213559703213,1.2676445067754007,-0.6158995539569799
-1.3117938931883413,1.242687970925342,1.3490166257056606
-0.7499700097289275,0.5488962742936724,-0.0697824502574462
-1.433522401271213,1.2376966637553275,0.36005776842307363
-0.7265606812514533,0.6038006531638042,-0.36539629646241806
-0.38010261978481474,0.3192961444731159,0.0855516772622957
1.0946850742961423,-1.3777482933309635,-0.1707417374763095
-0.7031513527739758,1.147853134695115,-0.42035015248770125
-0.6282415016460557,1.402409800365723,-0.5523130998587595
-0.67037829290551,0.6187745746738408,-0.13873795925468865
-0.10387254375060535,0.33427006598315245,-0.40892775137899773
0.860591789521387,-1.1681133921904583,1.5777278368453682
0.9448653720402987,-0.7039218253793449,1.8493914871772523
0.7903638040889611,-0.04007797176774833,-0.7970262001092783
-0.8061523980748709,0.6986354893940312,-0.037199656311421206
-0.6937876213829874,0.5938180388237821,0.2278842698795045
1.2538685079429774,-0.34953901630848816,-0.41882365648699876
0.3221772345394508,0.12463516484265426,-0.09536441771749204
-0.8155161294658593,1.5271924796160232,-1.0109988291732401
0.2753585775844991,0.12463516484265426,-0.12442047952396346
-0.7359244126424417,0.8583573188344192,1.9254530982467295
-0.7780612039018993,0.6537137248639214,-1.2307089776881177
0.5141337280547484,-0.15986934384803403,-0.6611680560467728
-0.7078332184694733,0.8433833973243827,0.6843592118826229
0.5515886536187118,-0.15487803667801947,-1.3415115322218545
1.1274581341646082,-0.7688088185894988,-0.49825408631664664
0.9963658946907447,-1.447626593711132,-0.46361841843864254
-0.6937876213829874,1.1628270562051517,1.1208317924972286
0.5515886536187118,-0.08000842912784356,-0.5752631776624219
-0.8482891893343251,0.8134355543043095,0.006384436398286266
0.785681938393467,-1.1880786208705094,-0.12710500697347446
-0.7265606812514533,1.1179052916750418,-0.36360661149607737
-0.6937876213829874,1.5870881656561697,-0.9963128848906214
-0.5673772476046182,-0.050060586107770366,-0.9508338316283181
1.4224156729808008,-0.8686349619897404,0.5009691406258351
-0.8248798608568509,0.7934703256242583,-0.28991370111734505
1.0057296260817363,-1.4426352865411174,-0.21590496397984676
1.0197752231682222,-1.3577830646509195,-1.6149648675200787
1.8156923914023877,-0.9934176412400406,-1.318719367797575
-0.7546518754244217,0.7186007180740824,-0.8366098205412832
1.1040488056871338,-1.1331742420003776,-0.26749000124495953
-0.3426476942208547,-0.45435646687874437,-0.4288774749743831
1.408370075894315,-0.8336958117996527,0.7307857454212245
-0.7078332184694733,0.9581834622346538,1.230476315582157
-0.6422870987325416,0.5638701958037089,0.10976506210102216
0.9963658946907447,-1.3328265288008536,0.3888506412639066
0.27067671188900494,0.1046699361626031,-0.7724443507186584
-0.8201979951613534,0.8982877761945145,2.2323840699741497
-0.9466083689397227,0.9432095407246172,1.1570992319621904
-1.3539306844477954,1.2277140494153056,-0.3308132663775415
0.9542291034312904,-1.1531394706804217,1.3589651686067892
-0.792106800988385,0.6686876463739581,-0.8092381681148969
-1.1385648624550204,1.147853134695115,0.2545189932021031
-0.7967886666838793,0.6137832675038262,-0.8436632848203903
-1.3726581472297754,1.212740127905269,-1.2094959470576685
1.1789586568150539,-1.2080438495505534,-0.7050153377221184
0.7810000726979694,-1.1930699280405168,0.2302529705702491
-0.8670166521163051,0.6836615678839947,-0.8107120263224715
1.2819597021159457,-1.4076961363510367,1.5419341375185558
-0.9887451601991769,0.9432095407246172,0.9908164434718935
1.1742767911195597,-1.3278352216308462,-0.8238188368112602
0.7154539529610378,-1.1631220850204507,0.7189948797606273
-0.6656964272100158,0.5239397384436137,0.2397277733332293
-0.899789711984771,0.8982877761945145,1.8125450319878862
-0.7312425469469475,0.6487224176939139,-0.7751288781681693
-0.9044715776802651,0.8433833973243827,0.849010228785962
1.2117317166835198,-1.457609208051154,-0.16105638354081886
-0.918517174766751,1.6968969233964333,-0.6839075826779243
-0.9466083689397227,0.9132616977045511,-0.06762430073921201
-0.862334786420811,0.7485485610941556,1.030452701697026
-0.7218788155559558,0.6237658818438553,-0.9667304451528732
0.9963658946907447,-1.447626593711132,-0.5261521166743095
-0.810834263770365,0.8034529399642875,1.7804886159731375
1.3428239561573831,-1.5674179657914176,1.4421328817485015
-0.6376052330370441,0.1346177791826763,-1.1948626405681773
-1.166656056627992,1.2177314350752835,0.51686575415039
-0.7218788155559558,0.7136094109040678,-0.5907913266350834
1.0244570888637163,-1.3278352216308462,2.2721256037855375
-0.7125150841649674,0.9581834622346538,0.7717379484745485
-0.7546518754244217,0.4540614380634453,2.561212363642678
0.6077710419646518,-1.0483220201101724,-0.8859840704950337
0.47199693679529425,-0.010130128747675132,-0.4308777111132345
0.9167741778673304,-1.4426352865411174,0.9972908920265967
0.9870021632997563,-1.457609208051154,-0.2170629954286555
-0.7452881440334334,0.5239397384436137,1.3917585137253252
-0.7780612039018993,0.7136094109040678,-0.6530618359051121
1.619054032191596,-0.24472156573823906,-0.8800886376647351
-0.8389254579433334,0.733574639584119,0.7502617288784609
-0.7827430695973934,0.6786702607139872,-0.9045652114690997
1.0572301487321822,-1.233000385400619,1.9287692792137727
-0.13196373792357372,0.28934830145304974,-1.4170467653600547
1.4224156729808008,-1.4725831295611906,-0.2193790583262728
0.6218166390511377,-1.2280090782306046,-0.7609693118168273
-0.23496478322446546,0.7934703256242583,-0.1745316585815015
-0.6937876213829874,0.573852810143731,0.7446294850138007
-0.7359244126424417,0.6337484961838774,-1.1450672882694053
-0.23496478322446546,-0.5192434600888982,-0.6003714049843184
-0.7827430695973934,1.0879574486549686,0.11192321161925657
1.3802788817213432,-0.9934176412400406,-1.0148940258646875
-0.6891057556874933,0.5788441173137455,0.16677179205828424
1.7735556001429336,-1.0682872487902166,-0.8366098205412832
-0.7406062783379391,0.573852810143731,0.5051801640760483
1.1087306713826282,-1.138165549170385,-0.9630457996339366
0.930819774953813,-1.4226700578610734,1.302063714235782
-0.65165083012353,0.5988093459937897,0.1270828960400241
0.059992755591723936,0.13960908635268376,-0.9165139905090798
1.3100508962889175,-1.5674179657914176,-1.2465003156264174
-0.7406062783379391,0.9082703905345365,-1.161279728552726
-0.8716985178117993,0.7984616327942728,-0.6079512471947024
-1.133882996759526,1.157835749035137,-0.9499389891451478
-0.6984694870784817,0.7984616327942728,-0.4007162556510818
1.1274581341646082,-1.1980612352105313,-0.6776436852957322
1.3240964933754031,-0.9285306480298868,0.10097455064870187
-0.810834263770365,0.7385659467541265,0.09234195257576468
1.033820820254708,-1.3428091431408828,0.04928423779733404
-1.199429116496458,1.2227227422452909,-0.12199914104009087
0.9589109691267846,-1.1581307778504362,1.2744288728437578
-0.7359244126424417,0.9332269263845951,-0.824187301363154
-0.7967886666838793,0.7385659467541265,0.3473720602793058
0.8746373866078729,-1.3378178359708683,0.4738080393719596
1.0150933574727246,-1.4226700578610734,0.08807829133242386
-0.8342435922478393,0.9132616977045511,1.6232068901076717
-0.8014705323793734,0.6387398033538848,-0.5240992427423307
-0.6984694870784817,0.7285833324141044,1.170732420382256
-0.7312425469469475,0.8284094758143461,0.6416699616560858
-0.67037829290551,0.5389136599536503,0.7059407070649661
-0.6750601586010074,0.573852810143731,-0.8484006862018801
-1.3492488187523013,1.242687970925342,-1.3875169634154343
0.9963658946907447,-1.4326526722010953,0.18503710627358427
-1.2275203106694295,1.2526705852653641,0.2901547791495331
-0.7359244126424417,0.5588788886336944,2.8773549491674393
-0.9091534433757626,0.7784964041142217,4.026385335351258
1.0244570888637163,-1.3378178359708683,-0.4460373955340022
0.9870021632997563,-1.297887378610773,-0.733281832631675
1.2679141050294631,-1.5574353514513957,0.11250222734366049
-0.8389254579433334,0.5938180388237821,0.8559584174788141
0.8840011179988646,-1.352791757480905,0.08455155919287005
-1.358612550143293,1.2027575135652468,-1.026632253732157
-0.7312425469469475,0.7186007180740824,-0.4135598771742323
0.8465461924349013,-0.5941130676390812,-0.5866329409779977
-0.6984694870784817,0.7535398682641631,2.430933825651705
-0.9091534433757626,1.1079226773350197,-0.40461145234252915
-0.7125150841649674,1.1228965988450563,-0.8476111193049651
1.0853213429051538,-1.3927222148410001,-1.0724271337532263
-0.6984694870784817,0.733574639584119,-0.1527922500197754
-0.6937876213829874,0.658705032033936,-0.8467162768217948
-0.792106800988385,0.7984616327942728,0.11508147920691618
-0.8014705323793734,1.0330530697848368,-0.4677241663026005
0.8278187296529211,-1.1531394706804217,0.7734223578546336
1.431779404371789,-0.9085654193498356,0.1159236838969592
1.3053690305934231,-0.8985828050098136,-0.2855974020808765
1.0478664173411905,-1.3627743718209269,-0.8949324953267369
-0.7827430695973934,0.658705032033936,-0.9676779254291711
-0.8482891893343251,0.5988093459937897,0.3674270594609465
-0.7780612039018993,0.6087919603338188,-0.31575885754302907
-0.6937876213829874,0.3692092161732402,0.2184621049096523
-1.3726581472297754,1.2177314350752835,-0.6905399446120102
-0.7686974725109076,0.7585311754341776,0.6960448019569646
-0.8482891893343251,0.733574639584119,0.7372601939759272
-0.67037829290551,0.49898320259355505,0.3611631620787544
1.1742767911195597,-1.3328265288008536,-0.07720437908844709
0.612452907660146,-0.24472156573823906,-0.8596651739312009
-0.8201979951613534,0.5988093459937897,0.35005658772881704
-0.881062249202791,0.8833138546844779,0.7998991677978495
-0.6750601586010074,0.19950477239283018,-1.1444882725450012
-0.5580135162136298,0.5239397384436137,0.7633685393672495
0.8933648493898529,-1.203052542380546,-0.3885042876454633
0.9916840289952504,-1.4176787506910586,0.22025178987599298
-1.2743389676243813,1.2177314350752835,-0.136632447529582
1.0993669399916364,-1.4925483582412418,0.4921259913803872
0.7997275354799528,-1.2379916925706267,2.06120596672298
-0.9653358317217027,0.9282356192145877,0.0917629368513603
1.4224156729808008,-0.8486697333096892,-0.5957919169822117
0.537543056532226,-0.12493019365794628,-0.6659580952213902
0.9074104464763387,-1.382739600500978,1.6694228724737628
0.5469067879232143,-0.11494757931792424,1.2976421396130582
0.7997275354799528,-1.148148163510414,1.4548185898922688
1.4177338072853034,-0.7488435899094477,0.4046419792022065
1.319414627679909,-1.118200320490341,-0.0866265440582993
0.9870021632997563,-1.457609208051154,0.2738370632799568
-0.9278809061577427,0.7934703256242583,0.18172092530654158
1.1555493283375797,-1.3428091431408828,-1.4144675134967992
-0.7265606812514533,0.6886528750540092,-0.8052376958371942
-0.8155161294658593,0.8134355543043095,1.5170890991622974
-1.414794938489233,1.2476792780953567,-0.891774227739077
-0.7031513527739758,0.8383920901543681,0.17308832723360393
-1.3258394902748272,1.1778009777151883,-0.08446839454006512
0.9823202976042588,-1.2779221499307218,1.5996251587864778
0.556270519314206,-0.14489542233799743,0.4692811891629801
-0.6563326958190274,0.5638701958037089,0.08744663781489194
0.9027285807808446,-1.3927222148410001,5.858285811780286
1.1649130597285682,-0.489295617068825,-0.7214909669710777
1.1274581341646082,-0.8786175763297625,0.4090109160318029
1.1649130597285682,-1.5075222797512784,1.1277799811900806
-0.7640156068154134,0.6287571890138628,-0.925936155478932
1.0104114917772304,-1.3178526072908172,-0.544364793096482
-0.6750601586010074,0.4540614380634453,1.985144355653503
1.693963883319516,-1.0682872487902166,0.06807592994391068
-0.24432851461545713,-0.5192434600888982,-0.29712507877583527
-0.862334786420811,1.167818363375159,-0.8283983248133673
1.5909628380186243,-1.6672441091916592,-1.3251411785591503
-0.810834263770365,0.6886528750540092,-0.815502065497089
1.2210954480745115,-1.5175048940913003,0.6391433475859581
-1.133882996759526,1.1528444418651225,-0.4479323560865982
-1.2462477734514095,1.2626531996053862,0.37053268925547905
0.9963658946907447,-0.6290522178291619,-0.504360070319456
-0.6844238899919958,0.5938180388237821,-0.5526289266175255
-0.7967886666838793,0.7186007180740824,-0.6234793961673639
-1.377340012925273,1.2376966637553275,-0.2170629954286555
0.823136863957427,-1.3378178359708683,3.5692261020374807
-0.67037829290551,0.5538875814636869,-0.18169039844686397
-0.9653358317217027,1.167818363375159,0.04791565517601464
0.5281793251412343,-0.12493019365794628,-1.299032833167828
0.33154096593044247,-0.030095357427719203,-0.16689917857798994
-0.792106800988385,0.6487224176939139,-1.2337619696895223
-0.5767409789956098,-0.15487803667801947,-0.8453476942004756
-0.7593337411199192,0.5688615029737164,0.4370142219757209
-0.7078332184694733,1.1628270562051517,-0.9024070619508655
-0.12260000653258538,0.3093135301330938,-0.9010911171226739
-1.1432467281505179,1.7817491452866383,-1.372146727822156
0.5890435791826718,-0.8985828050098136,0.08123537822582734
0.6967264901790577,-1.2729308427607144,-0.5671043197276338
0.785681938393467,-1.118200320490341,-0.38555657123031406
1.0104114917772304,-1.3228439144608317,-0.5652093591750378
1.0619120144276764,-1.352791757480905,3.2697696969341887
0.9776384319087646,-1.287904764270751,-0.5569978634471219
-0.7359244126424417,0.6886528750540092,-0.714542778278226
1.3662332846348575,-0.9085654193498356,-0.18047972920492766
0.39708708566737083,-1.063295941620209,-0.19306016176243995
-0.792106800988385,1.0929487558249833,0.10097455064870187
-0.7312425469469475,0.7784964041142217,-0.4933587715557739
1.5441441810636725,-0.19979980120812926,-0.3632381469441836
-0.8529710550298193,0.7784964041142217,0.34068706055209236
-0.7967886666838793,0.818426861474317,-0.5635775875880802
-0.6844238899919958,1.1179052916750418,-0.03988418376093199
-0.881062249202791,1.317557578475518,-0.47725160685870804
-1.3398850873613097,1.2826184282854374,-0.5569978634471219
0.7903638040889611,-1.1980612352105313,-0.09036382737036375
0.8184549982619328,-0.5342173815989348,-0.6862236455755415
-0.67037829290551,0.5239397384436137,-0.6458504582466219
-0.6891057556874933,0.5988093459937897,-0.1924285082449078
-0.843607323638831,0.6287571890138628,-0.5767370358699966
-0.8295617265523451,0.5888267316537675,1.1947352540484713
2.2511059010834322,-1.4226700578610734,-0.8859840704950337
-0.6984694870784817,1.147853134695115,0.12071372307157639
-0.6376052330370441,0.4440788237234161,0.8455361344395361
1.0385026859502022,-1.1930699280405168,4.409535831527539
0.8652736552168813,-1.2928960714407585,-0.7862880903112345
-0.7265606812514533,0.7485485610941556,-0.3366034236215848
0.7903638040889611,-1.1780960065304873,0.20567112117962938
-0.7171969498604617,1.127887906015064,-0.9799951690210449
-0.8482891893343251,0.6437311105238994,0.7970567269689557
-0.6656964272100158,0.5439049671236578,-0.25490956868744724
0.059992755591723936,0.21447869390286678,-0.6885923462662866
1.0900032086006481,-0.8786175763297625,-0.6958037239247769
-0.7593337411199192,0.7036267965640458,-0.8480322216499867
-0.8529710550298193,0.7834877112842362,-0.519625030326479
1.0525482830366881,-1.2629482284206852,1.7690662148644338
-0.8342435922478393,0.8334007829843535,-0.14247524256675287
0.8699555209123787,-1.3378178359708683,1.1955774587385144
1.3334602247663916,-1.5125135869212858,1.4368691024357345
-0.8061523980748709,0.733574639584119,-0.31575885754302907
1.1695949254240656,-0.8636436548197258,0.6222466159919775
1.0712757458186681,-1.2180264638905827,2.2348054084580222
0.9870021632997563,-1.4176787506910586,0.14976978487804804
-1.4007493414027472,1.2526705852653641,0.9976593565784905
-0.862334786420811,0.6487224176939139,-0.25148811213414896
0.26131298049801327,0.2244613082428888,-0.5033073144569027
-0.10855440944609952,0.25940045843297654,-0.005037964710417261
-0.7686974725109076,0.573852810143731,0.11508147920691618
1.0712757458186681,-1.3627743718209269,1.1564675784446585
1.1040488056871338,-1.2479743069106486,0.3523726506264341
-1.3258394902748272,1.157835749035137,-0.3181275582337739
-0.937244637548731,0.8284094758143461,-0.6023190033300422
0.9448653720402987,-0.7139044397193669,-1.6781828570664055
0.8746373866078729,-1.233000385400619,-0.36902830418822696
-0.7218788155559558,0.5638701958037089,5.858285811780286
0.7810000726979694,-0.45435646687874437,-1.2478688982477368
-0.7125150841649674,0.6337484961838774,-0.15268697443352008
-0.7171969498604617,0.6986354893940312,-1.3465647603621103
0.19108499506558738,0.08470470748255193,-1.0428973318086057
-0.8904259805937826,0.8034529399642875,1.4537131962365875
1.6237358978870902,-1.7920267884419596,-0.5767370358699966
-1.3726581472297754,1.1927748992252178,-0.10252315758285452
0.9635928348222788,-1.1032263989803044,-0.267858465796853
-0.8670166521163051,0.6886528750540092,-1.0669001654748214
0.949547237735793,-0.7089131325493524,-0.5037284168019239
-1.3445669530568072,1.2576618924353786,-0.10957662186196167
0.9916840289952504,-1.2829134571007363,1.558936144698792
1.338142090461889,-0.9534871838799455,-1.2000737820878162
-0.7874249352928876,1.082966141484954,-1.4267847570886731
0.9682747005177763,-1.0732785559602311,1.1746802548668307
-0.7171969498604617,0.6087919603338188,-0.5616826270354842
-0.6282415016460557,0.42910490221338665,1.2911676910583554
1.0197752231682222,-1.3028786857807877,0.8284814894661724
0.9261379092583187,-1.447626593711132,0.8241651904297036
-0.7546518754244217,0.5488962742936724,-0.8066589162516412
-0.8529710550298193,0.5938180388237821,1.1287274614663783
-0.4550124709127381,-0.2696781015882977,0.760473460745228
-1.396067475707253,1.2376966637553275,-0.6588519931491552
0.9963658946907447,-1.4426352865411174,-0.21980016067129407
-0.6422870987325416,0.4840092810835185,0.93091463489261
0.9542291034312904,-1.2779221499307218,-0.001616508157119004
-0.7640156068154134,0.5588788886336944,0.43654048183757205
1.4036882101988208,-0.9085654193498356,-0.5734208549029537
1.2819597021159457,-0.7787914329295208,1.664369644333507
-0.7125150841649674,0.7086181037340533,-0.0427266245898261
0.9963658946907447,-0.6490174465092131,-1.135066107575149
1.8578291826618454,-1.2379916925706267,-0.5390483759905877
1.4879617927177324,-1.0034002555800627,-1.097482723281995
-1.3164757588838354,2.0962014969973928,-1.0175785533141986
-0.7780612039018993,0.7485485610941556,-0.3765028708123554
0.8840011179988646,-1.3478004503108902,-0.08983744943908692
-1.166656056627992,1.2277140494153056,-0.22380063294899671
0.5609523850097001,-0.0600432004477924,-1.2524483862498437
1.0010477603862422,-1.3378178359708683,-0.47146144961466474
-0.8716985178117993,0.5988093459937897,3.302510404259597
-0.7546518754244217,0.5439049671236578,-0.6152152626463202
0.631180370442126,-0.2397302585682245,-0.7063312825503101
0.5515886536187118,-0.149886729508012,0.42211772652059154
1.1087306713826282,-1.457609208051154,2.0260439209136987
-0.8248798608568509,0.6137832675038262,0.7914771208974231
-0.773379338206405,0.6437311105238994,-1.5459567207297087
-0.5720591133001157,0.32428745164313044,-0.4112964520697426
-1.3492488187523013,1.297592349795474,0.4877570545507908
1.3147327619844116,-1.6023571159815053,0.05575868635203682
-1.3539306844477954,1.1428618275251006,-0.589106917254998
-0.7125150841649674,0.8483747044943901,0.41316930168888816
-1.1947472508009638,1.3974184931957156,0.9019638486723939
0.11149327824216981,0.1495917006927129,-1.1794397671817711
0.9870021632997563,-0.6839565966992938,-0.8020794282495342
-0.7827430695973934,0.6986354893940312,-0.6922243539920955
-0.03832642401367364,-0.5641652246190081,-0.1951130356944188
-0.9231990404622484,0.8683399331744412,2.1323722630315842
-0.7967886666838793,0.6636963392039505,-1.4781592431812751
-1.3305213559703213,1.2776271211154229,0.23399025388231354
-0.7546518754244217,1.2626531996053862,-1.2785040938480385
0.9542291034312904,-1.1531394706804217,1.3952852458648786
0.9542291034312904,-1.2479743069106486,0.002278688534328311
0.518815593750246,-0.0899910434678656,-1.039528513048435
-0.7078332184694733,0.8433833973243827,0.16471891812630537
-0.6891057556874933,0.6038006531638042,-0.7301762028371428
-0.63292336734155,0.1645656222027495,0.28062733859342576
0.9214560435628246,-1.4176787506910586,1.316591745139018
-1.3539306844477954,1.2726358139454153,-1.0586886697469056
-0.792106800988385,0.6786702607139872,-0.5425224703370138
-0.8342435922478393,0.7435572539241411,1.2485837164180738
-1.2790208333198754,1.2177314350752835,-0.08162595371117123
0.5515886536187118,-0.12493019365794628,0.6311950408236804
1.1087306713826282,-1.128182934830363,0.5080752426980697
1.0946850742961423,-1.3877309076709856,-0.676064551501902
1.0385026859502022,-0.17983457252808518,0.11192321161925657
1.431779404371789,-0.8636436548197258,0.10697525906525582
-0.7312425469469475,0.7235920252440898,-0.42714042780117
-0.14600933501005955,-0.6340435249991765,-0.1814272094812258
-0.6891057556874933,0.733574639584119,0.7666847203342927
1.0853213429051538,-1.22301777106059,-0.746809745465485
-0.8716985178117993,0.5538875814636869,3.5177463403586224
0.5656342507051977,-0.5591739174489935,-0.8750354095244792
0.43454201123133424,-0.03508666459773377,-0.9500442647314031
-0.8389254579433334,0.7585311754341776,1.6382612989421843
-0.7406062783379391,0.6936441822240167,-0.6145836091287883
1.3990063445033234,-0.8935914978397991,-0.4277720813187019
-0.13664560361906788,0.27437437994301317,-0.8201868290854514
1.0010477603862422,-1.4276613650310879,-0.48109416575702757
-0.8763803835072967,0.7385659467541265,-1.085744495414526
1.0900032086006481,-1.4825657439012196,3.294246270738553
-0.8763803835072967,0.7735050969442142,0.19967041276307543
-0.9278809061577427,0.9332269263845951,1.2188960010940704
-0.6376052330370441,0.6487224176939139,1.2232649379236666
1.0010477603862422,-1.307869992950795,-1.08790264493276
1.1180944027736197,-1.4875570510712273,1.3828627266867493
0.9214560435628246,-1.4626005152211685,0.19967041276307543
1.3475058218528775,-0.8886001906697845,0.1841949015835417
-0.8248798608568509,0.7884790184542508,-0.14773902187951957
1.0525482830366881,-1.352791757480905,0.20567112117962938
1.8110105257068936,-1.8818703175021791,-1.0390547729102861
-0.5486497848226382,0.18952215805280814,1.4501864640970341
0.9355016406493104,-1.4226700578610734,-0.7872882083806602
1.0150933574727246,-1.3378178359708683,-1.168701657383727
-0.0710994838821395,0.6686876463739581,-1.0705321732006303
-0.7967886666838793,0.6487224176939139,-1.400623773904223
-0.8342435922478393,0.5888267316537675,0.25725615844474187
-1.204110982191952,1.1328792131850784,-0.35618468266507647
-0.7265606812514533,0.6038006531638042,-0.9879961135764502
-1.1947472508009638,1.147853134695115,1.1693638377609366
1.1040488056871338,-0.8686349619897404,-1.3147715333130001
-0.7359244126424417,0.9382182335546098,-0.5643145166918674
-0.881062249202791,0.8084442471342949,0.6689889762893447
-0.8482891893343251,0.6337484961838774,-0.6494824659724308
-0.8389254579433334,0.6886528750540092,-0.8530854497902425
1.1040488056871338,-0.8037479687795865,-0.7386508875306969
-0.8529710550298193,0.8134355543043095,0.3688482798753934
-0.6891057556874933,0.7036267965640458,0.14798009991170735
-0.7593337411199192,0.6337484961838774,-1.029316781181668
1.3287783590708975,-1.5474527371113735,-0.736124273460569
0.9870021632997563,-1.4626005152211685,0.10097455064870187
0.8325005953484154,-1.2579569212506778,-0.1556346908486693
1.6471452263645643,-1.8219746314620326,-0.14573878574066826
-0.6797420242965017,0.573852810143731,0.9704456175314871
1.1555493283375797,-1.3378178359708683,-0.7192801796597158
0.8137731325664354,-1.213035156720568,-0.0874687487483421
2.541381574204131,-2.2811748911031384,-0.4473533403621938
-0.10387254375060535,0.3093135301330938,0.002278688534328311
1.2725959707249574,-1.213035156720568,0.8805402668694338
-0.6656964272100158,0.6686876463739581,1.2329502918591566
-0.8061523980748709,0.8284094758143461,0.5821366176286961
-0.67037829290551,0.5588788886336944,-0.6771699451575831
-0.9044715776802651,0.8084442471342949,0.7750014916484637
0.05531088989622976,0.15957431503273492,-1.2389204734160335
1.4364612700672867,-0.8886001906697845,-0.15289752560603073
-1.2790208333198754,1.212740127905269,0.1856687597911162
-0.8389254579433334,0.7136094109040678,0.3707432404279897
2.4149712004257617,-2.3011401197831898,-1.1189063050849553
0.9635928348222788,-1.2928960714407585,-0.0470429236262947
-0.8342435922478393,0.818426861474317,0.17435163426866823
0.8465461924349013,-1.2779221499307218,2.779343378363726
-0.8389254579433334,0.6986354893940312,0.635879804412043
-0.8014705323793734,0.7036267965640458,-0.14573878574066826
-0.6750601586010074,0.6287571890138628,-0.08904788254217214
-0.773379338206405,0.6337484961838774,-0.49120062203753945
1.4177338072853034,-0.8686349619897404,0.45659548101921277
-0.8482891893343251,1.0230704554448147,0.6663044488398335
-0.7780612039018993,0.6437311105238994,-1.313666139657319
-1.3632944158387872,1.1628270562051517,1.4373428425738837
-0.8342435922478393,0.7735050969442142,0.7742645625446762
1.3802788817213432,-0.8636436548197258,-0.512729479426755
-0.5299223220406581,-0.0899910434678656,1.0956709273822045
2.227696572605958,-1.3577830646509195,-1.0669001654748214
-0.7967886666838793,0.6087919603338188,-0.9969971762012811
-1.1619741909324979,1.212740127905269,0.6126665376427421
0.8325005953484154,-1.2679395355907,1.719955153876322
-0.7078332184694733,0.1795395437127861,0.2484656469924216
-0.7686974725109076,0.8034529399642875,0.7445768472206726
-0.562695381909124,-0.08499973629785104,0.6172986634379767
0.8371824610439128,-1.2829134571007363,0.14703261963540973
0.879319252303367,-1.3428091431408828,0.7662636179892709
-0.10855440944609952,0.2993309157930718,-0.35797436763141716
1.0900032086006481,-0.8686349619897404,-0.2758594103522583
-0.7312425469469475,0.818426861474317,0.7817917669619326
1.0946850742961423,-1.4775744367312051,-0.16416201333535116
1.0619120144276764,-1.3478004503108902,0.9222820368196728
1.0993669399916364,-1.0732785559602311,0.6190883484043174
-0.843607323638831,1.0031052267647635,0.8464836147158338
0.7903638040889611,-1.108217706150319,0.8753291253497948
0.9823202976042588,-1.2928960714407585,-0.5477336118566527
0.32685910023494497,-0.1049649649779022,-0.3327082269301375
1.2210954480745115,-0.5741478389590301,-0.6965932908216919
-0.5111948592586781,1.1328792131850784,-1.4794751880094668
1.0993669399916364,-1.457609208051154,1.3456478069454898
-0.7640156068154134,1.2626531996053862,-0.7653382486464234
-0.792106800988385,0.658705032033936,-1.5885933331631181
1.6799182862330302,-0.6839565966992938,0.07133947311782585
-0.7078332184694733,1.1129139845050273,-0.273227520695875
-0.7499700097289275,0.6337484961838774,-1.0602678035407356
-0.4737399336947181,0.6237658818438553,0.5107071323544534
-0.63292336734155,0.4241135950433721,0.9079119192958203
0.912092312171833,-1.3977135220110146,0.356846863042286
-0.8670166521163051,0.6886528750540092,-1.5469568387991344
-0.7452881440334334,0.7136094109040678,-0.6611680560467728
-0.7171969498604617,0.8234181686443315,0.07081309518654948
0.3221772345394508,0.13960908635268376,-0.8781410393190116
0.556270519314206,-0.03508666459773377,0.94917994910791
-0.7265606812514533,0.6537137248639214,-0.6989619915124367
-0.862334786420811,0.7435572539241411,1.9706163247502668
1.8110105257068936,-1.4775744367312051,-0.7288076202158233
-0.8061523980748709,0.7086181037340533,-0.2908085436005154
0.9401835063448046,-1.4276613650310879,0.177036161718179
-0.0710994838821395,-0.4942869242388396,0.644301851312469
-1.166656056627992,1.1728096705451736,0.6009283097752725
0.5422249222277201,-0.1648606510180486,-0.2938088978087924
-0.6563326958190274,0.6537137248639214,0.8211121984282991
0.9542291034312904,-0.7139044397193669,-0.7137005735881832
-0.843607323638831,0.8034529399642875,-0.2566466158606601
1.394324478807829,-1.6472788805116152,-0.07083520611999963
0.912092312171833,-1.203052542380546,-0.09868059868453498
-0.9512902346352169,0.9931226124247415,3.7825670775839098
-0.8576529207253167,0.7186007180740824,0.11508147920691618
-1.433522401271213,1.2277140494153056,-0.28086000069938655
0.9635928348222788,-0.6440261393391985,-0.4157180266924665
-0.7780612039018993,0.6337484961838774,-0.26091027710400116
-0.7640156068154134,1.082966141484954,-1.14496201268315
-0.8482891893343251,0.8383920901543681,0.6262997260628076
1.5909628380186243,-1.1681133921904583,-0.571946996695379
-0.8389254579433334,0.818426861474317,-0.33718243934598896
-1.4288405355757188,1.2576618924353786,0.7561571617087592
1.0993669399916364,-1.5025309725812637,0.43153989149044375
0.879319252303367,-1.3378178359708683,0.509285911940006
-0.7218788155559558,0.6337484961838774,-0.8471900169599439
-0.7218788155559558,0.7735050969442142,-0.6205843175453423
0.8090912668709411,-1.1731046993604728,-0.37602913067420657
-0.8061523980748709,0.8284094758143461,0.5995070893608255
-0.810834263770365,0.7385659467541265,-0.05804422238997671
-0.8670166521163051,0.6686876463739581,-0.6905399446120102
0.8559099238258929,-1.3328265288008536,1.1757330107293844
0.49540626527276843,-1.0183741770900994,-0.9718363110862568
-0.7640156068154134,0.7285833324141044,-0.6556937255614954
1.375597016025849,-0.9435045695399163,-0.3327082269301375
0.7014083558745553,-1.043330712940158,0.004278924673179628
-0.7640156068154134,0.658705032033936,-1.3515653507092387
1.0572301487321822,-1.3478004503108902,1.7872262534934789
-0.13196373792357372,0.27437437994301317,-0.8579807645511155
-0.8529710550298193,1.5122185581059866,-0.9227778878912722
-0.7078332184694733,0.7086181037340533,-0.009354263746885857
1.1274581341646082,-0.8886001906697845,0.9019638486723939
0.5422249222277201,-0.030095357427719203,0.3449507217954332
0.9963658946907447,-1.4276613650310879,-0.1606352811957976
-0.773379338206405,0.6886528750540092,-0.9801004446073003
-0.9466083689397227,0.9282356192145877,-0.7767606497551269
-0.7686974725109076,0.5588788886336944,-0.37371306777658925
0.8559099238258929,-1.1581307778504362,3.426261855902739
1.764191868751942,-0.9435045695399163,-0.7609693118168273
-0.6891057556874933,1.157835749035137,0.24504419043912334
0.5609523850097001,-0.15487803667801947,0.18029970489209418
-0.8342435922478393,0.6936441822240167,-0.09525914213123648
-0.7218788155559558,0.9581834622346538,-0.6118464438861497
1.0712757458186681,-0.8536610404797038,-0.7524419893301454
-0.7265606812514533,0.7235920252440898,0.7540516499836528
1.0572301487321822,-1.3627743718209269,-0.4473533403621938
0.9682747005177763,-1.2779221499307218,0.017122546196330097
0.785681938393467,-1.1930699280405168,0.7278380290060751
0.9448653720402987,-1.4326526722010953,0.05344262345441954
-1.204110982191952,1.4822707150859207,-0.5734208549029537
-1.3632944158387872,1.2876097354554519,0.47601882668332157
-0.7780612039018993,0.583835424483753,1.9605625062628826
-0.8951078462892768,0.6187745746738408,1.344331862117298
1.0010477603862422,-1.4276613650310879,-0.585316996149806
0.9823202976042588,-1.4326526722010953,0.1697721462665612
-0.44096687382625227,0.6986354893940312,0.15582313108772955
1.0993669399916364,-0.883608883499777,0.7524725161898228
0.9823202976042588,-1.457609208051154,0.6992557073377522
-0.7125150841649674,0.7435572539241411,0.03986207282748183
-1.2977482961018554,1.1778009777151883,-0.3112320073340498
0.9401835063448046,-1.4526179008811464,4.542288345795511
0.45326947401331424,0.06473947880250787,-0.8339779308848997
1.0900032086006481,-1.203052542380546,-0.11615634600292
-0.61419590455957,0.5538875814636869,0.14776954873919673
-1.3492488187523013,1.212740127905269,-0.8366098205412832
-0.7967886666838793,0.6936441822240167,-0.758495335539827
0.537543056532226,-0.09498235063788016,-0.9118818647138452
-0.8716985178117993,0.6487224176939139,-0.9865748931620033
-0.6937876213829874,0.8134355543043095,0.32184273061238794
1.0010477603862422,-1.307869992950795,-0.2627525998634694
-1.0870643398045745,1.307574964135496,-0.8587176936549027
0.879319252303367,-1.1980612352105313,0.8239020014640653
-0.9325627718532369,0.9382182335546098,1.633576535353822
0.8184549982619328,-1.148148163510414,1.6858985017227222
0.9776384319087646,-1.43764397937111,0.444067686254828
-0.7125150841649674,0.6537137248639214,-0.1596878009194997
1.8297379884888736,-0.9435045695399163,-0.481357354722666
-0.7031513527739758,0.7735050969442142,0.7170472814149035
-0.06173575249114783,0.1495917006927129,-1.1370663437140003
-0.8248798608568509,0.7485485610941556,-0.1246310306964741
-0.6844238899919958,1.127887906015064,-0.45419625346879033
-0.14132746931456538,0.25940045843297654,-0.48788444107049656
1.6237358978870902,-0.9884263340700261,-1.3606716889203245
-0.9512902346352169,0.9581834622346538,1.3373836734244464
0.785681938393467,-1.183087313700495,0.7335229106638629
-0.6844238899919958,0.6087919603338188,0.3001033220506621
0.8465461924349013,-1.307869992950795,2.8683012487494817
0.766954475611487,-1.1231916276603484,1.3085381627904853
1.0057296260817363,-1.4276613650310879,-0.11947252696996294
0.631180370442126,-0.24472156573823906,-1.2630285826685046
1.3662332846348575,-1.0832611703002533,-1.1262229583297008
0.8559099238258929,-1.2829134571007363,-0.754389587675869
-0.7125150841649674,0.6537137248639214,-0.10736583455059971
-0.8155161294658593,0.6736789535439726,-0.9188826911998249
-0.7265606812514533,0.9082703905345365,-0.12357827483392089
-0.35669329130734057,-0.4144260095186491,0.5821366176286961
-1.3445669530568072,1.1827922848851957,-0.7741287600987438
-0.8155161294658593,0.6038006531638042,-0.38855692543859105
1.6846001519285243,-1.128182934830363,-0.7497048240875066
1.033820820254708,-1.3228439144608317,1.9103986894122171
0.804409401175447,-1.233000385400619,1.5614101209757925
0.8652736552168813,-1.3178526072908172,-0.5382061713005452
-0.6563326958190274,0.5888267316537675,-0.9047757626416103
0.3221772345394508,0.1196438576726397,-0.17863740644545945
-0.8389254579433334,1.5421664011260598,-1.1318552021943613
-0.7078332184694733,0.6636963392039505,-0.663010378806241
-0.6844238899919958,0.6137832675038262,0.5286566198109873
-0.792106800988385,0.6636963392039505,-1.5265860128587276
-0.9840632945036827,1.1877835920552102,-0.20827248397633524
-1.358612550143293,1.2277140494153056,-0.8126069868750674
1.5956447037141184,-0.29463463743835633,0.08455155919287005
-0.773379338206405,0.6736789535439726,-1.4026766478362023
1.0665938801231705,-1.352791757480905,1.030294788317643
-0.8061523980748709,0.6936441822240167,-0.9517813119046161
1.0431845516456963,-1.3428091431408828,-1.1790713026298774
0.5234974594457401,-0.08000842912784356,-0.36781763494629066
-0.8155161294658593,0.7136094109040678,0.36995367353107467
0.6405441018331177,-1.233000385400619,-0.47346168575351605
-0.9278809061577427,0.7934703256242583,1.4103922924925185
-0.4737399336947181,-0.2547041800782611,0.4130640261026331
-1.3539306844477954,1.167818363375159,0.40253646747709965
0.4860425338817801,-1.0383394057701505,-1.0170521753829218
1.0057296260817363,-1.3128613001208096,-0.17416319402960775
1.0431845516456963,-1.3428091431408828,-0.253383072686745
-0.5720591133001157,-0.075017121957829,-0.30591559022815557
-0.6937876213829874,0.733574639584119,-0.5935284918777219
1.1321399998601023,-1.2829134571007363,-0.30612614140066624
0.785681938393467,-1.1581307778504362,0.27241584286550985
-0.7452881440334334,1.0879574486549686,-0.527678612675012
1.1134125370781223,-0.8686349619897404,-1.2860839360584222
-1.4382042669667072,1.2376966637553275,0.5409738634028609
-0.9138353090712568,0.7834877112842362,1.3765461915114297
0.2472673834115274,-0.9085654193498356,-0.43061452214759605
1.1040488056871338,-0.8636436548197258,-0.6334279390684927
0.631180370442126,-1.2429829997406412,0.1867215156536694
-0.8482891893343251,0.8034529399642875,-0.1266839046284532
-0.6797420242965017,0.5938180388237821,-0.6897503777150954
0.8980467150853471,-1.2280090782306046,1.6429987003236748
-1.3632944158387872,1.2876097354554519,0.4722815433712571
1.0946850742961423,-0.8536610404797038,-1.168912208556238
-1.2790208333198754,1.2626531996053862,2.8504043990860746
1.3802788817213432,-0.8237131974596306,-0.8620338746219457
-0.6422870987325416,0.5538875814636869,0.5673453977598217
0.9589109691267846,-1.0782698631302456,0.8311133791225557
-0.7406062783379391,0.5988093459937897,-0.12931579428483644
0.8137731325664354,-1.233000385400619,-0.10220733082408856
-0.773379338206405,0.7535398682641631,0.45054213480953126
0.5469067879232143,-0.12493019365794628,-0.4861473938972836
-0.562695381909124,-0.06503450761780696,-0.9188826911998249
-0.773379338206405,0.6137832675038262,-0.4943588896251993
1.1040488056871338,-1.108217706150319,0.9798151447082116
-0.8295617265523451,0.7884790184542508,-0.44503727746457655
-0.63292336734155,1.1029313701650052,0.19366970434652148
-1.2462477734514095,1.447331564895833,0.7834235385488902
1.1227762684691138,0.29433960862305725,-0.17042591071754354
-0.7593337411199192,0.6487224176939139,-1.3949388922464352
-0.6469689644280358,0.658705032033936,0.5605024846532253
-0.8389254579433334,0.903279083364522,2.548579293292039
-0.7452881440334334,0.7136094109040678,-0.08409992998817138
-1.3726581472297754,1.2077488207352542,-1.3603558621615588
-0.6610145615145216,0.6636963392039505,0.8729077868659222
0.9167741778673304,-0.6739739823592718,-0.6377442381049613
-0.7546518754244217,0.6986354893940312,-1.0997987861796126
1.2351410451609974,-1.43764397937111,0.1858266731704993
-0.7452881440334334,0.5888267316537675,0.456858669984851
-0.15537306640105122,-0.6340435249991765,0.560713035825736
1.3287783590708975,-0.9285306480298868,0.25230820589074116
-0.8482891893343251,0.7235920252440898,0.1404528954944514
-0.7452881440334334,0.818426861474317,0.5341309502962645
0.8840011179988646,-1.3677656789909414,2.034834432366019
2.31197015512487,-1.4126874435210512,-1.1662803188998545
0.5047699966637601,-0.1199388864879388,-1.2149702775429456
-0.7218788155559558,0.6038006531638042,-0.47709369347932495
-0.7640156068154134,0.6437311105238994,-0.8055535225959601
1.6518270920600584,-0.9934176412400406,-1.204337443331157
-0.63292336734155,0.4440788237234161,0.43833016680391274
-1.3445669530568072,1.2376966637553275,-1.2206551592007333
2.410289334730267,-2.3011401197831898,-0.693277109854649
0.14894820380613316,0.26439176560298405,-1.0656368584397573
1.0385026859502022,-1.233000385400619,3.008528329641583
-1.3164757588838354,1.1827922848851957,-0.28091263849251413
0.4860425338817801,-1.0533133272801871,0.5944538612205696
-0.14600933501005955,0.25940045843297654,-0.20421937390550504
-0.6656964272100158,0.5239397384436137,0.36537418552896767
-0.9231990404622484,0.818426861474317,3.0190558882671157
-0.7312425469469475,0.8483747044943901,-0.028409144859100916
0.5328611908367318,-0.12992150082796083,-0.7590743512642313
-0.3473295599163489,-0.42939993102868573,0.6095082700550821
-0.11791814083708788,0.2693830727729986,-0.5997923892599143
-0.6844238899919958,0.4740266667434893,-0.43703633290917127
-0.14132746931456538,-0.6290522178291619,0.3189476519903665
-1.3445669530568072,1.2826184282854374,1.4179721347029024
-0.792106800988385,0.6736789535439726,-0.6405340411407277
1.0010477603862422,-1.3178526072908172,-0.6285852621007475
-0.6469689644280358,0.5039745097635625,2.4709911862218585
-0.7171969498604617,0.8383920901543681,-0.3925047599231659
0.9729565662132704,-1.4226700578610734,-0.09894378765017317
0.9635928348222788,-1.447626593711132,0.5286566198109873
0.49072439957727426,-0.11494757931792424,-0.8956694244305243
1.033820820254708,-1.2829134571007363,0.9286512097881204
1.8859203768348136,-1.043330712940158,-0.47804117375562305
0.9870021632997563,-1.297887378610773,-0.772654901891169
-1.3398850873613097,1.307574964135496,1.2887989903676103
1.9327390337897654,-1.1331742420003776,-0.8186076952916213
1.0665938801231705,-1.2280090782306046,0.6135087423327847
-0.8014705323793734,0.5788441173137455,0.3696378467723085
1.4177338072853034,-0.8985828050098136,-0.7439146668434635
-0.13664560361906788,0.24442653692293997,0.1485064778429842
-0.6797420242965017,0.7385659467541265,3.3468314260730914
-0.6750601586010074,0.5638701958037089,-0.7434409267053145
-0.61419590455957,0.5638701958037089,0.1588234852960065
-0.810834263770365,0.7186007180740824,0.47143933868121457
1.1836405225105482,-0.6540087536792205,0.07381344939482645
-0.7686974725109076,0.5988093459937897,2.5272083492822057
-1.3398850873613097,2.0213318894472168,-0.8574543866198389
0.9401835063448046,-0.7039218253793449,-1.145119926062533
1.1508674626420856,-1.3378178359708683,-0.8574543866198389
1.1742767911195597,-0.8586523476497183,-0.7135952980019278
-0.773379338206405,0.6337484961838774,-0.4882002678292625
-0.7359244126424417,0.6137832675038262,1.8879749895398312
-1.2930664304063613,1.317557578475518,-0.14105402215230592
-0.6656964272100158,0.6038006531638042,-1.0410550090491375
1.942102765180757,-0.4992782314088471,-0.9206723761661656
-0.7312425469469475,0.6287571890138628,-0.8450318674417097
0.841864326739407,-1.2729308427607144,1.3629656408844917
-0.810834263770365,0.733574639584119,-0.14247524256675287
0.0693564869827156,0.15957431503273492,-0.5945812477402753
-0.7171969498604617,0.6936441822240167,0.581294412938653
0.9916840289952504,-1.352791757480905,-0.3545002732849911
0.3128135031484591,0.1196438576726397,0.5662400041041405
-1.147928593846012,1.2676445067754007,0.6876753928496661
0.8137731325664354,-1.1880786208705094,-0.4395103091861716
0.10681141254667563,0.05475686446248583,-1.2452370085913536
-0.773379338206405,0.6487224176939139,-0.9188826911998249
-0.7499700097289275,0.5988093459937897,-0.4217713729021482
-0.7359244126424417,0.5538875814636869,0.2025128535919693
-0.6563326958190274,0.5888267316537675,-0.4539330645031519
1.3100508962889175,-0.9085654193498356,0.8284288516730444
-0.918517174766751,0.8733312403444559,-0.7111213217249277
-0.9466083689397227,0.8383920901543681,1.1338333273997623
0.6171347733556435,-1.0882524774702678,0.440277765149636
0.7622726099159894,-1.1531394706804217,0.009805892951584523
1.0525482830366881,-1.3478004503108902,-0.1731630759601821
-0.7686974725109076,1.1079226773350197,-0.6651158905313476
-1.2649752362333895,1.8416448313267848,0.07902459091446538
1.1134125370781223,-1.2729308427607144,-0.13773784118526297
0.20044872645657905,0.28934830145304974,-1.1129055966684014
-0.7031513527739758,0.658705032033936,-0.6995410072368411
-0.5158767249541724,1.1328792131850784,-1.3913068845206262
-0.7078332184694733,0.8433833973243827,0.09002588967814716
-0.8061523980748709,0.8533660116644047,1.3584387906755122
-0.7171969498604617,0.7685137897741997,0.03649325406731112
1.0712757458186681,-1.4775744367312051,0.8775925504542843
-0.7686974725109076,0.6337484961838774,-0.6984882513742878
-0.31455650004788305,-0.4992782314088471,-0.678906992330796
0.7482270128295037,-1.1132090133203263,1.5095618947450413
0.9963658946907447,-1.4226700578610734,-0.25106700978912766
-1.3539306844477954,1.1728096705451736,-0.773286555408701
-0.862334786420811,0.658705032033936,-1.0263690647665187
-0.9138353090712568,1.1079226773350197,0.2148300971838434
-1.236884042060418,1.157835749035137,1.895660107336471
-0.773379338206405,0.5538875814636869,0.7060986204443492
1.2304591794654998,-1.5774005801314468,0.2707314334854243
-0.8342435922478393,0.6886528750540092,-0.3110214561615392
0.7903638040889611,-1.1132090133203263,0.49402095193298295
0.5609523850097001,-0.08000842912784356,0.7775281057185918
1.0619120144276764,-1.2379916925706267,-0.48325231527526197
0.5328611908367318,-1.063295941620209,-0.44003668711744826
-0.8951078462892768,0.7635224826041851,0.47975610999538554
1.6237358978870902,-1.0083915627500772,-1.1338028005400849
-0.843607323638831,0.7685137897741997,0.3970621369918225
-0.8716985178117993,1.562131629806111,-0.8562963551710301
0.6264985047466318,-1.2379916925706267,0.20188120007443738
-1.3258394902748272,1.9963753535971582,0.3688482798753934
-0.8951078462892768,0.9332269263845951,-1.0026294200659414
-0.5486497848226382,1.1129139845050273,-0.3790821226756111
0.9448653720402987,-0.7139044397193669,-0.7168062033827154
1.3615514189393632,-1.617331037491542,-1.429311371158801
-0.7967886666838793,0.6537137248639214,-1.4412601501987812
-0.6891057556874933,1.1378705203550858,-0.5240992427423307
-0.937244637548731,2.4905147634283447,-0.277333268559833
-1.3211576245793297,1.1778009777151883,0.2713630870029562
-0.7171969498604617,0.6387398033538848,-0.613372939886852
0.537543056532226,-0.0899910434678656,-0.8092381681148969
-0.7359244126424417,0.8334007829843535,0.8296921587081088
-1.2696571019288838,1.2177314350752835,-0.13215823511373032
-0.8201979951613534,0.7984616327942728,0.6329320879968935
1.0150933574727246,-0.8237131974596306,-1.1893883100829
0.556270519314206,-0.1349128079979754,0.876434519005476
-0.7218788155559558,0.6337484961838774,-1.0817440231368232
0.8278187296529211,-1.2180264638905827,-0.3825562170220371
1.2445047765519857,-1.3028786857807877,2.179535725673973
0.33622283162593664,0.07971340031254447,-0.8677187562797337
0.537543056532226,-0.12992150082796083,-0.7097527391036083
-0.6610145615145216,0.5239397384436137,-0.3378140928635211
-1.255611504842398,1.2277140494153056,0.5673453977598217
-0.6844238899919958,0.49898320259355505,-0.35960613921837475
-0.6610145615145216,0.329278758813145,1.518720870749255
1.4224156729808008,-0.9035741121798211,-0.8379257653694747
-0.8857441148982851,0.6387398033538848,-0.9673620986704051
-0.6750601586010074,0.5439049671236578,0.006647625363924684
-1.3398850873613097,1.1428618275251006,0.24720233995735774
1.1508674626420856,-1.3278352216308462,-0.7280706911120362
-0.7078332184694733,1.1977662063952323,1.2354769059292852
1.2491866422474798,-1.3577830646509195,-1.1588583900688536
-0.8201979951613534,0.8932964690244999,1.4723469750037814
-1.3305213559703213,1.9913840464271437,-1.161806106484003
1.1087306713826282,-1.1231916276603484,0.3093149358480037
-1.358612550143293,1.2227227422452909,-0.18690153996650288
-0.6469689644280358,0.6487224176939139,0.3041564321214923
1.0104114917772304,-1.4426352865411174,-0.06778221411859511
-0.67037829290551,0.5488962742936724,-0.6100041211266813
-1.3539306844477954,1.23270535658532,-1.189862050221049
-0.63292336734155,0.4241135950433721,0.9827102233302331
1.5535079124546642,-0.7538348970794622,-0.5918440824976365
1.1180944027736197,-1.1930699280405168,-0.44987995443232176
1.5862809723231301,-1.7071745665517546,-0.22143193225825167
-0.8716985178117993,0.7036267965640458,-0.030619932170462875
1.3849607474168408,-0.9185480336898577,-0.643323844176494
-0.6750601586010074,0.583835424483753,-0.12931579428483644
-0.7218788155559558,0.978148690914705,0.39269320016222614
0.9916840289952504,-1.3328265288008536,0.5266037458790084
-0.67037829290551,0.5289310456136211,-0.08725819757583145
-0.792106800988385,0.733574639584119,1.2163167492308145
1.2913234335069375,-1.6472788805116152,0.33900265117200723
-0.9419265032442286,0.9581834622346538,1.2734287547743322
1.4224156729808008,-0.8736262691597478,-0.38555657123031406
-0.773379338206405,0.7635224826041851,-0.8171864748771743
-0.773379338206405,0.6686876463739581,-0.7793925394115102
-0.7218788155559558,0.6287571890138628,-1.3840955068621361
-0.7031513527739758,0.7535398682641631,-0.12452575511021878
0.8652736552168813,-0.6340435249991765,-0.5961603815341052
0.9870021632997563,-0.7688088185894988,0.2898389523907669
-0.8014705323793734,0.6437311105238994,-0.4583020013327483
-0.8482891893343251,1.1778009777151883,0.0181753020588833
0.785681938393467,-1.1581307778504362,-0.26448964703668254
0.7950456697844553,-1.203052542380546,1.1938930493584288
1.2445047765519857,-1.457609208051154,-0.037199656311421206
1.0104114917772304,-1.307869992950795,-0.4665134970606642
-0.4877855307812007,-0.2846520230983343,0.17472009882056197
1.0946850742961423,-0.8386871189696672,-0.9649407601865325
-0.7640156068154134,0.5788441173137455,0.04928423779733404
-0.7499700097289275,0.9731573837446904,0.505548628627942
-0.8155161294658593,0.7784964041142217,0.40253646747709965
0.8699555209123787,-0.6440261393391985,-0.7369664781506114
1.1134125370781223,-1.4775744367312051,0.8461151501639406
0.7903638040889611,-1.128182934830363,-0.6871711258518397
-0.7967886666838793,0.7585311754341776,-0.1018915040653226
1.427097538676295,-1.1032263989803044,-0.802132066042662
-0.7499700097289275,0.6287571890138628,-1.5978575847535874
1.3053690305934231,-1.6572614948516373,0.6740422044296006
1.6424633606690702,-1.1681133921904583,-0.9188826911998249
-0.8342435922478393,0.8334007829843535,-0.2806494495268759
-0.63292336734155,0.583835424483753,-0.6345333327241737
1.3240964933754031,-1.5025309725812637,-0.2487509468915104
-0.7640156068154134,0.6636963392039505,-1.539324358795623
0.8933648493898529,-1.457609208051154,1.2922204469209086
-0.9512902346352169,0.8483747044943901,0.7496827131540564
-0.8155161294658593,0.8583573188344192,0.9869738845735744
-0.6844238899919958,0.7984616327942728,0.5927694518404846
-0.6235596359505616,0.5538875814636869,0.08581486622793388
2.120013661609569,-2.1214530616627507,-1.3938334985907543
-0.8763803835072967,0.7834877112842362,-0.42540338062795713
1.8110105257068936,-1.0034002555800627,-0.8974064716037372
1.2632322393339657,-1.5674179657914176,-0.09231142571608729
-0.6891057556874933,0.6936441822240167,2.962470260654875
-0.792106800988385,1.1628270562051517,-1.1893883100829
0.9589109691267846,-1.287904764270751,0.27146836258921175
0.7997275354799528,-1.203052542380546,0.5713985078306519
-0.6422870987325416,0.5239397384436137,-0.0468850102469116
2.2370603039969463,-0.46933038838878094,0.8670649918287513
-0.8248798608568509,0.6387398033538848,0.26862592176031785
1.319414627679909,-1.128182934830363,-0.3176538180956251
-0.7312425469469475,0.6537137248639214,-0.7095421879310977
-0.843607323638831,0.6187745746738408,0.8588534961008354
-0.6610145615145216,0.5688615029737164,-0.1099450864138554
1.3990063445033234,-0.9135567265198502,-0.864034110760797
-0.7499700097289275,0.6836615678839947,-1.0241582774551568
1.7267369431879818,-0.6839565966992938,-0.17484748534026745
-0.7686974725109076,0.5488962742936724,-0.24401354551002052
1.389642613112335,-0.8536610404797038,-0.3954524763383151
0.27067671188900494,-0.7787914329295208,-0.204535200664271
0.9729565662132704,-1.447626593711132,-0.18690153996650288
1.6096903008006043,-1.8169833242920181,-0.04599016776374126
1.2351410451609974,-1.2429829997406412,0.6298264582023609
1.0291389545592105,-1.3378178359708683,-0.20974634218390995
0.912092312171833,-1.3777482933309635,-0.203745633767356
1.0572301487321822,-1.3378178359708683,1.9306642397663685
-1.3679762815342813,1.2726358139454153,-0.07057201715436122
0.9916840289952504,-1.2928960714407585,-0.6915927004745636
1.0806394772096564,-1.1880786208705094,1.086406675791735
-0.810834263770365,0.7235920252440898,0.13387317135349305
-0.918517174766751,0.8533660116644047,0.002278688534328311
-0.7686974725109076,1.3874358788556864,-1.2642918897035686
0.9401835063448046,-1.4226700578610734,-0.866244898072159
0.9027285807808446,-1.3677656789909414,0.48480933813564137
0.1161751439376673,0.1495917006927129,-1.2442368905219279
-1.152610459541506,1.1328792131850784,0.1631924221256029
-0.7499700097289275,0.5788441173137455,-0.07525678074272354
-0.16473679779203956,-0.5591739174489935,-0.8348201355749425
-0.8295617265523451,0.583835424483753,0.4420674501159767
-0.7359244126424417,0.6786702607139872,-0.7946048616254057
1.352187687548375,-0.9435045695399163,-0.8933007237397793
-0.4690580679992206,0.6736789535439726,0.7944248373125725
0.9355016406493104,-1.2479743069106486,-0.07446721384580852
-0.899789711984771,1.327540192815547,-0.37455527246663184
0.7997275354799528,-1.1631220850204507,-0.14426492753309353
-0.7452881440334334,0.5988093459937897,-0.8530854497902425
-0.41755754534877476,0.7385659467541265,-0.7558108080903159
-0.7874249352928876,1.0779748343149467,-0.42977231745755345
-1.3305213559703213,1.3025836569654885,-0.6642736858413051
-0.7031513527739758,1.127887906015064,-0.6526933713532185
-0.8155161294658593,0.7485485610941556,-0.3925047599231659
1.9327390337897654,-1.1581307778504362,-0.42145554614338226
1.0431845516456963,-1.3378178359708683,1.6944258242094037
-0.63292336734155,0.39915705919331346,0.6509868510396829
-0.7546518754244217,0.583835424483753,0.4329611119048907
-0.2677378430929313,0.08470470748255193,-0.5010965271455408
-1.3398850873613097,1.1877835920552102,-0.007143476435523899
1.356869553243869,-0.5092608457488762,-0.13589551842579475
-0.7686974725109076,0.6636963392039505,-0.8996698967082267
0.9401835063448046,-1.2679395355907,-0.10520768503236554
1.0712757458186681,-1.2529656140806633,0.3081569043991949
1.2819597021159457,-1.5674179657914176,0.9112281002628629
-0.7078332184694733,0.818426861474317,-0.17484748534026745
0.537543056532226,-0.1049649649779022,-0.8113436798400036
1.375597016025849,-0.9385132623699088,0.6559874413868112
-0.7406062783379391,0.6736789535439726,-1.4057822776307343
0.5234974594457401,-0.1199388864879388,-1.1091156755632092
1.6705545548420417,-0.2896433302683489,0.12155592776161941
1.0993669399916364,-1.5025309725812637,0.5741883108664183
-0.8482891893343251,0.7834877112842362,-0.4010847202029756
-0.7312425469469475,0.9232443120445731,-0.07294071784510626
-0.3098746343523888,-0.43938254536870774,-0.4389312934617673
0.9963658946907447,-1.4526179008811464,0.11950305382964009
-0.8155161294658593,0.6786702607139872,0.25999332368738065
-0.8716985178117993,0.6487224176939139,-1.228445552583628
-0.8951078462892768,0.7485485610941556,0.5441321309905209
-0.7171969498604617,1.0879574486549686,-0.772654901891169
-0.7640156068154134,1.043035684124859,-0.009354263746885857
-1.2790208333198754,1.2227227422452909,0.41901209672605905
1.450506867153769,-1.522496201261315,-0.9070918255392276
-0.8529710550298193,0.7934703256242583,-0.07925725302042619
-0.12728187222807955,0.2693830727729986,0.02054400274962835
-1.358612550143293,1.242687970925342,-0.13589551842579475
1.0057296260817363,-1.457609208051154,-0.41213865675978534
-0.773379338206405,0.6237658818438553,-0.9987868611676217
-0.7827430695973934,0.583835424483753,0.16556112281634794
-0.7406062783379391,0.6437311105238994,-1.2181285451306056
-0.31455650004788305,-0.43938254536870774,0.09981651919989311
0.5094518623592543,-1.1132090133203263,0.8317450326400876
-0.8951078462892768,0.7535398682641631,0.9999754194761079
0.823136863957427,-0.5092608457488762,-0.9288312341009537
1.9467846308762513,-0.479313002728803,-0.7132794712431618
1.3849607474168408,-0.8985828050098136,-0.18569087072456658
0.20044872645657905,0.18952215805280814,-1.0325276865624555
0.5234974594457401,-0.13990411516798287,-0.5533658557213129
-0.6844238899919958,1.1179052916750418,-0.4647764498874513
0.9589109691267846,-0.7039218253793449,-0.3610273596328217
-0.8763803835072967,0.8533660116644047,0.44090941866716843
0.7716363413069811,-1.1231916276603484,0.1923537595183301
0.5094518623592543,-0.09997365780788764,-1.2780303537098892
1.3475058218528775,-0.9484958767099309,-0.12931579428483644
-0.8295617265523451,0.6337484961838774,0.583505200250015
-0.8857441148982851,1.3425141143255837,-1.1961785853963687
0.8746373866078729,-0.7338696683994181,-0.35960613921837475
0.556270519314206,-1.043330712940158,0.5992965381883149
-1.171337922323486,1.1778009777151883,-0.8647710398645845
1.4551887328492668,-0.8536610404797038,0.09439482650774354
-0.67037829290551,0.33427006598315245,2.1705873008422696
1.3428239561573831,-0.9534871838799455,-1.3174034229693836
-1.4288405355757188,1.2526705852653641,-0.20606169666497326
2.316652020820364,-1.4027048291810222,-1.1434881544755755
1.0853213429051538,-1.382739600500978,-0.30917913340207076
-1.1432467281505179,1.1628270562051517,-0.5008859759730301
-0.7406062783379391,0.6337484961838774,-1.364408972232389
-0.792106800988385,0.6686876463739581,-0.9748366652945337
-0.4596943366082323,0.6686876463739581,-0.1596878009194997
-1.3024301617973497,1.1528444418651225,2.298549775935625
-1.2134747135829438,1.2776271211154229,2.051678526166872
-0.7406062783379391,0.8084442471342949,0.2654676541726578
-0.7312425469469475,0.6437311105238994,-0.7932889167972141
0.9870021632997563,-1.447626593711132,0.5700825630024605
-1.4054312070982413,1.2676445067754007,1.0044496318919593
1.693963883319516,-0.8037479687795865,0.25999332368738065
1.3475058218528775,-0.9584784910499529,-0.4994121177654554
0.2753585775844991,0.23943522975292542,-0.23164366412501888
1.0900032086006481,-1.4975396654112492,2.796503298923345
0.766954475611487,-1.203052542380546,0.7818970425481877
-0.06173575249114783,0.15458300786272036,0.1930906886221171
0.7950456697844553,-1.1631220850204507,0.09439482650774354
-1.3398850873613097,1.2177314350752835,-0.548786367719206
1.960830227962737,-1.0283567914301213,-0.661115418253645
-1.3398850873613097,1.2776271211154229,-0.4488798363628961
1.1087306713826282,-1.3677656789909414,0.39495662526671615
-0.7312425469469475,0.6337484961838774,-0.8070273808035349
0.804409401175447,-1.148148163510414,-0.812185884530046
-0.862334786420811,0.733574639584119,0.9822891209852118
-0.6563326958190274,0.5189484312735991,-0.33176074665383937
-0.7312425469469475,0.9531921550646464,-0.48598948051790053
0.8278187296529211,-1.2679395355907,0.4150116244483564
-1.3539306844477954,1.2926010426254593,-0.6191630971308953
0.4485876083178201,0.059748171632493303,-1.1491730361333632
-0.8904259805937826,0.8783225475144634,-0.8941955662229496
-0.7171969498604617,0.9232443120445731,-0.7240175810412057
-0.862334786420811,0.8284094758143461,0.19967041276307543
-0.6937876213829874,1.127887906015064,-0.2855974020808765
-0.8201979951613534,0.6686876463739581,-0.4363520415985116
-0.7640156068154134,0.5638701958037089,-0.6693795517746884
-0.792106800988385,0.6087919603338188,-0.2938088978087924
-0.8014705323793734,0.7884790184542508,0.10018498375178685
1.1415037312510938,-1.2928960714407585,0.3481616271762208
0.8278187296529211,-1.1631220850204507,-0.05709674211367883
-0.9419265032442286,0.8134355543043095,-0.11052410213825979
-0.7967886666838793,0.7285833324141044,-0.3524473993530123
-0.843607323638831,0.7984616327942728,-0.32428618002971094
-0.8201979951613534,0.7485485610941556,0.20593431014526756
-1.3492488187523013,1.2376966637553275,-1.390727868796222
-0.6891057556874933,0.5688615029737164,0.08634124415921073
-0.9700176974171969,0.9332269263845951,1.6126266936890112
-0.7546518754244217,0.9232443120445731,1.4344477639518618
-0.7359244126424417,0.5488962742936724,1.9865655760679497
0.8933648493898529,-0.6939392110393158,-0.21390472784099546
1.450506867153769,-0.6689826751892571,0.5076015025599209
-0.8482891893343251,0.8783225475144634,4.389217643380259
0.45326947401331424,-0.030095357427719203,-1.001734577582771
-0.6984694870784817,1.1378705203550858,0.09339470843831787
-0.5673772476046182,-0.075017121957829,0.07465565408486902
0.9963658946907447,-1.3028786857807877,-0.8311354900560058
-1.1619741909324979,1.1927748992252178,-0.8162389946008765
-0.7452881440334334,0.6337484961838774,-1.13074980853868
-1.3071120274928438,1.1428618275251006,-0.05846532473499822
-1.3539306844477954,1.2826184282854374,-1.044897567947457
-0.8670166521163051,0.6986354893940312,-1.1219066592932323
-0.881062249202791,1.5671229369761186,-0.05156977383527393
-1.2415659077559154,1.147853134695115,0.7387866899766298
-0.7312425469469475,1.053018298464888,-0.4597232217471952
0.8278187296529211,-1.1780960065304873,-0.26091027710400116
0.6264985047466318,-0.24971287290824654,-1.1914938218080067
1.0385026859502022,-1.352791757480905,-0.8465057256492842
-1.2602933705378954,1.1628270562051517,0.7338387374226291
1.3802788817213432,-0.9435045695399163,-1.1023254002497405
-0.2724197087884288,0.7834877112842362,-0.24696126192516973
-0.9887451601991769,1.0080965339347783,0.6660412598741954
1.5394623153681783,-0.21976502988818042,-0.6293748289976625
0.912092312171833,-1.2529656140806633,1.1247269891886758
0.9963658946907447,-1.1980612352105313,1.490717564805337
-0.8201979951613534,0.6986354893940312,-0.4112964520697426
-0.4316031424352606,0.7235920252440898,-1.445260622476484
-0.8201979951613534,0.8284094758143461,0.7174157459667972
-0.9840632945036827,1.721853459246492,-1.1668066968311313
-0.5580135162136298,0.12962647201266173,4.611770232724031
0.9027285807808446,-1.2180264638905827,0.29226029087463995
0.841864326739407,-1.287904764270751,0.6051393332254857
1.0993669399916364,-0.8786175763297625,-0.6145836091287883
-0.6984694870784817,0.8433833973243827,1.9162941222425154
-0.31455650004788305,-0.4343912381986932,-0.20974634218390995
0.9823202976042588,-1.4276613650310879,-0.36429090280673704
-0.862334786420811,0.7884790184542508,-0.36350133590982203
-0.7312425469469475,0.6636963392039505,-1.1880723652547083
1.0853213429051538,-0.8586523476497183,-1.6710767549941707
0.8137731325664354,-1.1631220850204507,-1.4616836139323157
1.431779404371789,-1.0982350918102897,-0.21832630246371937
-0.6376052330370441,0.1495917006927129,-0.7872882083806602
2.326015752211356,-1.3777482933309635,-0.03177796361927163
-1.3820218786207672,1.23270535658532,-0.7244913211793548
-0.881062249202791,0.7884790184542508,-0.4104542473797
0.9870021632997563,-1.43764397937111,0.2654676541726578
-0.8670166521163051,1.307574964135496,-1.1266440606747223
-1.3024301617973497,1.1778009777151883,0.17677297275254084
-0.862334786420811,0.6537137248639214,0.8576428268588991
-0.562695381909124,-0.0600432004477924,1.031926559904601
-0.6984694870784817,0.5289310456136211,4.746470345337729
-0.7218788155559558,0.9931226124247415,-1.0093670575862825
2.265151498169918,-1.4276613650310879,-0.9059337940904191
-0.7078332184694733,1.1328792131850784,-0.8784042282846497
-0.5533316505181324,1.5271924796160232,-1.3104552342765314
-0.5533316505181324,-0.1049649649779022,1.3705454830948758
-0.7640156068154134,0.6087919603338188,1.3477006808774687
-1.3820218786207672,1.1977662063952323,1.8403377867592938
-0.8389254579433334,0.8284094758143461,-0.3925047599231659
2.316652020820364,-1.4027048291810222,-1.0702163464418644
-0.7171969498604617,0.5488962742936724,3.856839003687047
0.574997982096186,-1.0782698631302456,0.29289194439217187
0.7950456697844553,-1.1731046993604728,0.8712760152789646
0.7903638040889611,-1.108217706150319,1.2651646212532888
-0.4316031424352606,0.7136094109040678,-0.5533658557213129
-0.8576529207253167,0.8034529399642875,0.2917865507364906
1.2491866422474798,-1.5574353514513957,-0.256857167033171
-0.7874249352928876,0.7685137897741997,0.14550612363470722
-1.3305213559703213,1.2476792780953567,2.0859983672861104
1.1134125370781223,-0.8985828050098136,3.2309756433990997
-0.8061523980748709,0.6137832675038262,-0.7351241553911433
-0.8389254579433334,1.5222011724460158,-0.09641717358004524
0.9401835063448046,-0.7139044397193669,-1.5335342015515796
-0.8576529207253167,0.7186007180740824,0.249044662716826
-0.67037829290551,0.7086181037340533,-0.040779026244102325
-0.8014705323793734,0.6038006531638042,0.1219243923135127
-0.7686974725109076,1.0380443769548513,0.5102333922163041
1.3849607474168408,-0.8536610404797038,-0.4329832228383411
0.860591789521387,-1.3128613001208096,-0.3536054308018208
-1.3258394902748272,1.2676445067754007,0.24078052919578252
-0.8576529207253167,0.7934703256242583,0.8511157405110683
-0.899789711984771,0.8982877761945145,0.8908572743224565
1.3334602247663916,-1.60734842315152,-0.3708179891545676
-0.8155161294658593,0.6087919603338188,0.21698824670207736
-0.6469689644280358,0.5488962742936724,0.3532148553164767
0.9682747005177763,-0.9335219551998942,1.1413078940238905
-0.8061523980748709,0.7036267965640458,-0.47709369347932495
0.7903638040889611,-0.489295617068825,-0.2901768900829835
-0.7359244126424417,0.5688615029737164,1.788015820390394
-0.7078332184694733,1.147853134695115,-1.1302234306074035
-0.9044715776802651,0.8883051618544854,1.2944312342322706
-0.8061523980748709,0.8334007829843535,0.5693982716918007
-0.7640156068154134,0.658705032033936,-1.130118155021148
-0.6610145615145216,0.6736789535439726,1.6503153535684196
-1.3352032216658154,1.1977662063952323,-0.7921308853484054
0.9589109691267846,-1.4126874435210512,0.12839884086821593
1.338142090461889,-0.9484958767099309,-0.8145019474276634
0.9074104464763387,-0.12493019365794628,-0.6362177421042591
0.5047699966637601,-0.0600432004477924,0.3093149358480037
-0.7967886666838793,1.043035684124859,-0.6280062463763432
-0.7546518754244217,0.7036267965640458,-0.6181103412683419
0.30813163745296496,0.21447869390286678,-1.2636602361860367
-0.7359244126424417,0.7934703256242583,0.3532148553164767
-1.377340012925273,1.2476792780953567,-0.21569441280733612
-0.6891057556874933,0.7485485610941556,0.13387317135349305
-0.67037829290551,0.3192961444731159,0.008068845778371622
1.2632322393339657,-0.7638175114194842,0.17198293357792319
1.0104114917772304,-1.3178526072908172,-0.480251961066985
-0.7827430695973934,1.082966141484954,-0.1556346908486693
-0.7499700097289275,1.2077488207352542,1.4181300480822856
1.370915150330355,-1.2379916925706267,0.9518644765574208
-0.7686974725109076,0.6137832675038262,-0.07173004860316998
-0.6656964272100158,0.4840092810835185,-0.5615247136561011
1.0900032086006481,-1.3927222148410001,-1.0550040242279688
-0.8389254579433334,0.7186007180740824,-0.17063646189005416
-0.810834263770365,0.6786702607139872,-0.3957156653039535
0.556270519314206,-0.09498235063788016,-0.8070273808035349
-1.4382042669667072,1.297592349795474,-0.6885923462662866
-1.3398850873613097,1.1827922848851957,-0.31728535354373133
2.400925603339276,-2.296148812613175,-0.5606298711729307
-1.3305213559703213,1.1977662063952323,-0.9085130459536748
-0.9278809061577427,0.8234181686443315,0.12208230569289578
-0.7359244126424417,0.7934703256242583,0.08249868526089119
0.20044872645657905,0.21447869390286678,-1.171438822626366
-0.6844238899919958,0.19950477239283018,0.07197112663535776
-0.7499700097289275,0.7136094109040678,0.1404528954944514
0.6639534303105918,-0.6240609106591474,-1.0199472540049435
-0.65165083012353,0.6686876463739581,1.985144355653503
-1.2930664304063613,1.1778009777151883,0.14329533632334526
1.2679141050294631,-1.6522701876816226,0.6246679544758501
1.0759576115141622,-1.3627743718209269,0.33126489558224015
1.1976861195970339,-0.7588262042494768,-0.7454411628441658
-0.7125150841649674,0.6337484961838774,2.4046149290878724
1.427097538676295,-0.9484958767099309,0.602612719155358
0.9074104464763387,-1.372756986160949,-0.3380246440360318
1.0478664173411905,-1.3378178359708683,-1.421784166741545
2.405607469034773,-1.1431568563403995,-0.7199118331772477
-0.7780612039018993,0.7685137897741997,0.49717921952064303
-0.6656964272100158,0.5089658169335771,0.6272472063391052
0.5422249222277201,-0.1049649649779022,-0.4950958187289868
-0.6937876213829874,0.7186007180740824,-0.6739590397767955
1.1227762684691138,-1.4975396654112492,1.3973381197968573
-0.6891057556874933,0.573852810143731,0.016911995023819456
-0.881062249202791,0.8433833973243827,-0.5455754623384184
-1.129201131064032,1.1628270562051517,0.13734726569991884
-0.7171969498604617,0.8433833973243827,0.20940840449169382
-0.5767409789956098,-0.07002581478781443,0.09181557464448784
0.9589109691267846,-0.7338696683994181,-0.7855511612074473
1.0150933574727246,-1.4226700578610734,2.2133291888619344
-0.7359244126424417,0.4740266667434893,1.857813534077679
-0.7218788155559558,0.7535398682641631,0.22062025442788624
-0.22091918613798295,0.059748171632493303,-0.7787608858939783
-1.0870643398045745,1.1728096705451736,1.2511103304882014
1.375597016025849,-0.9484958767099309,-0.44687960022404477
-0.7171969498604617,0.9132616977045511,-0.1913231145892268
1.427097538676295,-0.8386871189696672,0.5780308697647378
-0.7359244126424417,0.5938180388237821,2.0036202210413134
1.0197752231682222,-0.8287045046296452,0.19603840503726652
-0.7406062783379391,0.8833138546844779,0.12692498266064098
-0.7546518754244217,1.0380443769548513,-0.10504977165298243
0.930819774953813,-0.7288783612294035,-0.5533658557213129
1.1087306713826282,-1.3378178359708683,1.3843365848943243
-0.8389254579433334,0.7285833324141044,0.5122336283551555
-0.6844238899919958,0.24442653692293997,1.8053336543293959
1.0057296260817363,-1.3478004503108902,0.7313647611456289
-0.7171969498604617,0.8633486260044267,-0.01272308250705657
-1.3679762815342813,1.1628270562051517,1.4714521325206111
1.2960052992024316,-1.3927222148410001,-0.8511904892376465
-0.6891057556874933,0.4840092810835185,1.1626262002405952
-0.6984694870784817,0.6786702607139872,-0.34134082500307467
-0.7125150841649674,0.8833138546844779,0.4875465033782802
-0.937244637548731,0.8084442471342949,1.1479928937511041
-1.1385648624550204,1.1428618275251006,0.17861529551200905
-0.7499700097289275,0.6836615678839947,-0.6022137277437869
2.6116095596365567,-1.382739600500978,-0.9649407601865325
-0.9091534433757626,0.8833138546844779,-0.277333268559833
1.3147327619844116,-1.542461429941359,0.26057233941178504
-0.8576529207253167,1.5122185581059866,-0.8680345830384997
-0.881062249202791,0.6437311105238994,-1.3912542467274986
-0.8716985178117993,0.7984616327942728,-0.4891477481055606
1.2913234335069375,-1.6123397303215274,-0.4870948741735815
-1.3632944158387872,1.2177314350752835,-0.9978393808913237
1.1274581341646082,-0.8786175763297625,0.34068706055209236
1.370915150330355,-0.9534871838799455,-0.9799951690210449
1.3662332846348575,-1.1132090133203263,0.44538363108301987
-0.5580135162136298,-0.050060586107770366,0.7464718077732688
-0.8716985178117993,1.3125662713055106,-0.7664962800952322
-0.6891057556874933,0.5538875814636869,-0.21100964921897378
1.356869553243869,-1.6023571159815053,0.21104017607865141
-0.8014705323793734,0.7086181037340533,0.2654676541726578
-0.6891057556874933,0.6087919603338188,0.18451072834230745
-0.7452881440334334,0.6287571890138628,-0.7716021460286158
-0.7499700097289275,0.5488962742936724,-0.14315953387741256
0.26599484619351077,-0.7787914329295208,-0.48151526810204887
1.413051941589809,-0.9435045695399163,-0.030619932170462875
-1.3024301617973497,1.1328792131850784,-0.3886095632317186
-0.8014705323793734,1.0330530697848368,0.357583792146073
-1.3211576245793297,1.1927748992252178,0.4722815433712571
-1.358612550143293,1.2376966637553275,-0.15358181691669043
0.9776384319087646,-1.2928960714407585,-0.5240992427423307
-0.8014705323793734,0.6836615678839947,-0.3110214561615392
1.4411431357627809,-0.7987566616095719,-0.7118582508287149
-0.8201979951613534,0.5788441173137455,1.2999582025106757
-1.377340012925273,1.2676445067754007,0.36611111463275514
-1.3445669530568072,1.297592349795474,1.1144099817356534
-0.23964664891996296,-0.5092608457488762,-0.89509040870612
1.0010477603862422,-1.43764397937111,-0.4106121607590831
2.204287244128484,-1.9517486178823475,-0.6118464438861497
0.9167741778673304,-1.2479743069106486,0.3950092630598437
-0.8342435922478393,0.8733312403444559,1.1508353345799984
-1.2509296391469038,1.212740127905269,1.3166970207252733
0.5469067879232143,-1.033348098600136,0.37400678360190487
-0.5486497848226382,0.5239397384436137,1.1882608054937687
-0.8295617265523451,0.5938180388237821,1.2798505655359074
1.1789586568150539,-0.44437385253871525,-0.7838141140342341
-0.6610145615145216,1.71187084490647,-1.0504771740189895
0.8465461924349013,-1.2928960714407585,0.2245154511193338
0.6779990273970777,-1.3378178359708683,-0.6922243539920955
0.9729565662132704,-0.9235393408598722,0.26262521334376393
-0.8389254579433334,0.8134355543043095,-0.13121075483743244
-0.7125150841649674,0.7585311754341776,0.6738842910502175
0.9542291034312904,-1.2829134571007363,0.4856515428256844
-0.8716985178117993,1.1628270562051517,-0.542469832543886
-0.7125150841649674,0.8683399331744412,0.5862423654926537
-0.7593337411199192,0.6487224176939139,-1.055635677745501
-1.3445669530568072,1.212740127905269,-0.6279536085832154
0.6452259675286118,-0.5991043748090887,-0.3925047599231659
1.3006871648979257,-0.9035741121798211,0.3049459990184073
-0.899789711984771,0.8883051618544854,1.2346347012392422
1.9655120936582313,-2.1314356760027797,-1.2332355917582456
-0.7218788155559558,1.1378705203550858,-1.4159940094975016
0.8746373866078729,-1.3677656789909414,0.27541619707378684
0.20513059215207322,0.27437437994301317,-1.199915868708433
-1.3913856100117588,1.2277140494153056,-1.1820716568381544
-0.9934270258946744,0.9132616977045511,2.080892501352727
2.335379483602344,-2.296148812613175,-0.5131505817717762
-0.7359244126424417,0.9232443120445731,-1.003471624755984
-0.63292336734155,0.18453085088279356,-0.24743500206331878
-0.7312425469469475,1.2376966637553275,-0.7132794712431618
-0.862334786420811,0.8533660116644047,0.011700853504180521
-0.2490103803109513,-0.5192434600888982,-0.4300881442163194
-0.8248798608568509,0.6187745746738408,1.3782832386846424
1.1649130597285682,-1.3478004503108902,-0.6195315616827888
-0.6656964272100158,0.4939918954235405,0.4431202059785304
-0.881062249202791,0.7285833324141044,0.6431964576567882
0.9355016406493104,-0.7188957468893815,-1.003471624755984
-0.7546518754244217,1.0280617626148223,-0.8918268655322046
-0.7546518754244217,0.7036267965640458,-0.7050153377221184
-0.7312425469469475,0.5439049671236578,3.6441296816581485
-0.7031513527739758,1.1378705203550858,-1.2576068899763548
-0.7359244126424417,0.6836615678839947,-0.9305156434810391
-0.7265606812514533,0.9631747694046684,-0.7497048240875066
1.3990063445033234,-0.9235393408598722,-0.943306627211062
0.8980467150853471,-1.3677656789909414,0.05344262345441954
-0.6891057556874933,0.658705032033936,-0.6863289211617969
-0.5673772476046182,-0.06503450761780696,-0.6293748289976625
-0.7406062783379391,0.6836615678839947,-0.7274916753876317
-0.9091534433757626,0.8483747044943901,-0.08067847343487312
0.9401835063448046,-1.2479743069106486,0.44090941866716843
1.0057296260817363,-0.9285306480298868,-0.6593257332873043
-0.7827430695973934,0.7086181037340533,-0.73091313194093
-0.8482891893343251,0.6836615678839947,0.38611347602126783
0.6264985047466318,-1.2180264638905827,-0.4875686143117306
-0.8951078462892768,0.9831399980847195,0.9284932964087373
1.1555493283375797,-1.3228439144608317,-0.48625266948353896
0.9589109691267846,-1.2829134571007363,-0.565946288278825
-1.218156579278438,1.2576618924353786,0.25604548920280557
1.1087306713826282,-1.3677656789909414,0.2435176944384213
-0.6750601586010074,0.3442526803231816,-0.2633842533810016
-0.44096687382625227,0.7136094109040678,-0.9232516280294213
1.4739161956312468,-0.8336958117996527,-1.579960735090181
-1.204110982191952,1.1129139845050273,0.23556938767614358
-0.7780612039018993,1.5222011724460158,-0.26796374138310836
-0.8342435922478393,0.7086181037340533,-0.6021084521575316
-0.8061523980748709,0.6636963392039505,-0.6118464438861497
-0.7406062783379391,0.6287571890138628,-0.7050153377221184
-0.8389254579433334,0.8383920901543681,-0.5624721939323992
-1.3164757588838354,1.1877835920552102,0.727627477833564
1.2960052992024316,-1.5774005801314468,-0.47146144961466474
0.8278187296529211,-1.2779221499307218,0.6647253150460035
1.2819597021159457,-1.183087313700495,-0.5447858954415034
-0.7359244126424417,0.818426861474317,0.838430032367301
0.879319252303367,-1.3428091431408828,-0.6122675462311711
-0.3098746343523888,-0.4343912381986932,-1.0930611486592712
-0.7967886666838793,0.6886528750540092,-0.21027272011518655
-0.8201979951613534,0.988131305254727,-0.753757934158337
-0.918517174766751,0.7884790184542508,-0.14989717139775374
-0.7686974725109076,0.6387398033538848,-0.9561502487342124
-0.5580135162136298,-0.07002581478781443,0.13734726569991884
1.0853213429051538,-0.8436784261396818,-1.1294338637104884
-0.41755754534877476,-0.44437385253871525,0.7926351523462318
0.9916840289952504,-1.4276613650310879,0.5286566198109873
-0.9138353090712568,0.8034529399642875,-0.7912886806583628
1.8063286600113995,-0.9484958767099309,-0.3438674390732026
-0.8201979951613534,0.6936441822240167,0.3970621369918225
1.0900032086006481,-0.8736262691597478,-0.9637300909445962
0.4673150710998001,0.12962647201266173,-1.169649137660025
0.766954475611487,-1.1930699280405168,0.7277853912129475
-0.7078332184694733,0.8334007829843535,-0.2834392525626423
0.7575907442204953,-1.118200320490341,0.3083674555717056
1.4739161956312468,-0.8037479687795865,1.2072630488128562
0.8184549982619328,-1.2479743069106486,0.365163634356457
2.7473836648059144,-1.0932437846402823,-1.4759484558699132
1.0057296260817363,-1.4326526722010953,-0.5291524708825865
1.1040488056871338,-1.0982350918102897,0.8265338911204486
0.4579513397088084,0.02480902144241263,-1.039528513048435
-0.8295617265523451,0.8134355543043095,-0.9093026128505896
-0.7546518754244217,0.9981139195947561,0.42217036431371907
0.7763182070024753,-0.36950424498853934,-1.1463305953044693
1.6518270920600584,-0.9984089484100481,-0.4041377122043801
-1.222838444973932,1.147853134695115,1.014503450379343
1.0619120144276764,-1.3478004503108902,1.2124215525393676
-0.7452881440334334,0.5688615029737164,0.7499459021196947
1.0385026859502022,-1.3478004503108902,-1.2048638212624336
-0.7546518754244217,0.5538875814636869,-0.6352176240348334
1.3662332846348575,-0.9285306480298868,-0.5986869956042333
-0.899789711984771,0.7784964041142217,0.4636489452983199
-0.7265606812514533,0.9332269263845951,0.14429545439277092
0.8090912668709411,-1.2180264638905827,1.4539763852022263
-0.7546518754244217,0.5488962742936724,-0.6028453812613188
1.2632322393339657,-0.4194173166886566,-0.44566893098210847
0.26599484619351077,0.1046699361626031,-0.8530854497902425
-0.8670166521163051,0.7784964041142217,1.1208317924972286
1.0150933574727246,-1.3478004503108902,-1.5256911703755573
0.6264985047466318,-1.233000385400619,-0.02356646789135572
0.7529088785250011,-1.1731046993604728,1.3136440287238687
0.9542291034312904,-1.0932437846402823,1.3158548160352306
0.9542291034312904,-0.6939392110393158,-0.4994121177654554
-0.7780612039018993,0.6936441822240167,-0.9816795784011303
-0.8155161294658593,0.8483747044943901,-0.7609693118168273
-0.7125150841649674,0.6886528750540092,-0.23580204978210462
-0.48310366508570646,-0.27466940875831225,0.8632224329304318
-0.862334786420811,0.8034529399642875,0.7426818866680769
1.6658726891465443,-0.7338696683994181,-0.14989717139775374
-1.1760197880189838,1.1827922848851957,0.6573033862150026
1.4598705985447609,-0.8486697333096892,-0.7171220301414813
0.9682747005177763,-1.43764397937111,0.6885702353328362
0.6639534303105918,-1.2379916925706267,0.15645478460526194
-0.7031513527739758,1.0979400629949907,0.08355144112344438
-1.1619741909324979,1.2526705852653641,0.4860726451707057
-0.8763803835072967,0.7784964041142217,0.06044344994039915
-1.3024301617973497,1.1528444418651225,0.7937931837950405
-1.2275203106694295,1.157835749035137,2.032360456089019
-0.7967886666838793,1.0679922199749174,-0.8865104484263103
-0.9044715776802651,1.6719403875463748,-0.30917913340207076
1.0993669399916364,-0.4244086238586712,-0.7147006916576089
-0.8857441148982851,1.307574964135496,-0.6118464438861497
1.2304591794654998,-1.5274875084313224,0.38753469643571525
-0.8201979951613534,0.5888267316537675,2.2532286360527056
-0.36137515700283473,-0.42939993102868573,-0.02651418430650492
-0.7874249352928876,0.6387398033538848,-1.002839971238452
-0.7265606812514533,1.0929487558249833,-0.09641717358004524
-0.6891057556874933,0.29433960862305725,0.998501561268533
-0.773379338206405,0.8383920901543681,-0.7149112428301194
-0.8857441148982851,0.8433833973243827,-0.5595244775172498
-0.7780612039018993,1.1179052916750418,-1.1820716568381544
-0.7078332184694733,0.9282356192145877,0.9516012875917826
0.4111326827538567,-0.04007797176774833,-0.38813582309356953
2.208969109823978,-0.7288783612294035,-0.8881948578063956
-0.8248798608568509,0.5938180388237821,0.9847630972622125
-1.3258394902748272,1.327540192815547,0.9548121929725703
1.408370075894315,-0.8436784261396818,0.5089174473881127
-0.5392860534316498,1.1728096705451736,-0.10847122820628069
-0.5673772476046182,-0.08000842912784356,0.8116900334584468
-0.65165083012353,0.573852810143731,0.37511217725758605
1.0946850742961423,-1.2280090782306046,-0.4627762137486
-0.7265606812514533,0.9082703905345365,0.08744663781489194
-0.8529710550298193,0.7385659467541265,0.6363009067570642
-0.6984694870784817,0.6886528750540092,0.24488627705974025
1.0946850742961423,-1.2180264638905827,0.7941616483469343
-0.792106800988385,0.6287571890138628,-0.595107625671552
-0.9466083689397227,0.8383920901543681,0.6956763374050714
-0.7406062783379391,0.6087919603338188,-0.9328843441717841
0.804409401175447,-1.2180264638905827,0.33126489558224015
0.32685910023494497,0.11465255050262514,0.16345561109124107
0.7997275354799528,-1.213035156720568,1.076510770683734
0.7248176843520294,-1.4027048291810222,-0.29791464567275033
0.9776384319087646,-1.4276613650310879,-0.09589079564876865
-0.9138353090712568,0.8932964690244999,0.4256444586601449
-0.7546518754244217,0.6337484961838774,-1.1789133892504944
1.0010477603862422,-1.43764397937111,-0.2968092520170693
-1.1619741909324979,1.147853134695115,0.40269438085648274
0.7622726099159894,-1.1331742420003776,0.6212464979225518
1.0104114917772304,-0.8187218902896161,-1.1571213428956406
-0.8716985178117993,0.6437311105238994,-0.5076236134933713
-0.6376052330370441,0.44907013089343073,0.5916114203916758
-0.862334786420811,0.733574639584119,0.6894650778160067
-0.8716985178117993,0.8633486260044267,-0.18484866603452405
-0.7406062783379391,0.7784964041142217,-0.030619932170462875
1.2210954480745115,-0.6090869891491179,-0.4677241663026005
-1.3492488187523013,1.23270535658532,-1.2538696066642907
-0.7640156068154134,0.6537137248639214,-1.0263690647665187
1.2913234335069375,-0.5242347672589128,-0.5952129012578072
-0.7967886666838793,0.6387398033538848,-0.8384521433007514
-0.773379338206405,1.1079226773350197,-1.1455936662006818
1.2538685079429774,-1.4226700578610734,0.4552795361910209
-0.7265606812514533,0.9382182335546098,-0.33491901424149945
1.370915150330355,-0.9584784910499529,-0.10410229137668456
0.9355016406493104,-0.6989305182093304,-1.139750871163511
-0.7312425469469475,1.2077488207352542,0.7800547197887195
-0.7546518754244217,0.9631747694046684,-0.9188826911998249
1.0759576115141622,-0.8237131974596306,0.4628593784014049
-0.7499700097289275,0.5688615029737164,-0.1178933931761329
1.0291389545592105,-1.3577830646509195,-0.25148811213414896
1.0291389545592105,-1.2080438495505534,2.2177507634846583
-0.7967886666838793,0.8334007829843535,-0.29128228373866444
0.7622726099159894,-1.22301777106059,2.1910107645758035
0.9963658946907447,-1.4276613650310879,0.295365920669172
2.316652020820364,-1.8020094027819886,-1.1288022101929565
1.0946850742961423,-1.4825657439012196,0.924124359579141
-0.6844238899919958,0.49898320259355505,1.1696796645197027
-0.7125150841649674,0.6636963392039505,-0.5804743191820608
-0.35669329130734057,1.2526705852653641,-0.14315953387741256
1.445825001458275,-0.9235393408598722,-0.41077007413846595
-0.7452881440334334,0.6137832675038262,-1.1418563828886177
0.9916840289952504,-1.2829134571007363,0.08455155919287005
-0.9840632945036827,0.8833138546844779,0.1518226588100269
0.8980467150853471,-1.2080438495505534,0.5103913055956872
0.5047699966637601,-0.075017121957829,-0.4488798363628961
0.8512280581303987,-1.1581307778504362,0.4628593784014049
-0.10387254375060535,0.3143048373031084,1.3123807216888048
-0.7406062783379391,0.6736789535439726,-1.0161573328997515
-1.3492488187523013,1.1977662063952323,-0.11405083427781337
1.3053690305934231,-1.5823918873014542,-0.7872882083806602
-0.43628500813075477,-0.45435646687874437,0.2345166318135904
0.19576686076108155,0.2793656871130206,-1.3106657854490422
-0.7593337411199192,0.5638701958037089,0.37311194111873475
-0.8155161294658593,0.583835424483753,1.453555282857205
-0.6563326958190274,0.2693830727729986,0.7404184615635874
1.1555493283375797,-0.8586523476497183,-0.05035910459333763
-0.7031513527739758,0.8334007829843535,-0.6362703798973866
-0.810834263770365,0.6736789535439726,-0.7982368693512146
-1.3258394902748272,1.2227227422452909,0.0006469169473707308
1.3802788817213432,-0.8886001906697845,2.5195232314855667
-1.377340012925273,1.2576618924353786,0.8001623567634878
1.2445047765519857,-1.3428091431408828,1.4260783548445632
0.9448653720402987,-0.44437385253871525,-1.2760827553641658
1.890602242530311,-1.9617312322223697,-0.8903003695315023
0.8278187296529211,-1.2579569212506778,-0.18569087072456658
0.4813606681862826,-1.0483220201101724,-0.09641717358004524
1.0291389545592105,-1.3428091431408828,-0.45172227719179
-0.6235596359505616,0.2094873867328522,-0.46882955995828146
0.7950456697844553,-0.7188957468893815,-1.1839666173907504
-1.358612550143293,1.2277140494153056,-0.01851323975109965
-0.862334786420811,0.6287571890138628,-0.32818137672115827
0.4158145484493542,0.13960908635268376,-1.2102855139545834
1.389642613112335,-0.8586523476497183,0.11745017989766124
-0.8857441148982851,0.8334007829843535,-0.7855511612074473
0.9776384319087646,-1.4326526722010953,-0.08231024502183071
-1.358612550143293,1.2177314350752835,0.8334294420201727
-0.937244637548731,0.9282356192145877,-0.23401236481576393
-0.881062249202791,0.7984616327942728,-0.06351855287525406
-0.6422870987325416,0.1795395437127861,0.5459744537499892
0.2753585775844991,0.1196438576726397,-0.19306016176243995
-1.3305213559703213,1.212740127905269,0.7428924378405874
1.6237358978870902,-1.128182934830363,-0.30475755877934685
0.9074104464763387,-1.3877309076709856,3.4519490989490405
1.6424633606690702,-1.8119920171220107,-1.0877447315533773
-0.8576529207253167,0.6387398033538848,0.3449507217954332
1.0104114917772304,-1.307869992950795,-0.49530636990149746
2.8644303071932917,-2.3161140412932193,-0.9807847359179599
0.21917618923855905,-0.005138821577660568,-1.3022437385486156
-1.0027907572856627,0.9182530048745585,3.4359998476313582
-0.8529710550298193,0.8134355543043095,-0.1018915040653226
0.9916840289952504,-1.457609208051154,-0.08699500861019303
-0.6984694870784817,0.6886528750540092,0.7503670044647159
1.6705545548420417,-0.26468679441828313,-0.4125071213116789
-0.7406062783379391,0.5688615029737164,1.4953496906005714
-0.773379338206405,0.6187745746738408,-1.0475294576038403
-0.7640156068154134,0.6337484961838774,-1.2384467332778846
0.860591789521387,-1.307869992950795,0.4927576448979191
0.8090912668709411,-1.1581307778504362,-0.5124662904611165
0.9401835063448046,-1.2729308427607144,0.008858412675286642
-0.17410052918303123,-0.554182610278986,-0.32860247906617956
-1.3539306844477954,1.167818363375159,0.13855793494185514
1.0759576115141622,-1.3877309076709856,-0.34134082500307467
-0.8248798608568509,0.6087919603338188,0.37511217725758605
0.9963658946907447,-1.297887378610773,-0.8877211176682466
0.8184549982619328,-1.2429829997406412,0.21119808945803403
-1.3867037443162613,1.2576618924353786,0.0494421511767169
-0.8763803835072967,0.7136094109040678,0.01596451474752134
1.4224156729808008,-0.7538348970794622,1.5650947664947286
-0.8576529207253167,0.6836615678839947,-0.5115714479779462
0.9870021632997563,-1.1731046993604728,4.590451926507326
1.427097538676295,-0.8736262691597478,-0.14810748643141308
0.32685910023494497,-0.050060586107770366,-0.49120062203753945
-1.3679762815342813,1.2177314350752835,-1.3734626726503476
-0.773379338206405,0.6187745746738408,-1.0651104805084808
0.9589109691267846,-1.4426352865411174,-0.48920038589868814
0.949547237735793,-0.7089131325493524,-0.6721167170173272
0.518815593750246,-0.1199388864879388,-1.2149702775429456
-0.7031513527739758,1.072983527144932,0.5040747704203671
-0.9325627718532369,0.9631747694046684,1.2226859221992623
-0.8482891893343251,0.8783225475144634,3.6532886576623627
-0.7312425469469475,0.6237658818438553,3.867735026864474
-0.7640156068154134,0.9531921550646464,0.8107951909752767
1.2866415678114431,-1.6772267235316884,0.03312443530714063
-0.9512902346352169,0.9382182335546098,1.3424895393578298
-0.7874249352928876,1.157835749035137,0.21414580587318346
-0.7406062783379391,0.5638701958037089,0.4422780012884874
-0.8670166521163051,0.7036267965640458,-0.9178299353372716
0.9963658946907447,-1.447626593711132,0.3284224547533463
1.764191868751942,-1.8868616246721865,-1.0636366223009062
-1.3679762815342813,1.2626531996053862,-0.15826658050505277
-0.7031513527739758,0.8334007829843535,-0.6534829382501335
-0.6750601586010074,0.5089658169335771,0.26041442603240195
0.6358622361376235,-1.2180264638905827,-0.0949959531655983
0.4204964141448484,0.004843792762361468,-0.35202629700799076
1.1602311940330738,-0.8536610404797038,0.006226523018903169
1.0525482830366881,-1.297887378610773,1.968668726404543
-0.7312425469469475,1.147853134695115,-1.1317499266081057
-0.7593337411199192,0.583835424483753,0.9842367193309356
0.9776384319087646,-1.4825657439012196,-0.18090083154994893
0.9870021632997563,-1.4626005152211685,-0.1951130356944188
-0.9606539660262086,1.1827922848851957,0.38053386994973565
0.949547237735793,-0.6689826751892571,-0.6413236080376427
1.6986457490150102,-0.9385132623699088,-0.3925047599231659
1.923375302398777,-0.9984089484100481,-0.7413354149802078
-0.12728187222807955,0.2693830727729986,-1.0019977665484092
-1.3632944158387872,1.2027575135652468,-1.5562210903896034
0.2472673834115274,0.059748171632493303,-0.555576643032675
-0.8248798608568509,0.8334007829843535,-0.46561865457749385
-0.7218788155559558,0.988131305254727,0.05517967062763244
-0.862334786420811,0.8583573188344192,0.011700853504180521
-0.8529710550298193,0.8034529399642875,0.7199423600369254
-1.3632944158387872,1.2227227422452909,-0.2635421667603844
-0.7874249352928876,0.6537137248639214,-1.174755003593409
1.216413582379014,-1.3028786857807877,1.7834889701814145
-0.7406062783379391,0.5488962742936724,0.1601920679173259
-0.773379338206405,0.583835424483753,0.9160707772306086
1.0385026859502022,-1.3378178359708683,0.08744663781489194
1.1134125370781223,-1.1132090133203263,-0.6038981371238723
-0.7874249352928876,0.6437311105238994,-1.2950849986832529
1.0572301487321822,-1.2679395355907,0.23835919071190992
-0.7827430695973934,0.6736789535439726,-0.6594310088735597
-0.843607323638831,0.733574639584119,0.7910560185524017
0.537543056532226,0.019817714272398066,0.36416351628703136
1.394324478807829,-0.9235393408598722,-0.8911952120146727
-1.3445669530568072,1.2476792780953567,-0.7149112428301194
-0.7218788155559558,0.7585311754341776,-0.18100610713620427
-0.8248798608568509,0.7485485610941556,0.9972382542334691
-0.9278809061577427,0.8334007829843535,0.4264340255570599
-0.6610145615145216,0.5688615029737164,-0.1108925666901533
-1.147928593846012,1.147853134695115,-0.5039389679744346
1.7595100030564477,-0.6689826751892571,-1.1902831525660702
-0.7452881440334334,0.6786702607139872,-0.5635775875880802
-0.6891057556874933,0.19950477239283018,0.3748489882919474
-0.7359244126424417,0.7285833324141044,-0.6958037239247769
-0.17878239487852543,-0.5591739174489935,-0.56673585517574
-0.7312425469469475,0.658705032033936,-0.8507167490994975
-0.7312425469469475,0.9531921550646464,-0.5266258568124585
0.4111326827538567,-0.9335219551998942,-0.34149873838245753
0.3128135031484591,0.21947000107288134,-0.5993186491217652
-0.6563326958190274,0.48900058825352594,-0.44003668711744826
-0.8857441148982851,1.2826184282854374,-0.9266204467895918
1.431779404371789,-0.6390348321691839,-0.20185067321476
2.302606423733878,-1.3977135220110146,-0.6317435296884074
-0.9887451601991769,1.3025836569654885,0.13387317135349305
-0.8670166521163051,0.8833138546844779,0.47886126751221547
0.7482270128295037,-1.108217706150319,0.8151641278048727
-1.236884042060418,2.0113492751071878,0.25351887513267746
-0.6422870987325416,0.1495917006927129,0.16798246130022054
1.637781494973576,-0.7388609755694255,0.298366274877449
1.3990063445033234,-0.9634697982199675,-0.07994154433108588
1.450506867153769,-1.213035156720568,0.002278688534328311
0.9916840289952504,-0.9285306480298868,-0.589896484151913
1.1461855969465882,-1.5025309725812637,0.918176288955715
1.5441441810636725,-1.9767051537324063,-0.6885923462662866
0.4626332054043026,-1.1681133921904583,-0.06593989135912666
1.0057296260817363,-1.4226700578610734,-1.5877511284730754
-0.7312425469469475,0.8334007829843535,1.0428752208751553
1.2725959707249574,-1.5674179657914176,-0.8023426172151725
-0.7312425469469475,0.8284094758143461,0.36253174470007377
1.1087306713826282,-1.0782698631302456,0.5952960659106122
1.6611908234510502,-0.6490174465092131,0.025755144269267286
1.619054032191596,-0.7139044397193669,-0.41719188490004117
1.033820820254708,-1.3378178359708683,-0.39513664957954914
-0.7546518754244217,0.6137832675038262,-0.38239830364265404
0.823136863957427,-1.2429829997406412,-0.09641717358004524
-0.7171969498604617,0.6487224176939139,1.003870616167555
-0.6797420242965017,0.7884790184542508,1.3973907575899853
1.3662332846348575,-0.9534871838799455,1.701689839661022
-0.7125150841649674,1.1528444418651225,-1.3967812150059034
1.3849607474168408,-0.9834350269000186,-0.9653092247384263
-0.7874249352928876,0.7285833324141044,0.491073235517834
-0.2302829175289713,-0.5641652246190081,-0.17658453251348036
1.2819597021159457,-0.9385132623699088,0.305946117087833
1.4785980613267409,-0.8336958117996527,-0.04225288445167704
-1.3398850873613097,1.2576618924353786,-1.0426341428429675
-0.7359244126424417,0.5638701958037089,0.8576428268588991
1.2819597021159457,-1.5774005801314468,-0.4007162556510818
-0.7546518754244217,0.6986354893940312,-1.0541091817447985
-0.12260000653258538,0.2693830727729986,-1.1538577997217252
1.5020073898042183,-0.1948084940381147,-0.1575296514012653
-0.31455650004788305,-0.4194173166886566,0.4102215852737392
1.2866415678114431,-1.213035156720568,1.1578887988591056
-0.8342435922478393,0.8284094758143461,-0.44514255305083184
0.49072439957727426,-1.033348098600136,-0.8023952550083003
0.9870021632997563,-1.447626593711132,2.2361739910793412
-0.7686974725109076,0.573852810143731,0.35868918580175424
-0.7780612039018993,0.5888267316537675,1.2615326135274794
0.20981245784756739,0.254409151262962,0.1657716739888586
0.4673150710998001,-1.1780960065304873,0.25604548920280557
-1.3211576245793297,1.157835749035137,0.025281404131118228
1.5956447037141184,-1.5574353514513957,-0.5825798309071675
-0.792106800988385,1.0779748343149467,-0.5267311323987139
1.731418808883476,-0.9834350269000186,-0.7050153377221184
1.1415037312510938,-0.8386871189696672,-0.42714042780117
2.316652020820364,-1.4126874435210512,-0.5711047920053364
-0.9325627718532369,0.9382182335546098,0.992342939472596
0.8278187296529211,-1.1431568563403995,1.0535080550869438
0.766954475611487,-0.050060586107770366,-0.59447597215402
-0.7640156068154134,0.5588788886336944,0.3707432404279897
-0.843607323638831,0.8383920901543681,0.9248086508898009
-0.792106800988385,0.658705032033936,-0.8092381681148969
0.2332217863250449,-0.39945208800861254,-0.319390865268838
-0.63292336734155,0.1945134652228156,0.9568650669045495
-0.8904259805937826,0.8334007829843535,0.12071372307157639
0.3221772345394508,0.12962647201266173,-0.6829074646084986
0.5281793251412343,-0.12493019365794628,-1.0388442217377754
0.7482270128295037,-1.108217706150319,1.1312540755365066
0.9448653720402987,-1.4426352865411174,0.49423150310549363
-0.6891057556874933,0.7235920252440898,0.6069290181918264
0.9635928348222788,-0.7538348970794622,-0.3400775179680106
1.0712757458186681,-1.3677656789909414,-0.07720437908844709
0.2753585775844991,0.11465255050262514,-0.41066479855221066
-0.4690580679992206,-0.27966071592831976,0.8692757791401133
-0.6844238899919958,0.6137832675038262,0.12918840776513096
-0.8342435922478393,0.8383920901543681,-0.3370771637597336
-0.843607323638831,0.6886528750540092,0.541816068092904
0.9074104464763387,-1.382739600500978,0.1947750980022027
-0.899789711984771,0.7934703256242583,0.3189476519903665
1.0619120144276764,-1.43764397937111,2.430881187858577
-0.7078332184694733,1.1728096705451736,-0.7886041532088518
0.6264985047466318,-1.2280090782306046,-0.8812993069066714
-0.7827430695973934,0.7485485610941556,-0.6166891208538949
1.0244570888637163,-1.2529656140806633,3.932795339170269
1.0244570888637163,-1.3478004503108902,-1.552220618111901
-0.7125150841649674,0.6686876463739581,-0.3882937364729526
-0.7406062783379391,0.6337484961838774,-0.758495335539827
0.7997275354799528,-1.1731046993604728,-0.12199914104009087
-0.08982694666411951,0.25940045843297654,-0.44419507277453374
-1.133882996759526,1.167818363375159,-0.13294780201064532
0.841864326739407,-1.2779221499307218,0.7057301558924555
-0.05237202110015616,-0.7688088185894988,-0.33197129782635004
-0.6376052330370441,0.5688615029737164,0.19193265717330835
1.5628716438456527,-1.5624266586214102,-0.3332872426545419
1.0712757458186681,-1.4925483582412418,2.6603819658952004
-0.7265606812514533,0.6237658818438553,-0.2635421667603844
-0.7265606812514533,0.6038006531638042,-0.3096528735402198
1.338142090461889,-0.9435045695399163,-0.6820126221253282
-0.8201979951613534,0.8683399331744412,1.6107843709295426
1.0619120144276764,-0.8536610404797038,-1.531376052033345
1.0010477603862422,-0.5591739174489935,-0.2908085436005154
0.43454201123133424,-0.020112743087697168,-1.1820716568381544
2.3962437376437817,-1.3677656789909414,-1.2525536618360988
-0.06173575249114783,-0.5491913031089715,-0.3102318892646242
1.0197752231682222,-1.3128613001208096,1.5340911063425335
-0.7499700097289275,0.9482008478946318,0.439488198252721
-0.6282415016460557,0.19950477239283018,0.7498932643265671
1.1087306713826282,-1.108217706150319,-0.674485417708072
-0.7312425469469475,0.6337484961838774,-1.0774277241003545
0.949547237735793,-1.4226700578610734,0.13387317135349305
-0.8716985178117993,0.5938180388237821,3.1321218679053424
-0.8482891893343251,0.8284094758143461,-0.08910052033529968
0.804409401175447,-1.1531394706804217,-0.1540029192617117
0.7763182070024753,-0.45435646687874437,-1.2144438996116689
0.949547237735793,-0.723887054059389,-1.191125357256113
-1.3305213559703213,1.167818363375159,-0.12931579428483644
-0.8295617265523451,0.7136094109040678,0.5192344548411351
-0.7078332184694733,0.8284094758143461,-0.04530587645308156
1.4177338072853034,-0.883608883499777,-0.9949443022693022
-0.63292336734155,0.5389136599536503,1.4607666605156953
1.3053690305934231,-1.4875570510712273,0.22025178987599298
-0.792106800988385,1.0031052267647635,1.6585268492963356
0.5328611908367318,-0.31959117328841496,-0.8165548213596424
0.5515886536187118,-0.05505189327778493,0.05712726897335621
1.427097538676295,-0.9035741121798211,-1.1112211872883162
-0.5346041877361524,1.1977662063952323,-0.9775211927440448
-0.7406062783379391,0.5389136599536503,5.858285811780286
0.3174953688439566,-0.10995627214791677,-0.8300827341934526
-0.7031513527739758,1.127887906015064,-1.0222633169025606
-0.810834263770365,1.053018298464888,-0.29054535463487696
0.7388632814385153,-0.6590000608492351,-0.3392353132779681
0.8980467150853471,-1.382739600500978,1.6226278743832674
1.356869553243869,0.06473947880250787,-1.2048638212624336
1.3615514189393632,-1.063295941620209,0.39574619216363066
2.4149712004257617,-2.276183583933124,-0.15126575401907313
-0.7312425469469475,0.658705032033936,-0.7771817521001483
0.7575907442204953,-1.1880786208705094,0.8643278265861125
0.9823202976042588,-1.3028786857807877,-0.7113845106905659
1.389642613112335,-0.9784437197300041,-0.586422389805487
1.0010477603862422,-1.4276613650310879,-0.77533942934068
0.9448653720402987,-1.2729308427607144,-0.7872882083806602
0.7763182070024753,-1.1331742420003776,0.2707840712785523
-0.5814228446911041,1.1328792131850784,-0.11010299979323827
-0.7686974725109076,0.658705032033936,-1.2186022852687544
-0.810834263770365,0.6137832675038262,0.8646436533448788
-0.7967886666838793,0.6187745746738408,1.1586257279628926
-0.6984694870784817,0.7086181037340533,-0.8267665532264097
-0.881062249202791,0.7984616327942728,0.021070380680904954
-0.33796582852536056,-0.5142521529188837,-0.9270941869277408
2.0591494075681345,-1.2629482284206852,-1.1128003210821462
1.1602311940330738,-1.3378178359708683,-0.8806676533891394
-0.9278809061577427,0.7984616327942728,0.7878451131716141
1.0010477603862422,-1.3178526072908172,-0.8476111193049651
0.8184549982619328,-1.118200320490341,4.452382995133458
-0.8248798608568509,0.6986354893940312,-0.16110902133394664
-0.8201979951613534,0.6087919603338188,-0.2740697253859176
-0.6844238899919958,0.46903535957348186,0.8996477857747763
1.3428239561573831,-0.968461105389982,0.6139824824709336
1.6003265694096127,-0.808739275949594,0.015438136816244738
-0.7640156068154134,0.7535398682641631,0.028229120546267663
0.6358622361376235,-0.5242347672589128,-0.9987868611676217
-1.4428861326622047,1.2376966637553275,0.04612597020967397
0.26131298049801327,-0.2596954872482757,-1.2904528728880182
1.0197752231682222,-1.3577830646509195,-0.730439391802781
-1.377340012925273,1.1877835920552102,1.310959501274358
1.0759576115141622,-1.2379916925706267,0.3049459990184073
1.0057296260817363,-1.307869992950795,-0.3424988564518832
-1.4101130727937388,1.242687970925342,-0.20706181473439894
-0.7967886666838793,0.7735050969442142,0.13713671452740822
-0.8014705323793734,0.6686876463739581,-1.3940966875563927
0.8325005953484154,-1.2529656140806633,0.42996075769661374
0.7810000726979694,-1.1631220850204507,0.933283335583355
1.0806394772096564,-1.3777482933309635,-0.3756080283291853
-0.8389254579433334,0.8583573188344192,0.6884123219534531
0.6218166390511377,-1.0882524774702678,0.4664913861272138
1.0853213429051538,-1.3927222148410001,-1.240552245002991
1.431779404371789,-1.1132090133203263,-0.06472922211719036
0.42986014553583674,0.019817714272398066,-0.30475755877934685
-0.7218788155559558,0.8433833973243827,-0.18937551624350327
1.1134125370781223,-1.3328265288008536,1.1262008473962506
-1.4007493414027472,1.2476792780953567,0.13782100583806814
-0.843607323638831,0.8334007829843535,-0.013196822645205395
0.7294995500475236,-0.05505189327778493,-0.5547870761357598
0.5656342507051977,-0.1349128079979754,2.579740866823616
-0.7078332184694733,0.6537137248639214,-0.01651300361224833
-0.14600933501005955,0.254409151262962,-0.15879295843632937
-0.7640156068154134,1.072983527144932,-0.44987995443232176
1.0150933574727246,-1.3028786857807877,1.2702178493935445
1.2257773137700056,-1.5175048940913003,0.7235217299696063
-0.8716985178117993,0.7086181037340533,-0.16732028092301124
2.499244782944673,-2.2162878978929847,-0.17511067430590563
1.0104114917772304,-1.4276613650310879,-0.6276904196175772
-0.862334786420811,0.6237658818438553,-0.022092609683781003
0.6686352960060894,-1.1930699280405168,1.2923257225071643
-0.03832642401367364,-0.7837827400995354,-0.036199538241995545
-1.3398850873613097,1.2376966637553275,-0.3925047599231659
-0.6750601586010074,0.7086181037340533,-0.13752729001275235
1.5254167182816925,-0.7887740472695499,0.7472613746701838
-0.843607323638831,0.5688615029737164,0.670778661255685
-1.0215182200676427,1.2077488207352542,0.4314872536973162
0.8746373866078729,-0.6440261393391985,-0.993680995234238
-0.7780612039018993,0.7685137897741997,-0.6725378193623485
-0.7406062783379391,0.6038006531638042,-0.2828602368382379
-0.8576529207253167,0.8334007829843535,-0.4167707825550199
1.3990063445033234,-0.9534871838799455,-0.022882176580696023
-1.3352032216658154,2.001366660767166,-0.3486574782478203
-0.7265606812514533,0.6986354893940312,-0.33834047079479773
-1.3211576245793297,1.2027575135652468,-0.12294662131638874
1.427097538676295,-0.8985828050098136,-0.29649342525830336
0.841864326739407,-1.148148163510414,1.2730602902224384
-0.6984694870784817,0.6636963392039505,-0.7414933283595907
1.5113711211952068,-0.2247563370581879,-0.4493535765010451
0.49072439957727426,-1.108217706150319,-0.4262982231111274
0.12553887532865565,0.35423529466320364,0.13387317135349305
1.1415037312510938,-0.30960855894839295,-1.7742994673175232
-0.8857441148982851,0.6387398033538848,-0.9071444633323554
-0.8529710550298193,0.6038006531638042,0.43790906445889144
-0.7640156068154134,0.5289310456136211,-0.8216080494998983
0.43454201123133424,-0.08000842912784356,-0.43361487635587304
-0.7452881440334334,0.573852810143731,0.9341781780665256
-0.8389254579433334,0.6986354893940312,-0.21590496397984676
1.1602311940330738,-1.3328265288008536,0.47601882668332157
1.1134125370781223,-1.3328265288008536,1.0082921907902789
-0.7171969498604617,1.1228965988450563,-0.39445235826888947
-0.3754207540893206,2.475540841918308,-0.3467098799020965
-1.3258394902748272,1.2926010426254593,0.048599946486674345
1.0759576115141622,-1.3927222148410001,-1.0175785533141986
-0.8248798608568509,0.7784964041142217,-0.3851354688852928
-0.8951078462892768,0.8483747044943901,-0.14763374629326426
1.0900032086006481,-0.8786175763297625,-0.711226597311183
-0.810834263770365,0.6936441822240167,-0.7566003749872309
1.0197752231682222,-1.3577830646509195,-1.6539168344345514
-0.8670166521163051,0.7136094109040678,-0.4014531847548691
2.8222935159338345,-1.3428091431408828,-0.9000909990532483
1.6424633606690702,-1.0034002555800627,-1.5674855781189239
-0.7265606812514533,1.1877835920552102,0.3806391455359907
-0.6376052330370441,0.5289310456136211,0.09702671616412678
1.0712757458186681,-1.2479743069106486,0.2950500939104058
-1.433522401271213,1.23270535658532,0.25762462299663563
-0.9278809061577427,0.818426861474317,-0.3802401541244198
0.7716363413069811,-1.1581307778504362,1.170100766864724
-0.7593337411199192,0.573852810143731,0.44090941866716843
0.7575907442204953,-1.1331742420003776,0.5078646915255591
-0.7359244126424417,1.1927748992252178,-1.3276151548361506
-0.7265606812514533,0.6786702607139872,-1.0112620181388785
1.0993669399916364,-1.213035156720568,0.3444243438641568
-0.8857441148982851,0.733574639584119,0.4116954434813137
-0.6376052330370441,0.4191222878733575,0.9381786503442278
0.8465461924349013,-1.3228439144608317,5.858285811780286
0.5843617134871777,-1.1930699280405168,0.46117496902131977
1.0993669399916364,-0.8436784261396818,-0.9180931243029099
-0.7171969498604617,1.1328792131850784,-1.1031149671466556
1.1087306713826282,-1.3428091431408828,1.22994993765088
-1.2415659077559154,2.0213318894472168,-0.8765619055251815
-0.6844238899919958,0.36421790900322565,-0.34376216348694727
-0.6937876213829874,0.7585311754341776,2.279073792478389
-0.7218788155559558,0.6387398033538848,-0.9933651684754721
-0.2021917233559996,0.3742005233432548,-0.9248833996163789
-1.3258394902748272,1.1827922848851957,0.19530147593347905
2.31197015512487,-1.4226700578610734,0.12592486459121532
-0.67037829290551,0.4740266667434893,0.5957698060487615
-0.7874249352928876,0.6487224176939139,-1.047108355258819
-0.7171969498604617,1.0679922199749174,-0.08925843371468277
1.0104114917772304,-1.4426352865411174,0.12224021907227889
-0.8763803835072967,0.8633486260044267,0.7918455854493167
0.9776384319087646,-1.2928960714407585,-0.2777017331117265
2.443062394598733,-1.777052866931923,-1.0408444578766267
-1.3352032216658154,1.2476792780953567,-1.1523313037210232
-0.6610145615145216,0.4640440524034673,1.575780238499645
-0.6844238899919958,0.2094873867328522,0.4957579991061961
-0.9466083689397227,0.8234181686443315,0.771790586267676
-0.8295617265523451,0.8284094758143461,-0.7355978955292923
0.8137731325664354,-1.1431568563403995,-0.28428145725268483
-0.0195989612316903,-0.5292260744289202,-0.6410604190720043
-0.8201979951613534,0.8483747044943901,-0.44514255305083184
-0.9278809061577427,0.8284094758143461,-0.6556937255614954
0.6826808930925753,-0.6889479038693083,-0.5240992427423307
-0.8576529207253167,0.8134355543043095,0.5643976813446724
-0.8248798608568509,0.8284094758143461,-0.7214909669710777
-0.843607323638831,1.4074011075357375,-0.2828602368382379
-0.3286020971343689,-0.4343912381986932,-0.9052495027797594
1.3428239561573831,-1.6971919522117325,-1.0233687105582416
-0.7780612039018993,0.7585311754341776,-0.14247524256675287
-0.8670166521163051,0.7585311754341776,1.1208317924972286
0.8090912668709411,-1.203052542380546,2.0968943904635373
0.6358622361376235,-1.203052542380546,-0.14547559677502983
-0.9138353090712568,0.7884790184542508,-0.15047618712215813
-0.6376052330370441,0.5938180388237821,-0.5523130998587595
-1.1198373996730404,2.0263231966172244,-1.1661750433135993
-0.65165083012353,1.3125662713055106,-0.9857326884719606
1.3615514189393632,-0.9335219551998942,-0.33176074665383937
-0.8482891893343251,0.7385659467541265,0.7154681476210735
0.9635928348222788,-1.2629482284206852,0.018754317783287674
-0.19282799196501127,0.21947000107288134,0.6711471258075787
-0.9278809061577427,0.8433833973243827,1.0710890779915843
1.3428239561573831,-1.4526179008811464,0.23256903346786661
-1.3726581472297754,1.2277140494153056,-1.2554487404581207
0.537543056532226,-0.1199388864879388,-0.14394910077432757
0.631180370442126,-1.128182934830363,0.24288604092088892
-0.7078332184694733,0.6936441822240167,-1.0257900490421143
-0.8014705323793734,0.8483747044943901,1.2946944231979092
-0.8061523980748709,0.733574639584119,-0.6479559699717286
-0.7359244126424417,0.5938180388237821,-0.5728418391785493
1.0806394772096564,-1.3777482933309635,-0.5197303059127343
-0.5767409789956098,0.02480902144241263,-0.3464466909364583
1.0946850742961423,-0.7987566616095719,-0.12199914104009087
1.9327390337897654,-1.0233654842601139,-1.1011147310078042
0.5141337280547484,-0.050060586107770366,0.5521330755459263
0.19576686076108155,0.27437437994301317,-0.8687715121422869
0.9776384319087646,-1.447626593711132,1.074194707786117
1.389642613112335,-0.9335219551998942,-0.5514182573755891
-0.7546518754244217,0.5339223527836358,-0.5767370358699966
-0.7452881440334334,0.5788441173137455,2.1861680876080585
-1.129201131064032,1.1179052916750418,-0.5716838077297405
-1.3024301617973497,1.3375228071555691,-0.5158877470144148
0.9589109691267846,-1.2729308427607144,-0.2035877203879729
-0.7406062783379391,0.6387398033538848,-1.307507517861382
0.9916840289952504,-1.2779221499307218,0.7840551920664222
-0.7546518754244217,0.7385659467541265,0.35895237476739245
0.9448653720402987,-0.5941130676390812,-0.9644143822552559
1.2398229108564915,-0.8586523476497183,0.49302083386355733
0.9870021632997563,-1.4626005152211685,0.04612597020967397
1.5254167182816925,-0.7538348970794622,-0.631954080860918
-0.7827430695973934,0.7235920252440898,1.1588889169285312
-0.810834263770365,0.8533660116644047,1.7776461751442436
-0.7312425469469475,0.5788441173137455,0.06302270180365485
0.823136863957427,-1.1631220850204507,-1.1235910686733175
-0.16941866348753373,0.28934830145304974,-1.4306273159869927
1.3475058218528775,-0.9435045695399163,-1.2091801202989023
-0.7640156068154134,1.0280617626148223,-0.3494996829378628
-0.7078332184694733,0.8284094758143461,0.17040379978409315
0.8933648493898529,-1.2379916925706267,0.7461559810145026
0.9963658946907447,-1.457609208051154,-0.18047972920492766
0.912092312171833,-1.2479743069106486,0.7128888957578178
-0.63292336734155,0.3791918305132623,0.15266486350006994
-0.4596943366082323,-0.4493651597087298,0.21940958518594994
-0.7171969498604617,0.7585311754341776,0.48554626723942884
1.3053690305934231,-1.692200645041718,-0.49120062203753945
-0.881062249202791,0.5938180388237821,2.0149373465637614
1.8156923914023877,-0.9484958767099309,-0.6203737663728316
-0.7499700097289275,0.6038006531638042,-1.171438822626366
1.338142090461889,-0.9385132623699088,-0.17811102851418262
-0.810834263770365,0.6337484961838774,-0.3072315350563472
-0.7406062783379391,0.7685137897741997,-0.565946288278825
0.9870021632997563,-1.287904764270751,0.04175703338007783
-0.46437620230372645,-0.44437385253871525,-0.7844457675517663
-1.0730187427180886,1.1778009777151883,0.834640111262109
0.6077710419646518,-1.0782698631302456,-0.30475755877934685
-0.918517174766751,1.6270186230162649,-0.5010965271455408
-0.7967886666838793,0.8134355543043095,-0.026987924444653977
-0.810834263770365,0.8583573188344192,0.7016770458216253
-1.133882996759526,1.1628270562051517,-0.40661168848138046
1.675236420537536,-0.2696781015882977,0.37311194111873475
-0.6844238899919958,0.7186007180740824,-0.13752729001275235
1.904647839616797,-1.3028786857807877,-0.2740697253859176
1.5722353752366443,-1.213035156720568,-0.4851999136209855
-0.8201979951613534,0.7984616327942728,1.2485837164180738
2.419653066121256,-2.2911575054431608,-1.1893883100829
-0.7452881440334334,0.5389136599536503,4.965285651369435
-0.9466083689397227,0.9232443120445731,-0.7267547462838443
-0.7125150841649674,0.6736789535439726,0.7040983843054979
-0.4316031424352606,0.7535398682641631,-0.681275693021541
-0.8482891893343251,0.6886528750540092,-0.16768874547490498
0.785681938393467,-1.183087313700495,0.09302624388642414
-0.7359244126424417,1.1927748992252178,-1.3520390908473874
-0.8576529207253167,0.6487224176939139,0.515918273874092
-0.7640156068154134,0.5439049671236578,-0.1361060695983054
-0.6750601586010074,0.5488962742936724,0.6433543710361713
-0.8857441148982851,1.1728096705451736,-0.7098580146898636
-0.7406062783379391,0.6387398033538848,-0.9567819022517444
1.4973255241087209,-1.5823918873014542,-0.27243795379896
-0.5720591133001157,0.5039745097635625,0.9522855789024425
2.25578776677893,-0.394460780838598,-1.1250649268808923
0.9542291034312904,-1.1631220850204507,1.7861208598377978
-0.881062249202791,0.8533660116644047,-1.2450264574188428
1.4364612700672867,-0.9435045695399163,-0.005037964710417261
-0.6750601586010074,0.5888267316537675,-0.9337265488618267
0.912092312171833,-1.2529656140806633,0.8691178657607302
-0.8389254579433334,0.7136094109040678,-0.35176310804235256
-0.9278809061577427,0.988131305254727,0.3324229270310489
1.0946850742961423,-1.233000385400619,-0.46561865457749385
-0.7452881440334334,0.6537137248639214,-0.7414933283595907
0.6592715646150977,-1.1780960065304873,1.0493496694298585
-0.6984694870784817,1.1378705203550858,-0.6995410072368411
-1.3398850873613097,1.242687970925342,1.2065261197090686
1.656508957755556,-0.26468679441828313,-1.1382243751628087
0.7903638040889611,-1.1231916276603484,-0.38724098061039947
0.5515886536187118,-0.07002581478781443,-0.9564660754929785
-0.6750601586010074,0.45905274523345274,0.7005716521659441
1.1087306713826282,-1.2779221499307218,-0.6961721884766706
-0.7452881440334334,0.6187745746738408,-0.6726957327417316
1.7033276147105076,-0.23473895139821704,0.139873879770047
1.3662332846348575,-0.9584784910499529,0.6133508289534016
-0.8576529207253167,0.733574639584119,0.6246679544758501
-0.773379338206405,0.6686876463739581,-0.9884172159214716
-0.9091534433757626,0.8932964690244999,1.1714167116929155
0.9729565662132704,-1.297887378610773,-0.3298657861012434
-0.6891057556874933,0.7585311754341776,-0.15858240726381873
0.9776384319087646,-1.138165549170385,3.3949423689917784
-0.67037829290551,0.573852810143731,-0.8595598983449455
0.860591789521387,-1.3178526072908172,-0.4334569629764899
-0.7265606812514533,1.147853134695115,-1.2858207470927838
-0.8576529207253167,0.6537137248639214,-0.3646593673586306
1.0104114917772304,-1.3378178359708683,-0.889405527048332
0.9635928348222788,-1.287904764270751,0.008279396950882263
1.4692343299357524,-0.8536610404797038,1.053350141707561
-0.8576529207253167,0.8683399331744412,1.0482969135673048
-0.8670166521163051,0.8134355543043095,-0.45172227719179
-0.6656964272100158,0.6886528750540092,1.411918788493221
-0.6376052330370441,0.39915705919331346,0.466754575092852
-0.8248798608568509,0.7036267965640458,-0.6474822298335795
1.0759576115141622,-1.372756986160949,0.03986207282748183
-1.115155533977546,1.127887906015064,-0.3925047599231659
-0.792106800988385,0.7036267965640458,-0.09320626819925763
-0.8670166521163051,0.7535398682641631,1.8294944013749947
-0.5580135162136298,-0.1349128079979754,0.1946171846228196
-0.5673772476046182,-0.050060586107770366,-0.6716429768791782
0.7529088785250011,-1.1331742420003776,0.8440096384388337
1.1368218655555997,-1.467591822391183,-0.4192447588320203
-0.7218788155559558,0.6287571890138628,-1.0385283949790094
-0.562695381909124,1.2277140494153056,-0.5624721939323992
-0.8295617265523451,0.5688615029737164,1.7137438942872574
-0.8716985178117993,0.7685137897741997,-0.4583020013327483
-0.4877855307812007,0.8234181686443315,-0.5953708146371904
-1.3305213559703213,1.2876097354554519,-0.0666768204629139
-0.6984694870784817,0.6487224176939139,-0.45440680464130095
-0.918517174766751,0.818426861474317,2.22627808597134
0.9729565662132704,-0.723887054059389,-0.14126457332481657
-0.810834263770365,0.6686876463739581,-1.0849549285176108
-0.5720591133001157,1.1179052916750418,-0.06467658432406281
-0.6937876213829874,0.5638701958037089,-0.3102318892646242
-0.7265606812514533,1.043035684124859,-0.40419034999750786
1.0619120144276764,-1.352791757480905,0.5461850049224999
-0.7593337411199192,0.6487224176939139,-0.9416748556241041
-0.6844238899919958,0.5538875814636869,-0.380503343090058
-0.7031513527739758,0.6537137248639214,-0.6334279390684927
0.33622283162593664,0.09967862899258853,0.7927404279324869
-0.810834263770365,0.6038006531638042,0.6182461437142748
0.804409401175447,-1.118200320490341,0.31394706164323827
1.534780449672681,-0.7887740472695499,0.21140864063054515
1.1742767911195597,-0.8486697333096892,-0.8329251750223465
-0.5580135162136298,0.5588788886336944,0.42922382859282626
-0.6282415016460557,0.5638701958037089,0.42938174197220935
2.326015752211356,-2.2811748911031384,0.08123537822582734
0.7997275354799528,-1.128182934830363,0.11387080996497988
-0.7452881440334334,0.7385659467541265,-0.11552469248538809
-0.3192383657433772,0.20449607956284474,-0.41187546779414697
0.7201358186565353,0.6337484961838774,-0.589896484151913
-0.8155161294658593,0.5788441173137455,1.3040113125815058
-0.09919067805510785,0.27437437994301317,-1.0651104805084808
0.930819774953813,-0.723887054059389,-0.7023834480657349
1.3615514189393632,-0.8886001906697845,-0.1587403206432016
-0.8155161294658593,0.6686876463739581,-0.9115660379550793
-0.6844238899919958,0.5239397384436137,-0.34492019493575604
-0.8529710550298193,0.8683399331744412,-0.5423645569576308
-0.8857441148982851,0.6337484961838774,0.31394706164323827
0.5843617134871777,-1.0682872487902166,-0.04951689990329484
-0.6891057556874933,0.6487224176939139,-0.11157685800081299
2.419653066121256,-2.276183583933124,-0.8542434812390512
0.9823202976042588,-1.297887378610773,-0.32670751851358354
-0.5392860534316498,1.147853134695115,-0.1098398108276001
-0.8155161294658593,0.5888267316537675,1.744326452094431
-0.5580135162136298,-0.09498235063788016,-0.7372296671162499
-0.7359244126424417,0.4939918954235405,2.6297467702948993
1.3147327619844116,-1.6422875733416007,-0.22295842825895415
-0.7874249352928876,0.5988093459937897,0.13387317135349305
1.1274581341646082,-0.8586523476497183,-0.3646593673586306
0.9167741778673304,-1.382739600500978,0.921124005370864
-1.3445669530568072,1.2227227422452909,-0.6693269139815609
1.431779404371789,-0.8287045046296452,0.027334278063097323
1.0525482830366881,-1.2679395355907,1.3664397352309174
0.9776384319087646,-1.3028786857807877,-0.03472568003442083
1.1087306713826282,-1.118200320490341,-0.508307904804031
1.0946850742961423,-1.118200320490341,1.3710192232330245
-1.3539306844477954,1.7817491452866383,-1.2827151172982516
-0.9044715776802651,0.8034529399642875,0.7748962160622086
-0.67037829290551,0.48900058825352594,0.7075724786519237
-0.7452881440334334,0.7235920252440898,0.11745017989766124
0.612452907660146,-0.020112743087697168,0.20909257773292764
-0.09450881235961368,0.23943522975292542,0.5192344548411351
-0.8763803835072967,1.3475054214955913,-0.6892766375769462
-0.5814228446911041,0.03978294295244923,0.027229002476842002
-0.899789711984771,0.8982877761945145,1.95498290019135
-0.7078332184694733,0.6886528750540092,-0.8230292699143452
-0.7967886666838793,0.7435572539241411,-0.08231024502183071
0.5609523850097001,-0.0600432004477924,0.0650755757356337
-1.377340012925273,1.1927748992252178,0.31952666771477045
-0.6563326958190274,0.5089658169335771,-0.5253099119842669
0.9542291034312904,-1.43764397937111,0.4793350076503643
-0.5346041877361524,1.1129139845050273,-0.30349425174428296
-0.43628500813075477,0.7036267965640458,0.5306042181567111
0.7903638040889611,-0.5192434600888982,0.19967041276307543
1.7688737344474361,-1.0682872487902166,-0.8937218260848006
-0.8482891893343251,0.8084442471342949,-0.09641717358004524
0.9542291034312904,-0.1199388864879388,-0.019671271199908406
0.823136863957427,-1.2779221499307218,4.298680639200675
0.7997275354799528,-0.5142521529188837,-0.9224620611325063
-0.6750601586010074,0.4939918954235405,0.006963452122690644
0.24258551771603323,-0.39945208800861254,0.26862592176031785
0.45326947401331424,-0.1199388864879388,-0.7738129333399778
0.879319252303367,-0.44437385253871525,-0.5109397944604143
1.8156923914023877,-0.9884263340700261,-1.6150701431063341
1.5441441810636725,-1.5125135869212858,-1.260133504046483
0.574997982096186,-0.0600432004477924,0.06807592994391068
1.6003265694096127,-0.7488435899094477,-0.1378957545646461
-0.6891057556874933,0.7186007180740824,-0.10462866930796115
1.1415037312510938,-0.489295617068825,-0.5076236134933713
-0.8061523980748709,0.6237658818438553,0.9907111678856384
-0.8342435922478393,0.8084442471342949,0.13782100583806814
1.5862809723231301,-0.6290522178291619,-0.6520617178356866
-0.8342435922478393,0.7834877112842362,0.33563383241183653
0.4579513397088084,-1.1331742420003776,-1.0504771740189895
0.804409401175447,-0.05505189327778493,-0.3885042876454633
-0.44564873952174644,0.7285833324141044,0.766421531368654
-0.7265606812514533,0.8583573188344192,2.228857337834596
-0.1132362751415937,0.2993309157930718,-0.5772634138012732
1.2257773137700056,-0.42939993102868573,-0.7434409267053145
0.9027285807808446,-1.3577830646509195,0.6130350021946359
1.0853213429051538,-1.22301777106059,0.9440740831745266
0.804409401175447,-1.2529656140806633,3.4153658327253127
-1.4288405355757188,1.2227227422452909,-0.44687960022404477
1.998285153526697,-0.6789652895292863,-0.9730469803281931
1.0104114917772304,-1.3378178359708683,-1.1019569356978471
-0.543967919127144,0.48900058825352594,0.19393289331215965
0.7810000726979694,-1.2280090782306046,0.8493260555447282
1.0150933574727246,-1.3428091431408828,-1.1463305953044693
-0.7171969498604617,0.8683399331744412,0.1075542747896602
1.0759576115141622,-1.063295941620209,-0.8680345830384997
0.6218166390511377,-0.24971287290824654,-1.2736087790871653
1.1134125370781223,-1.2829134571007363,0.33126489558224015
1.464552464240255,-1.467591822391183,0.09097336995444529
-0.7640156068154134,0.6087919603338188,-0.32670751851358354
0.912092312171833,-1.3777482933309635,0.48480933813564137
-0.7359244126424417,0.5389136599536503,5.858285811780286
-0.6937876213829874,0.9432095407246172,0.15856029633036833
0.7810000726979694,-0.4144260095186491,-1.199600041949667
-0.6937876213829874,1.1428618275251006,-0.36539629646241806
0.9823202976042588,-1.4176787506910586,-0.23559149860959397
-0.8763803835072967,0.7984616327942728,0.09481592885276482
-0.7452881440334334,0.5488962742936724,0.33968694248266673
-1.3632944158387872,1.2077488207352542,-1.390412042037456
1.0150933574727246,-1.4326526722010953,0.7281012179717132
-0.9231990404622484,0.9631747694046684,0.3879031609876085
-0.8201979951613534,0.6387398033538848,-0.41940267221140315
-0.6844238899919958,1.1228965988450563,-0.1234203614545378
-1.3211576245793297,1.2376966637553275,0.8930680616338185
1.2257773137700056,-1.522496201261315,0.4120112702400799
2.1481048557825404,-1.926792082032289,-0.12931579428483644
2.288560826647396,-1.4426352865411174,0.7075724786519237
0.9870021632997563,-1.1880786208705094,1.2593218262161174
-1.0308819514586345,0.9232443120445731,0.015017034471223458
1.4224156729808008,-0.8786175763297625,-1.0046822939979203
0.8465461924349013,-1.1531394706804217,0.7377339341140761
0.7950456697844553,-1.1531394706804217,-0.7872882083806602
1.2679141050294631,-1.203052542380546,-0.6721167170173272
1.2257773137700056,-1.233000385400619,-0.7741287600987438
-0.9419265032442286,0.9531921550646464,1.199420017636834
0.766954475611487,-1.1581307778504362,0.7043615732711361
1.1087306713826282,-1.128182934830363,-1.1341186272988508
0.7903638040889611,-1.1880786208705094,0.3999045778207164
0.7482270128295037,-1.1231916276603484,0.5780308697647378
-0.7265606812514533,0.7984616327942728,-0.2866501579434299
-0.8201979951613534,0.6038006531638042,0.29289194439217187
-0.843607323638831,0.6437311105238994,0.35595202055911546
1.9140115710077854,-0.5441999959389568,-0.8784042282846497
-0.7640156068154134,0.7235920252440898,-0.600002940432425
2.405607469034773,-1.692200645041718,-0.30612614140066624
1.6799182862330302,-0.7538348970794622,-0.9099869041612493
-0.8014705323793734,1.0080965339347783,0.49796878641755804
0.45326947401331424,0.009835099932376032,-0.8220291518449195
1.375597016025849,-0.9285306480298868,0.11923986486400191
0.9870021632997563,-1.287904764270751,-0.19074409886482244
1.4411431357627809,-1.532478815601337,-0.6556937255614954
1.0853213429051538,-1.3777482933309635,-0.883878558769927
-0.6422870987325416,0.18453085088279356,0.1651926582644542
-0.6937876213829874,0.9981139195947561,0.8497471578897494
-0.7686974725109076,0.5488962742936724,-0.9470965483162538
-1.3539306844477954,1.307574964135496,0.04612597020967397
0.9963658946907447,-1.4276613650310879,-0.5394694783356091
1.0010477603862422,-1.4626005152211685,0.13387317135349305
-0.7874249352928876,0.7435572539241411,0.5051801640760483
-0.8014705323793734,0.7435572539241411,0.35137253255700845
-0.8155161294658593,0.7435572539241411,0.06807592994391068
-0.918517174766751,0.8783225475144634,0.7062565338237319
-0.4035119482622889,0.6886528750540092,-0.8805097400097563
-1.3445669530568072,1.23270535658532,0.2161460420120348
1.6143721664960984,-0.9784437197300041,-0.959992807632532
2.0029670192221913,-1.307869992950795,-1.0598993389888418
0.9963658946907447,-1.3278352216308462,0.6491445282802147
1.375597016025849,-0.9385132623699088,-0.30233622029547425
1.7782374658384277,-0.8237131974596306,-1.1425933119924048
0.841864326739407,-1.3178526072908172,0.9740249874641683
-0.8716985178117993,0.7685137897741997,1.018346009277663
-0.5767409789956098,-0.16985195818805607,1.173048483279873
-0.8482891893343251,0.8483747044943901,1.089091203241246
-0.773379338206405,0.6736789535439726,-0.6138466800250011
-0.6750601586010074,0.7285833324141044,2.979998645766388
-0.7218788155559558,0.7535398682641631,0.10097455064870187
-0.63292336734155,0.5139571241035845,3.6898192860929626
1.637781494973576,-1.0233654842601139,-1.1573845318612792
0.28940417467098495,-0.0600432004477924,-0.7767606497551269
0.5094518623592543,-0.00014751440764600325,-0.13400055787319876
1.656508957755556,-2.076531297132648,-0.7872882083806602
-0.8389254579433334,0.8533660116644047,-0.4537225133306413
-0.881062249202791,0.8433833973243827,0.3378446197231985
-1.129201131064032,1.167818363375159,-1.085744495414526
0.8465461924349013,-0.5891217604690666,-0.1328951642175178
-0.862334786420811,0.7485485610941556,1.3465426494286599
1.4411431357627809,-0.6490174465092131,0.06807592994391068
-0.773379338206405,0.658705032033936,-0.6879606927487547
-0.7640156068154134,0.5788441173137455,0.8725919601071565
-0.7967886666838793,0.8433833973243827,1.9886184499999287
-0.6797420242965017,0.5938180388237821,-0.4550910959519607
-0.6610145615145216,0.26439176560298405,0.40801079796237727
0.9214560435628246,-0.723887054059389,-0.6692216383953056
-0.843607323638831,1.2926010426254593,-0.625163805547449
1.0010477603862422,-1.297887378610773,-1.0525826857440963
-0.6797420242965017,0.3492439874931891,-0.21216768066778255
-0.7640156068154134,0.8234181686443315,-0.030619932170462875
-0.843607323638831,0.7285833324141044,0.21035588476799147
1.3147327619844116,-1.702183259381747,-0.40566420820508237
1.5675535095411468,-0.7438522827394402,0.43754059990699773
-0.6376052330370441,1.1877835920552102,0.7074145652725407
-0.6891057556874933,0.7186007180740824,-0.6865394723343077
-0.7967886666838793,0.6686876463739581,-1.1209591790169342
-1.4288405355757188,1.2177314350752835,-0.795025963970427
0.9823202976042588,-0.5941130676390812,-0.15126575401907313
-0.6282415016460557,0.19950477239283018,-0.30475755877934685
1.0619120144276764,-0.8686349619897404,-0.5109397944604143
-0.5673772476046182,0.5439049671236578,0.6031917348797624
1.3240964933754031,-0.9335219551998942,-0.1708470130625648
-0.7078332184694733,0.6187745746738408,1.1393602956781668
-0.09919067805510785,0.25940045843297654,-0.813607104944493
1.450506867153769,-0.8935914978397991,-0.3840827130227394
-0.7967886666838793,0.6087919603338188,-0.4530382220199818
0.804409401175447,-1.2280090782306046,1.793490150875671
1.0104114917772304,-1.4276613650310879,1.785278655147755
-0.7078332184694733,0.6886528750540092,-0.7250703369037591
1.4364612700672867,-0.8736262691597478,-0.4212976327639992
1.0431845516456963,-1.3328265288008536,2.0957363590147287
1.2210954480745115,-1.5175048940913003,-0.20058736617969616
0.47199693679529425,-0.030095357427719203,-0.24211858495742453
-0.843607323638831,0.7535398682641631,0.5312885094673705
-0.7780612039018993,0.7136094109040678,-0.6496930171449414
-0.8342435922478393,0.6237658818438553,-0.19127047679609926
1.0806394772096564,-1.1880786208705094,1.5757276007065175
0.804409401175447,-0.5242347672589128,-1.2681344486018882
0.8512280581303987,-1.3378178359708683,3.3743083540857337
-0.7078332184694733,1.1428618275251006,-1.3019279117898497
-0.8248798608568509,0.9831399980847195,0.2113033650442896
-0.5533316505181324,0.1495917006927129,0.5944538612205696
0.766954475611487,-1.1731046993604728,0.36416351628703136
-0.881062249202791,0.8533660116644047,-0.14394910077432757
-0.7312425469469475,0.6437311105238994,-0.8503482845476039
-0.7359244126424417,0.5888267316537675,2.1785882453976746
0.518815593750246,-0.09997365780788764,-1.054846110848586
-0.7031513527739758,0.8932964690244999,1.0586665588134552
-0.7967886666838793,1.0879574486549686,0.5067066600767508
-0.9840632945036827,0.9581834622346538,3.4842687039294273
-0.6376052330370441,0.5389136599536503,0.8952262111520525
-0.7125150841649674,0.6487224176939139,-0.4308777111132345
1.2585503736384716,-1.372756986160949,1.0156614818281522
0.7810000726979694,-1.1980612352105313,0.5177079588404325
0.949547237735793,-1.2579569212506778,-0.8677187562797337
-0.8763803835072967,0.8284094758143461,-0.010564932988822157
0.8137731325664354,-1.2629482284206852,2.3801383552835076
0.5515886536187118,-0.050060586107770366,0.5645555947240555
-0.5580135162136298,-0.12992150082796083,-0.4122439323460407
1.413051941589809,-0.8187218902896161,0.9381260125511002
-1.3258394902748272,1.9963753535971582,-1.4135200332205013
-0.7499700097289275,0.6936441822240167,-0.9444646586598705
-0.843607323638831,0.7884790184542508,0.7343124775607779
-0.6891057556874933,0.6487224176939139,-0.5031494010775196
1.0057296260817363,-1.4276613650310879,-1.5450092404534106
-0.7265606812514533,1.1228965988450563,-0.35960613921837475
1.3147327619844116,-1.5075222797512784,-0.36197483990911955
-0.7780612039018993,0.7136094109040678,-0.9570977290105104
-0.7218788155559558,0.9382182335546098,-0.6030559324338295
-0.899789711984771,0.6387398033538848,-0.4019269248930181
1.3287783590708975,-0.9335219551998942,-0.2683848437281298
-0.7546518754244217,0.6537137248639214,-0.8606652920006265
-1.358612550143293,1.23270535658532,-0.8596651739312009
-1.3258394902748272,1.2177314350752835,0.05396900138569614
-0.7265606812514533,0.7685137897741997,-0.32670751851358354
1.7548281373609536,-1.0832611703002533,-0.8139755694963867
-0.810834263770365,0.573852810143731,0.7565782640537805
0.930819774953813,-1.2280090782306046,0.1979860033829903
1.394324478807829,-0.9135567265198502,0.1464009661178773
1.0431845516456963,-1.3378178359708683,0.7941616483469343
-1.377340012925273,1.2227227422452909,-1.476422196008062
-0.862334786420811,1.552149015466089,-0.9104080065062707
-0.862334786420811,0.6786702607139872,-0.911144935610058
1.3615514189393632,-0.9634697982199675,2.351503395822057
-1.3726581472297754,1.2227227422452909,-1.4831071957352757
-0.6844238899919958,0.7136094109040678,-0.6056351842970852
-0.7265606812514533,0.7635224826041851,0.08755191340114703
-0.8482891893343251,1.5371750939560525,-0.48098889017077223
-0.7359244126424417,0.6886528750540092,-0.9972077273737918
1.375597016025849,-1.1731046993604728,-1.0201051673843264
-0.899789711984771,0.8383920901543681,0.45875363053744717
-0.8857441148982851,0.8084442471342949,1.1123044700105464
-0.7546518754244217,0.5488962742936724,-0.9454647767292962
-0.3239202314388747,-0.4343912381986932,-0.37534483936354684
-1.3305213559703213,1.2776271211154229,-0.2255903179153374
0.7482270128295037,-1.1581307778504362,2.2782315877883463
-0.792106800988385,0.8034529399642875,-0.6351123484485781
-0.8763803835072967,0.7235920252440898,1.6891094071035098
1.6518270920600584,-1.0283567914301213,-0.7644960439563808
1.5488260467591668,-1.522496201261315,-0.8173443882565574
0.9823202976042588,-1.1780960065304873,-0.26091027710400116
-0.792106800988385,0.6387398033538848,-0.8082380500454712
-0.7078332184694733,0.6537137248639214,-0.38955704350801673
1.338142090461889,-0.9634697982199675,-0.5968446728447648
-0.773379338206405,0.6936441822240167,-0.6844865984023286
0.9916840289952504,-1.447626593711132,2.889619554966186
1.0946850742961423,-1.4775744367312051,-0.7149112428301194
-0.7125150841649674,1.1079226773350197,-0.41445471965740266
-0.2021917233559996,0.3692092161732402,-0.9132504473351647
1.0244570888637163,-0.8536610404797038,-0.11615634600292
-0.792106800988385,0.8134355543043095,-0.8711928506261597
-0.810834263770365,0.6087919603338188,-0.21100964921897378
-0.8061523980748709,0.6237658818438553,0.3472667846930507
0.5469067879232143,-0.1049649649779022,-1.0628996931971189
-0.8342435922478393,0.733574639584119,1.094144431381502
-1.3258394902748272,1.3225488856455325,-0.16426728892160647
-0.8155161294658593,1.0031052267647635,-0.8048165934921729
0.7622726099159894,-1.183087313700495,0.5542385872710331
-0.6376052330370441,0.1495917006927129,0.11544994375880992
-0.7218788155559558,0.7784964041142217,-0.35597413149256585
0.4766788024907884,-0.1049649649779022,-0.5793689255263799
0.5469067879232143,-0.09997365780788764,-0.49809617293726377
0.804409401175447,-1.1930699280405168,0.7007295655453272
0.7810000726979694,-1.2180264638905827,2.217645487898403
0.8137731325664354,-1.2679395355907,1.7548540107199646
1.0057296260817363,-1.4526179008811464,-0.2012716574903556
-0.9231990404622484,0.8683399331744412,1.402759812489007
0.9682747005177763,-1.2429829997406412,-0.1852697683795453
-0.7218788155559558,0.6487224176939139,0.05091600938429162
-0.7499700097289275,0.5339223527836358,2.0457830933365737
0.4626332054043026,-1.1681133921904583,-0.14958134463898778
-0.937244637548731,0.8284094758143461,-0.17468957196088436
-0.6750601586010074,0.7186007180740824,0.4507000481889139
1.0197752231682222,-1.1231916276603484,2.3425023331972263
1.0197752231682222,-1.3627743718209269,-1.6133857337262487
0.7529088785250011,-1.233000385400619,3.834678492780299
2.297924558038384,-1.7720615597619154,-1.0533196148478836
-1.2322021763649238,1.2676445067754007,2.0456251799571907
-0.7171969498604617,0.6087919603338188,-0.813607104944493
-0.9138353090712568,1.6769316947163893,-1.2052849236074552
0.9776384319087646,-1.3328265288008536,1.9688266397839265
-0.8061523980748709,0.6187745746738408,-0.14758110850013648
-0.5158767249541724,1.157835749035137,0.13824210818308943
-0.5486497848226382,0.6487224176939139,0.4595431974343617
-0.17410052918303123,-0.5591739174489935,0.3970621369918225
-1.0121544886766545,0.9332269263845951,0.15034880060245243
-0.7499700097289275,0.8833138546844779,1.2463202913135842
-0.6984694870784817,0.5488962742936724,2.254123478535875
-1.1760197880189838,1.23270535658532,-1.6094905370348016
-0.5533316505181324,-0.0899910434678656,0.1404528954944514
0.879319252303367,-0.6290522178291619,0.3844290666411827
-0.63292336734155,0.5788441173137455,-0.060044458528828025
-0.7359244126424417,0.9581834622346538,-0.9376743833464015
-0.7265606812514533,0.818426861474317,0.04612597020967397
1.3662332846348575,-0.9135567265198502,0.5944538612205696
-0.7686974725109076,0.7485485610941556,-0.427929994698085
-0.8389254579433334,0.7934703256242583,0.04380990731205669
-0.843607323638831,0.6636963392039505,0.5122336283551555
1.6143721664960984,-1.6123397303215274,-1.2649235432211006
1.0665938801231705,-1.063295941620209,0.539605280781542
-0.881062249202791,0.6437311105238994,-0.7478098635349106
1.0150933574727246,-1.3228439144608317,0.353793871040881
-0.7265606812514533,1.0779748343149467,-0.1606352811957976
1.1227762684691138,-0.3545303234785027,-0.09836477192576878
-0.7967886666838793,0.7635224826041851,0.15582313108772955
-0.899789711984771,0.818426861474317,0.1399791553563021
1.5254167182816925,-0.8586523476497183,-0.2535936238592556
-1.199429116496458,2.2908624766278614,-0.37371306777658925
0.8090912668709411,-1.1980612352105313,1.150993247959381
-0.7218788155559558,0.6187745746738408,-0.9108291088512921
-0.881062249202791,1.3025836569654885,-0.6742222287424339
-0.7125150841649674,0.7385659467541265,1.3881265059995158
-0.7125150841649674,0.7235920252440898,3.3483052842806664
-0.6656964272100158,0.6137832675038262,0.4831249287555563
-1.0262000857631401,0.9482008478946318,1.4815059510079953
-0.7171969498604617,0.6686876463739581,-0.8379257653694747
-0.7967886666838793,1.562131629806111,-1.1505416187546826
-0.6656964272100158,0.5039745097635625,-0.177584650582906
1.3990063445033234,-0.9035741121798211,-0.8794043463540754
-0.810834263770365,0.7136094109040678,-0.14394910077432757
-1.3632944158387872,1.2576618924353786,0.04096746648316281
-1.2649752362333895,1.212740127905269,0.09550022016342476
1.6518270920600584,-0.9984089484100481,-0.0766780011571705
1.0993669399916364,-1.4875570510712273,-0.3040732674686871
0.841864326739407,-0.4992782314088471,-0.628953726652641
-0.8061523980748709,0.7285833324141044,0.11429191231000116
-0.23496478322446546,-0.5292260744289202,-1.0963773296263144
-0.810834263770365,0.6287571890138628,-0.1731630759601821
1.0104114917772304,-1.4326526722010953,2.2133291888619344
1.4785980613267409,-0.8287045046296452,-0.864034110760797
1.3802788817213432,-0.9335219551998942,-0.4473533403621938
2.0216944820041745,-1.3278352216308462,-0.875719700835139
2.241742169692444,-1.372756986160949,-0.5672622331070166
-0.8155161294658593,0.8483747044943901,1.7246925552578116
-0.6844238899919958,0.583835424483753,-0.8450845052348372
0.9589109691267846,-0.7188957468893815,0.8576428268588991
-0.7546518754244217,0.8034529399642875,-0.7872882083806602
0.518815593750246,-0.050060586107770366,-0.5734208549029537
-1.147928593846012,1.127887906015064,-0.9769421770196404
0.8559099238258929,-1.3178526072908172,3.6873453098159623
1.0993669399916364,-1.3777482933309635,0.28573320452680917
-0.7874249352928876,1.2726358139454153,-0.5223621955691178
-1.0168363543721486,0.9681660765746829,1.2998529269244201
-0.8670166521163051,0.7136094109040678,-0.24211858495742453
-1.396067475707253,1.242687970925342,-0.7971841134886614
-0.7406062783379391,0.8084442471342949,-0.19827130328207865
0.8278187296529211,-1.2479743069106486,-0.07094048170625496
1.370915150330355,-0.9435045695399163,-0.5008859759730301
-0.7406062783379391,1.1877835920552102,-0.34313050996941535
-0.9325627718532369,0.8483747044943901,3.3763085902245846
0.9916840289952504,-1.4626005152211685,0.27120517362357355
-0.7171969498604617,0.8783225475144634,0.011700853504180521
-0.7218788155559558,0.6137832675038262,-0.7968682867298954
-0.6422870987325416,0.4041483663633209,0.3666901303571595
0.2472673834115274,-0.39945208800861254,-0.4236663334547442
-0.6937876213829874,1.1179052916750418,-1.1429617765442985
-0.9325627718532369,0.8433833973243827,2.466990713944156
-0.862334786420811,0.6337484961838774,-0.4553016471244713
-0.7265606812514533,0.7585311754341776,-0.961887768185128
-0.005553364145207782,-0.5591739174489935,-0.7442831313953571
-0.8529710550298193,0.7485485610941556,2.458200202491836
-0.7499700097289275,0.6786702607139872,-0.7073840384128632
0.9963658946907447,-1.4626005152211685,0.3485827295212421
-0.6984694870784817,0.8483747044943901,-0.49120062203753945
1.0150933574727246,-1.4176787506910586,1.2916414311965043
-0.843607323638831,0.8034529399642875,-0.3890833033698677
1.2538685079429774,-1.1780960065304873,0.5286566198109873
0.5656342507051977,-0.9135567265198502,-0.48177845706768724
1.3802788817213432,-0.9035741121798211,0.6206148444050195
-0.6984694870784817,0.6537137248639214,-0.7010675032375433
0.33622283162593664,-0.03508666459773377,-0.5569978634471219
-0.9466083689397227,0.8234181686443315,3.4201558718999303
-0.7359244126424417,1.1228965988450563,-0.9009332037432908
1.3147327619844116,-1.5923745016414834,0.4514369772927014
-0.2302829175289713,0.049765557292471264,0.06433864663184646
-0.8389254579433334,0.733574639584119,0.44822607191191377
1.3100508962889175,-1.5774005801314468,-0.08288926074623508
-0.7593337411199192,0.6187745746738408,-1.0251583955245822
-0.6610145615145216,0.573852810143731,0.7927404279324869
-0.881062249202791,0.8383920901543681,-0.3681334617050566
-0.6891057556874933,0.7086181037340533,-1.3588820039539842
-0.6984694870784817,0.733574639584119,-0.11236642489772801
0.7903638040889611,-0.45435646687874437,-0.9100395419543771
1.2070498509880256,-0.8736262691597478,-0.1215254009019418
-0.7546518754244217,0.573852810143731,0.5773992162472059
1.909329705312291,-1.5823918873014542,-1.1632799646915775
-1.358612550143293,1.242687970925342,-0.09120603206040631
1.9327390337897654,-1.0283567914301213,-0.5539975092388448
-0.7265606812514533,0.7136094109040678,-0.48962148824370944
1.0431845516456963,-1.3378178359708683,0.6188251594386788
-0.8857441148982851,0.8284094758143461,-0.4621971980241956
-0.8576529207253167,0.818426861474317,0.21182974297556642
-0.6891057556874933,0.7086181037340533,-1.1485413826158313
0.9261379092583187,-1.2280090782306046,0.07465565408486902
0.7763182070024753,-0.4493651597087298,-1.4029398368018404
0.9635928348222788,-1.2779221499307218,-0.5240992427423307
-0.862334786420811,0.7186007180740824,-0.05214878955967831
-0.7967886666838793,0.6786702607139872,-0.5804743191820608
-1.1245192653685379,1.1179052916750418,-0.2845972840114508
-0.9138353090712568,0.8034529399642875,0.19967041276307543
-0.8014705323793734,0.6836615678839947,-0.4124544835185513
-1.3352032216658154,1.2776271211154229,-0.46377633181802563
-0.4596943366082323,0.733574639584119,-0.6320067186540458
-0.8248798608568509,0.9931226124247415,-0.17863740644545945
-0.7827430695973934,0.7435572539241411,0.07312915808416652
-0.7312425469469475,0.5538875814636869,1.5263007129596389
0.804409401175447,-1.1132090133203263,0.9176499110244382
1.0619120144276764,-1.3478004503108902,2.1502164749018626
1.0478664173411905,-1.352791757480905,-0.6988567159261814
-1.3867037443162613,1.2826184282854374,1.4441857556804802
-1.0027907572856627,0.9432095407246172,-0.5447858954415034
0.7810000726979694,-1.118200320490341,0.8706969995545603
0.8840011179988646,-0.6340435249991765,-0.08641599288578866
-0.7827430695973934,0.7186007180740824,0.36416351628703136
0.785681938393467,-1.2180264638905827,1.3156969026558476
-0.7125150841649674,0.658705032033936,-0.22801165639920998
0.8512280581303987,-1.3028786857807877,0.31484190412640833
1.0712757458186681,-1.3577830646509195,1.0908282504144589
0.8137731325664354,-1.2529656140806633,1.7055323985593416
1.0150933574727246,-1.3328265288008536,-0.6534829382501335
0.9261379092583187,-1.2280090782306046,0.6455125205544058
-0.7359244126424417,0.7784964041142217,-0.5782635318706989
-0.9466083689397227,0.9531921550646464,1.1456241930603595
0.8325005953484154,-1.2629482284206852,0.8429568825762804
1.0385026859502022,-1.352791757480905,-0.5099923141841162
-0.8763803835072967,0.8783225475144634,0.8920679435643928
-0.7874249352928876,0.6986354893940312,-1.0316854818724128
0.9729565662132704,-1.2928960714407585,0.36037359518183937
-0.7780612039018993,0.6736789535439726,-0.44182637208378894
-0.31455650004788305,-0.4194173166886566,0.35947875269866925
-0.7031513527739758,0.6936441822240167,-0.17716354823788472
-0.7406062783379391,0.7934703256242583,-0.06593989135912666
-0.7218788155559558,0.7186007180740824,-0.45419625346879033
-0.862334786420811,0.7884790184542508,0.34510863517481627
-0.6891057556874933,0.5938180388237821,-0.3904518859911871
-0.8482891893343251,0.6736789535439726,-1.0209473720743691
1.0853213429051538,-0.8586523476497183,-1.6207023869709942
-1.3258394902748272,1.2726358139454153,0.1292410455582585
0.7529088785250011,-1.183087313700495,1.8326000311695267
-1.3445669530568072,1.23270535658532,-0.4958853856259018
-0.843607323638831,0.5888267316537675,0.9297566034438016
0.7950456697844553,-0.5841304532990521,-0.906565447607951
-0.7499700097289275,0.6387398033538848,-1.3597242086440267
0.9635928348222788,-1.2479743069106486,-0.7024360858588627
0.5328611908367318,-0.11494757931792424,-0.03167268803301607
-0.6376052330370441,0.573852810143731,-0.28912413422043004
-0.7967886666838793,1.072983527144932,-0.363817162668588
-1.3398850873613097,1.2776271211154229,-0.5109397944604143
0.8559099238258929,-0.7837827400995354,0.7235217299696063
0.7997275354799528,-1.1032263989803044,1.6825296829625513
-0.6750601586010074,0.5888267316537675,-0.43245684490706426
-1.3539306844477954,1.2277140494153056,-0.8794043463540754
-0.792106800988385,0.6237658818438553,-0.37602913067420657
1.2491866422474798,-1.457609208051154,-0.2703324420738534
-0.10855440944609952,0.30432222296308636,-0.33591913231092513
-0.7312425469469475,1.1228965988450563,-0.9866275309551309
1.0104114917772304,-1.4226700578610734,-0.22548504232908206
-0.3754207540893206,0.3093135301330938,-0.46403952078366384
-0.792106800988385,0.6736789535439726,-0.27185893807455563
1.6003265694096127,-1.672235416361674,-0.6974354955117344
1.5300985839771868,-1.2928960714407585,-0.05962335618380674
-0.7780612039018993,1.127887906015064,-0.20058736617969616
-0.7265606812514533,1.1228965988450563,-0.7105423060005233
-0.8482891893343251,0.6337484961838774,-0.5579979815165476
0.7575907442204953,-1.1731046993604728,0.5766622871434184
-1.2790208333198754,1.3325314999855546,0.11050199120480916
-0.7452881440334334,0.8483747044943901,1.4518182356839917
-0.8061523980748709,0.6087919603338188,-0.18279579210254493
-0.7827430695973934,0.6387398033538848,-1.2548170869405888
0.8278187296529211,-1.1431568563403995,1.3959168993824105
-0.12728187222807955,0.26439176560298405,-0.43540456132221367
-0.7359244126424417,0.6986354893940312,-0.8875632042888637
-1.3398850873613097,1.2626531996053862,-0.5983185310523396
2.2511059010834322,-1.3577830646509195,-1.3055599195156584
-0.8857441148982851,0.6986354893940312,-0.04572697879810308
-0.6844238899919958,0.6087919603338188,-0.1644252023009896
0.9963658946907447,-1.4276613650310879,0.4628593784014049
0.823136863957427,-1.2180264638905827,0.9338097135146318
-0.6610145615145216,0.35423529466320364,1.263374936286948
1.389642613112335,-0.8985828050098136,1.0332425047327924
-0.843607323638831,0.8034529399642875,1.1735222234180223
-1.2087928478874495,1.1528444418651225,1.2531105666270528
0.5656342507051977,-0.12493019365794628,0.8506946381660471
-0.2021917233559996,-0.17983457252808518,-0.4266140498698934
-0.7031513527739758,1.1328792131850784,-1.272556023224612
0.8512280581303987,-1.2928960714407585,0.3832183973992464
0.26599484619351077,0.10966124333261766,-1.1182746515674233
-0.8342435922478393,0.6038006531638042,0.5368681155389032
-0.918517174766751,1.0929487558249833,-0.26091027710400116
-1.3164757588838354,1.2277140494153056,0.2654676541726578
-0.8201979951613534,0.7385659467541265,-0.0027745396059275264
-0.9278809061577427,0.9931226124247415,1.000238608441746
0.804409401175447,0.573852810143731,0.2654676541726578
-0.7546518754244217,0.9831399980847195,0.74441893384129
-0.7125150841649674,0.36421790900322565,1.0570347872264976
-1.3445669530568072,1.2376966637553275,-1.2369202372771824
-0.6656964272100158,0.4939918954235405,-0.4484587340178748
-0.8951078462892768,1.617036008676243,1.8778685332593197
-0.899789711984771,0.8134355543043095,1.0918283684838845
-0.8061523980748709,0.6786702607139872,-1.0992197704552082
-0.7125150841649674,0.9931226124247415,0.46533335467840503
-1.4194768041847272,1.2526705852653641,-0.6154784516119587
1.3287783590708975,-0.5941130676390812,-0.1951130356944188
1.375597016025849,-0.9734524125599895,-0.5162035737731807
-0.8342435922478393,0.5938180388237821,0.9020164864655213
-1.3117938931883413,1.1778009777151883,0.16313978433247533
-0.9653358317217027,0.9332269263845951,-0.13215823511373032
-0.8295617265523451,0.6487224176939139,-0.06530823784159474
-0.7171969498604617,0.6786702607139872,-0.4384575533236182
0.9776384319087646,-1.4126874435210512,-0.9221988721668678
0.9870021632997563,-1.2928960714407585,0.09002588967814716
-0.31455650004788305,-0.4244086238586712,0.29662922770423583
-0.7171969498604617,0.4540614380634453,3.266348240380891
-0.773379338206405,0.7535398682641631,-0.480251961066985
1.483279927022235,-0.8386871189696672,0.8684335744500707
0.6171347733556435,-0.23473895139821704,-1.321877635385235
-0.63292336734155,0.40913967353333547,1.2292130085470925
0.9682747005177763,-1.2729308427607144,-0.6776436852957322
0.8886829836943587,-1.203052542380546,0.17056171316347624
0.4439057426223226,0.06473947880250787,-0.7091737233792039
-0.8201979951613534,0.8334007829843535,0.7469455479114177
-0.8155161294658593,0.6087919603338188,0.14976978487804804
-0.862334786420811,1.307574964135496,-0.8805097400097563
-0.7640156068154134,0.6537137248639214,-1.5668012868082646
-0.7452881440334334,0.6986354893940312,-0.5547870761357598
1.0010477603862422,-1.3378178359708683,0.23114781305341967
0.9916840289952504,-1.4226700578610734,-0.16689917857798994
-1.3305213559703213,1.2676445067754007,0.225568206981887
1.431779404371789,-0.8386871189696672,0.15266486350006994
0.7997275354799528,-1.1132090133203263,1.0191355761745782
-0.7452881440334334,0.5389136599536503,2.187115567884357
-0.65165083012353,0.4340962093833941,0.3333704073073466
-0.1132362751415937,0.29433960862305725,-1.2928215735787634
-0.7686974725109076,0.7485485610941556,-0.32670751851358354
0.537543056532226,-0.14489542233799743,-0.46603975692251515
0.5281793251412343,-0.09997365780788764,-1.4004658605248403
-0.7686974725109076,0.6487224176939139,-1.0093670575862825
-0.8248798608568509,0.8234181686443315,-0.8798780864922244
-1.3632944158387872,1.212740127905269,-0.837083560679432
0.9823202976042588,-0.7438522827394402,0.5542385872710331
-0.7967886666838793,0.6636963392039505,-0.589896484151913
1.1180944027736197,-1.1880786208705094,-0.9313578481710816
-0.7452881440334334,1.157835749035137,0.30347214081083235
1.0010477603862422,-1.3378178359708683,-0.4498273166391942
1.0197752231682222,-1.352791757480905,-1.4525772757212294
-0.6797420242965017,0.5938180388237821,-0.2938088978087924
0.5234974594457401,-0.06503450761780696,-0.723807029868695
0.5609523850097001,-0.12493019365794628,1.182681199422236
2.138741124391552,-1.307869992950795,-0.1790585087904807
-1.4007493414027472,1.2376966637553275,-0.7178063214521411
1.0057296260817363,-1.4326526722010953,-0.5336266832984382
-0.843607323638831,0.7735050969442142,-0.37950322502063233
-0.881062249202791,0.7635224826041851,0.6997820852690291
-1.1198373996730404,1.1179052916750418,-0.4906216063131351
0.9963658946907447,-0.7688088185894988,0.16456100474692228
-1.0215182200676427,0.9581834622346538,0.8523790475461327
1.4224156729808008,-0.808739275949594,0.49812669979694113
-0.67037829290551,0.5588788886336944,-0.4747249927885801
-0.8014705323793734,1.1029313701650052,2.4539365412484955
1.0525482830366881,-1.2829134571007363,1.2405827718626685
1.0010477603862422,-1.43764397937111,-0.2740697253859176
-0.8014705323793734,0.9332269263845951,1.2335293075835614
1.0010477603862422,-1.3028786857807877,-0.943306627211062
-0.6797420242965017,0.7235920252440898,1.3033270212708463
1.3662332846348575,-0.7787914329295208,0.17498328778620015
-0.7265606812514533,0.6038006531638042,-0.25490956868744724
-0.9419265032442286,0.8284094758143461,2.8144527863798787
-0.7078332184694733,0.8883051618544854,0.4957579991061961
-0.67037829290551,0.5888267316537675,-0.8670871027622017
-0.8904259805937826,0.6437311105238994,-0.959992807632532
0.9448653720402987,-1.4226700578610734,-0.00745930319428986
-0.9231990404622484,0.9931226124247415,0.7258904306603513
1.3475058218528775,-0.968461105389982,0.8685914878294538
1.9280571680942713,-1.0283567914301213,-1.0575306382980967
-0.8295617265523451,0.7984616327942728,-0.11768284200362226
1.1836405225105482,-0.7937653544395574,-0.7264389195250783
-0.773379338206405,0.658705032033936,-0.8283983248133673
0.8137731325664354,-1.2729308427607144,2.648433186855221
0.8184549982619328,-0.5342173815989348,-0.7147006916576089
1.033820820254708,-1.3478004503108902,-0.6671161266701989
-0.4550124709127381,-0.44437385253871525,-0.45403834008940724
1.4879617927177324,-0.7338696683994181,0.03122947475454464
-0.6797420242965017,0.5988093459937897,-0.2499616161334467
0.7810000726979694,-1.1681133921904583,0.298366274877449
1.2491866422474798,-1.3877309076709856,0.9262825090973754
-0.65165083012353,0.39915705919331346,1.3820731597898344
-0.6188777702550641,1.3524967286656058,0.09734254292289297
-0.8670166521163051,0.6537137248639214,-0.9605718233569364
0.804409401175447,-1.2280090782306046,-0.18700681555275822
-0.7452881440334334,0.5439049671236578,2.679752673766182
-0.9793814288081886,0.9332269263845951,2.1387414360000316
0.2800404432799933,0.41413098070335,-0.6453240803153453
-0.8670166521163051,0.7784964041142217,1.0869856915161393
1.750146271665456,-1.0483220201101724,-0.9876802868176843
0.8559099238258929,-1.287904764270751,3.4338416981131235
0.8278187296529211,-0.5591739174489935,-0.18632252424209853
1.6705545548420417,-0.7388609755694255,-0.8201868290854514
1.7782374658384277,-0.8736262691597478,-1.0545829218829477
-0.7312425469469475,0.7884790184542508,-0.7261757305594401
0.9963658946907447,-1.4076961363510367,0.05344262345441954
1.2257773137700056,-1.5274875084313224,-0.08378410322940542
-0.8155161294658593,0.8683399331744412,0.3970621369918225
2.8878396356707663,-2.361035805823329,-0.9953654046143234
2.354106946384324,-1.4276613650310879,-0.6995410072368411
1.9280571680942713,-1.0233654842601139,-1.4781592431812751
0.841864326739407,-0.6340435249991765,-0.04856941962699696
-0.8061523980748709,0.5938180388237821,1.0352427408716438
-0.6797420242965017,0.4939918954235405,0.9186500290938638
1.3334602247663916,-1.5374701227713516,0.8608537322396868
0.9027285807808446,-0.6789652895292863,-1.2215500016839038
1.0853213429051538,-1.372756986160949,0.25230820589074116
-0.8482891893343251,0.6038006531638042,1.0031863248568955
-0.7546518754244217,0.6936441822240167,-0.9057232429179085
1.1040488056871338,-0.8536610404797038,-0.5186249122570533
-0.937244637548731,0.818426861474317,0.39237737340346046
1.2398229108564915,-1.233000385400619,0.7274695644541813
0.9916840289952504,-1.287904764270751,0.010858648814137959
-0.8201979951613534,0.6537137248639214,0.8887517625973497
1.3662332846348575,-0.9135567265198502,-0.4977803461784978
1.0946850742961423,-1.4725831295611906,-0.589896484151913
1.6471452263645643,-0.7488435899094477,-0.7359137222880583
-0.6844238899919958,0.7036267965640458,-0.14726528174137052
1.0057296260817363,-1.3128613001208096,-0.3968736967527623
-0.6656964272100158,0.6736789535439726,-0.15789811595315903
-1.3492488187523013,1.2177314350752835,-0.8655079689683717
-1.222838444973932,1.1528444418651225,1.3162232805871243
-0.7686974725109076,0.6686876463739581,0.3422135565527949
0.4392238769268284,-0.19979980120812926,-0.9682043033604479
0.6218166390511377,-1.233000385400619,0.17145655564664633
0.7575907442204953,-1.2280090782306046,2.1057375397089855
1.356869553243869,-0.8536610404797038,-0.4034534208937204
1.6471452263645643,-1.043330712940158,-0.22532712894969897
-0.67037829290551,0.5039745097635625,0.10960714872163906
-0.12728187222807955,0.254409151262962,0.2513607256144435
-0.8904259805937826,0.8783225475144634,0.4509105993614245
-0.11791814083708788,0.30432222296308636,-0.42840373483623406
0.9214560435628246,-0.8137305831196086,-0.8176602150153234
-0.7218788155559558,0.978148690914705,0.2894178500457456
1.445825001458275,-0.8386871189696672,0.3233692266130905
0.5141337280547484,-0.0600432004477924,1.763591884379157
-0.7359244126424417,0.658705032033936,-1.2220237418220528
-1.2275203106694295,1.362479343005628,0.8131638916660213
-0.7312425469469475,0.5988093459937897,0.19967041276307543
-0.773379338206405,0.6836615678839947,-1.0410550090491375
-0.6797420242965017,0.3093135301330938,1.1731537588661287
-1.2087928478874495,1.157835749035137,0.2410437181614207
-0.8201979951613534,0.5888267316537675,1.1041456120757587
-0.8904259805937826,0.7884790184542508,-0.3576585408726512
0.8278187296529211,-1.2080438495505534,0.8003729079359989
-0.04300828970916781,1.1378705203550858,-0.24011834881857322
-0.8482891893343251,0.7685137897741997,-0.09957544116770509
1.0900032086006481,-0.8636436548197258,-0.11136630682830236
-1.3071120274928438,1.9963753535971582,-1.0093670575862825
-0.5533316505181324,0.8883051618544854,-0.3127585033347521
-0.8529710550298193,0.6736789535439726,-0.24838248233961666
-0.6937876213829874,1.157835749035137,-0.3003886219497507
1.3428239561573831,-0.9484958767099309,-1.1326974068844038
-0.48310366508570646,-0.2846520230983343,-0.4857262915522621
-0.8529710550298193,1.5222011724460158,-0.22701153832978432
-0.937244637548731,0.8334007829843535,3.302878868811491
-0.6469689644280358,0.5538875814636869,0.18087872061649854
-0.67037829290551,0.1945134652228156,-0.6181103412683419
1.3662332846348575,-0.8886001906697845,0.616930198886083
1.370915150330355,-0.9435045695399163,-0.28207066994132285
0.8090912668709411,-1.1880786208705094,-0.16221441498962763
-0.899789711984771,1.1827922848851957,-0.9383060368639337
-0.7452881440334334,0.6986354893940312,-1.116274415428572
-0.8014705323793734,0.658705032033936,-0.9846799326094072
1.389642613112335,-1.447626593711132,0.7891084202066779
1.3990063445033234,-0.9185480336898577,-0.7129636444843959
1.0057296260817363,-1.4276613650310879,-0.929410249825358
-0.8670166521163051,0.6337484961838774,0.39479871188733306
1.2304591794654998,-1.2180264638905827,0.3832183973992464
1.0946850742961423,-0.8237131974596306,-0.7736023821674671
1.3615514189393632,-0.9435045695399163,-1.2324986626544583
1.0150933574727246,-0.8137305831196086,0.11923986486400191
1.0853213429051538,-1.2579569212506778,1.1347808076760604
-0.9278809061577427,0.818426861474317,0.17524647675183833
1.0712757458186681,-1.3577830646509195,1.3924428050359847
-0.862334786420811,0.6986354893940312,-1.0205789075224754
0.9823202976042588,-1.1231916276603484,0.25083434768316665
1.1180944027736197,-1.2928960714407585,0.6610406695270671
1.0993669399916364,-1.1231916276603484,0.6030864592935068
-0.8295617265523451,0.8932964690244999,0.1240825418317471
0.949547237735793,-1.2679395355907,0.13661033659613184
-0.9512902346352169,0.9382182335546098,1.4057601666972839
-0.6937876213829874,0.5988093459937897,-0.2651739383473422
-1.218156579278438,1.242687970925342,1.0548766377082632
1.0946850742961423,-1.2180264638905827,-0.11884087345243102
-1.3867037443162613,1.2626531996053862,0.10323797575319137
0.9214560435628246,-1.2579569212506778,-0.473777512512282
0.9167741778673304,-1.233000385400619,0.7748962160622086
-0.7125150841649674,1.167818363375159,-0.6754328979843701
-0.881062249202791,0.8533660116644047,-1.0210526476606243
-0.6984694870784817,1.1328792131850784,-1.0145781991059215
0.8652736552168813,-1.3328265288008536,1.2342135988942209
1.1227762684691138,-0.33955640196846615,-0.4868843230010709
-0.6937876213829874,0.9282356192145877,2.1245292318555618
-0.7874249352928876,0.7834877112842362,1.5476716569694715
-0.7452881440334334,1.0380443769548513,0.16150801274551776
-1.3164757588838354,1.1977662063952323,-0.4385628289098735
1.0900032086006481,-1.3927222148410001,-1.6605491963686372
-1.3164757588838354,1.327540192815547,-0.03335709741310144
-0.773379338206405,0.6387398033538848,-0.2243796486734011
0.7763182070024753,-1.1880786208705094,0.4034313099602702
0.5422249222277201,-0.2547041800782611,-0.4684084576132602
0.804409401175447,-1.2280090782306046,0.8780662905924336
-0.881062249202791,1.2277140494153056,-0.8468741902011779
-0.8155161294658593,0.6337484961838774,-0.44098416739374613
0.8559099238258929,-1.1531394706804217,3.7380881423910326
-0.6797420242965017,0.6087919603338188,0.21651450656392854
1.1227762684691138,-0.4194173166886566,-0.9168298172678461
-1.152610459541506,1.1179052916750418,0.10971242430789462
1.4177338072853034,-0.8336958117996527,1.230423677789029
1.0385026859502022,-1.3478004503108902,-1.3118238168978509
-0.6937876213829874,1.1378705203550858,-0.47583038644426107
-0.7312425469469475,1.1328792131850784,-1.0909556369341649
1.1087306713826282,-0.8386871189696672,-0.5131505817717762
0.5234974594457401,-1.0932437846402823,-0.014881232025290752
-0.7359244126424417,0.9631747694046684,-1.1272230763991264
1.0150933574727246,-1.4176787506910586,-0.2562255135156388
-0.7125150841649674,0.8633486260044267,0.5362364620213713
1.2538685079429774,-1.457609208051154,-0.32670751851358354
-0.6656964272100158,0.573852810143731,0.6779374011210477
0.9074104464763387,-0.6390348321691839,-0.19858713004084483
-0.9231990404622484,0.8633486260044267,0.37511217725758605
1.0946850742961423,-1.3577830646509195,0.3265801319938781
1.0244570888637163,-0.8287045046296452,0.42711831686771984
1.0853213429051538,-1.4775744367312051,-0.15100256505343473
2.031058213395163,-0.968461105389982,-0.8248715926738137
0.9963658946907447,-1.4076961363510367,-0.10299689772100358
1.2445047765519857,-1.352791757480905,-0.9912596567503654
-0.36137515700283473,-0.42939993102868573,0.23256903346786661
-0.7078332184694733,0.9082703905345365,0.23377970270980292
-0.8061523980748709,0.7235920252440898,-0.15447665939986077
-0.8716985178117993,0.8583573188344192,0.08902577160872151
1.4224156729808008,-0.8636436548197258,0.17529911454496636
-1.3071120274928438,1.3874358788556864,-0.15463457277924364
1.0900032086006481,-0.8436784261396818,-1.095324573763761
-0.7546518754244217,0.6886528750540092,-1.1004304396971445
-0.5673772476046182,0.14460039352269832,0.4947052432436429
-0.7546518754244217,1.2526705852653641,-0.6227951048567042
1.0759576115141622,-1.3977135220110146,-1.582592624746564
-0.7780612039018993,0.5538875814636869,1.21168462343558
-0.7967886666838793,0.6836615678839947,-0.22659043598476306
1.370915150330355,-1.0682872487902166,0.18377379923852044
-0.7546518754244217,0.6836615678839947,-0.06125512777076433
-1.4101130727937388,1.242687970925342,-0.4177182628313178
1.0712757458186681,-0.6340435249991765,-0.2828602368382379
1.1180944027736197,-0.36950424498853934,-0.02651418430650492
1.4224156729808008,-1.0982350918102897,-0.8376099386107088
-0.31455650004788305,-0.4343912381986932,-1.03784410366835
-1.1385648624550204,1.1378705203550858,-0.7344398640804836
0.7997275354799528,-1.1880786208705094,-0.368712477429461
0.8840011179988646,-1.3627743718209269,2.228278322110191
-0.7359244126424417,0.6786702607139872,-0.9346740291381246
1.1180944027736197,-1.1631220850204507,-0.9100921797475046
-0.6469689644280358,0.5488962742936724,0.14661151729038843
-1.0121544886766545,0.9382182335546098,-0.10668154323994002
-0.9325627718532369,0.8783225475144634,3.759985464332141
-0.9746995631126943,0.9432095407246172,1.1550463580302117
-0.7265606812514533,0.6736789535439726,-1.0002607193751964
1.0244570888637163,-1.203052542380546,2.1751667888443764
-1.3445669530568072,1.157835749035137,0.5483957922338618
-0.3660570226983289,1.053018298464888,-0.19974516148965335
-0.9325627718532369,1.1877835920552102,-0.3346031874827335
-1.3352032216658154,1.2277140494153056,-0.11468248779534529
-0.843607323638831,0.903279083364522,1.3532276491558732
-0.13196373792357372,-0.4593477740487518,-0.3719233828102486
-0.6235596359505616,0.13960908635268376,-0.17484748534026745
0.9542291034312904,-0.6989305182093304,-0.7741287600987438
-0.8389254579433334,0.733574639584119,-0.0470429236262947
1.0900032086006481,-1.3977135220110146,-1.6477582126386146
-0.23964664891996296,-0.5242347672589128,-0.6399023876231957
-0.8155161294658593,0.8533660116644047,1.4838746516987404
1.1695949254240656,-1.1331742420003776,0.2161460420120348
-1.236884042060418,2.0163405822772025,-1.134223902885106
-0.7218788155559558,0.6986354893940312,-0.6939614011653086
-0.7265606812514533,0.6487224176939139,-0.694066676751564
-1.3820218786207672,1.2376966637553275,-0.9786792241928534
1.0104114917772304,-1.4176787506910586,-0.4650922766462173
-0.7171969498604617,0.8334007829843535,0.3657426500808614
-0.9325627718532369,0.8234181686443315,-0.589896484151913
-0.7546518754244217,0.8833138546844779,0.6401961034485113
0.9916840289952504,-1.307869992950795,-1.3429327526363013
-0.7218788155559558,0.7485485610941556,0.12002943176091693
-0.8389254579433334,0.7984616327942728,0.524287682981391
1.033820820254708,-1.22301777106059,2.019464196772741
1.0525482830366881,-1.3627743718209269,-1.2610283465296532
-0.3192383657433772,-0.4343912381986932,-0.8402944660602196
0.6077710419646518,-1.0982350918102897,-0.3102318892646242
1.534780449672681,-0.6989305182093304,0.505548628627942
1.0057296260817363,-1.43764397937111,0.6026653569484856
-0.792106800988385,0.7884790184542508,-0.0874687487483421
-0.6469689644280358,0.6337484961838774,0.37511217725758605
-0.8763803835072967,0.7984616327942728,-0.3650804697036521
-0.8389254579433334,0.5988093459937897,0.7930562546912531
-0.8061523980748709,0.6087919603338188,0.10887021961785158
0.7575907442204953,-1.203052542380546,5.858233173987159
-0.8014705323793734,0.6736789535439726,-0.9869433577138969
-1.3492488187523013,1.2227227422452909,-1.1741759878690046
-0.8295617265523451,0.733574639584119,0.24688651319859156
-0.08514508096862201,0.2693830727729986,0.2345166318135904
1.3802788817213432,-1.5724092729614323,0.6236678364064244
-0.8014705323793734,1.147853134695115,-0.4105595229659553
0.537543056532226,-0.1049649649779022,-0.9960496959249832
-1.433522401271213,1.2526705852653641,-0.6170049476126609
-0.33796582852536056,-0.4244086238586712,-0.3459203130051817
-0.8014705323793734,0.6936441822240167,-0.3143902749217097
-1.0074726229811601,1.1728096705451736,1.6017306705115841
-0.8389254579433334,0.7934703256242583,0.38611347602126783
-1.2415659077559154,1.2626531996053862,1.132727933744081
0.33154096593044247,-0.2547041800782611,-0.9239885571332085
1.0150933574727246,-1.4326526722010953,0.060496087733526695
-0.6750601586010074,0.4840092810835185,-0.5471545961322484
1.3147327619844116,-1.5923745016414834,-0.02435603478827074
-0.8951078462892768,1.6719403875463748,-1.1335396115744465
1.0525482830366881,-1.4825657439012196,1.5318803190311716
-0.7874249352928876,0.6886528750540092,-0.312600589955369
0.7810000726979694,-1.0832611703002533,1.497665753498189
-0.7312425469469475,0.8982877761945145,-0.4247190893172974
-0.9419265032442286,2.475540841918308,-0.892090054497843
0.07403835267820978,0.15957431503273492,-1.1205907144650407
1.5300985839771868,-0.21477372271816586,-0.9990500501332601
-0.7686974725109076,0.7535398682641631,-0.26822693034874673
-0.8670166521163051,0.8633486260044267,0.19967041276307543
0.9214560435628246,-1.4126874435210512,1.2371613153093703
-1.3492488187523013,1.2476792780953567,-0.2990200393284313
0.5609523850097001,-0.0600432004477924,-0.36281704459916236
-0.6891057556874933,0.658705032033936,0.5489221701651387
1.0572301487321822,-1.2479743069106486,0.27146836258921175
1.375597016025849,-0.9085654193498356,2.384981032251253
-0.8155161294658593,0.6387398033538848,-0.593686405257105
-0.8716985178117993,0.7435572539241411,-0.842136788819688
1.394324478807829,-0.9484958767099309,-1.165596027589195
-0.6844238899919958,0.5688615029737164,1.0826693924796709
1.3802788817213432,-0.8686349619897404,-0.7196486442116096
-0.9887451601991769,0.9382182335546098,-0.22380063294899671
-1.3352032216658154,1.2277140494153056,-0.16553059595667055
0.45326947401331424,0.06473947880250787,-0.9627299728751706
0.20044872645657905,0.12962647201266173,-1.0464240639481592
-0.8389254579433334,0.6387398033538848,-0.1951130356944188
-0.6235596359505616,0.42910490221338665,1.4094448122162209
-0.9512902346352169,2.455575613238257,-0.4765673155480483
0.9963658946907447,-1.4176787506910586,-0.41277031027731725
1.0244570888637163,-1.3378178359708683,0.6427227175186394
1.0806394772096564,-1.3877309076709856,-0.8027637195601939
-0.6937876213829874,0.5888267316537675,-0.21553649942795325
1.9467846308762513,-1.0034002555800627,-0.5707889652465702
-0.7499700097289275,0.5638701958037089,-0.3321818489988609
0.39240521997187666,-1.0832611703002533,0.19967041276307543
0.612452907660146,-1.0982350918102897,-0.9745734763288953
-0.8014705323793734,0.8084442471342949,-0.13689563649522044
1.2632322393339657,-1.5973658088114908,0.37732296456894804
0.804409401175447,-1.287904764270751,4.794528650463287
0.949547237735793,-1.2679395355907,-0.348236375902799
-0.8857441148982851,0.8583573188344192,-0.6131097509212136
1.0946850742961423,-0.8786175763297625,-0.1738473672708418
1.9186934367032795,-1.128182934830363,-0.9813111138492365
0.9074104464763387,-1.372756986160949,-0.30612614140066624
0.9682747005177763,-1.3028786857807877,-0.25269878137608526
0.823136863957427,-1.1331742420003776,0.8888044003904771
-0.3707388883938231,2.475540841918308,-0.9019859596058443
1.619054032191596,-1.043330712940158,0.3049459990184073
-0.773379338206405,0.6237658818438553,-0.892563794635992
-0.8061523980748709,0.8483747044943901,0.1832474213072436
-0.7686974725109076,0.6487224176939139,-1.2538696066642907
-0.8201979951613534,0.7834877112842362,0.44090941866716843
-0.7827430695973934,0.6437311105238994,-1.2313932689987774
1.356869553243869,-0.968461105389982,0.7594733426758025
1.3240964933754031,-1.4126874435210512,0.402325916304589
1.3287783590708975,-1.5474527371113735,-0.42840373483623406
1.7080094804060018,-0.30461725177838544,0.1111862825154691
2.447744260294227,-2.251227048083065,-1.450155937237357
-0.810834263770365,0.7186007180740824,-0.12931579428483644
1.3849607474168408,-0.8935914978397991,0.6211938601294238
0.8886829836943587,-1.2180264638905827,1.1559412005133818
-1.3117938931883413,1.147853134695115,0.002278688534328311
-0.7640156068154134,0.5488962742936724,-0.389662319094272
-0.7874249352928876,0.7136094109040678,-0.10905024393068508
-0.8342435922478393,0.6886528750540092,-0.03583107369010181
1.3100508962889175,-1.552444044281388,1.1615734443780419
-0.6610145615145216,0.4640440524034673,2.4071941809511275
-0.8857441148982851,0.733574639584119,0.4772294959252579
-0.7452881440334334,1.1827922848851957,1.15846781458351
-1.2462477734514095,2.0163405822772025,-0.7708125791317008
-0.6797420242965017,0.3592266018332182,-0.16858358795807532
-0.7312425469469475,0.6437311105238994,-1.025053119938327
-0.6469689644280358,0.5788441173137455,-0.1416330378767103
0.785681938393467,-1.183087313700495,-0.05657036418240222
-0.7171969498604617,0.8483747044943901,0.002278688534328311
-0.7499700097289275,0.5089658169335771,1.1369915949874223
0.7763182070024753,-1.1631220850204507,1.4540816607884812
-0.6282415016460557,0.4241135950433721,1.14020250036821
0.8465461924349013,-1.307869992950795,2.6975968856364605
-0.9044715776802651,0.8982877761945145,0.8820667628701362
-1.133882996759526,1.1079226773350197,0.19967041276307543
-0.862334786420811,0.6786702607139872,-0.7949206883841716
1.0900032086006481,-1.372756986160949,0.09002588967814716
1.2725959707249574,-1.2180264638905827,-0.0029324529853106233
0.6264985047466318,-1.213035156720568,-0.394873460613911
-0.63292336734155,0.41413098070335,1.0694573064046267
-0.6376052330370441,0.5638701958037089,-0.24775082882208474
-0.7686974725109076,0.6137832675038262,-0.36718598142875875
1.2819597021159457,-1.5574353514513957,0.5014428807639838
-0.6656964272100158,0.15957431503273492,0.9500747915910805
-0.773379338206405,0.658705032033936,-1.131697288814978
-0.792106800988385,0.6537137248639214,-1.1485413826158313
0.9823202976042588,-1.4126874435210512,-0.22290579046582637
0.9635928348222788,-1.1231916276603484,0.5615552405157784
1.0946850742961423,-1.2280090782306046,-0.32670751851358354
-0.6750601586010074,0.3442526803231816,2.062469273758044
1.2585503736384716,-1.352791757480905,-0.21916850715376215
0.8512280581303987,-1.307869992950795,0.648776063728321
-0.7827430695973934,0.7784964041142217,0.7552096814324611
0.4673150710998001,-1.1731046993604728,-0.19811338990269578
1.1134125370781223,-1.0982350918102897,0.06075927669916511
-0.7265606812514533,0.7385659467541265,-0.6214265222353849
-0.8201979951613534,0.6237658818438553,1.3724930814405996
-0.7265606812514533,1.1977662063952323,0.5286566198109873
-1.222838444973932,1.2526705852653641,1.0664043144032223
-1.0542912799361086,1.157835749035137,-0.4583020013327483
1.3053690305934231,-1.542461429941359,0.08018262236327367
0.19108499506558738,-0.2846520230983343,-0.47367223692602667
-0.9887451601991769,2.4955060705983594,-0.9408326509340617
-0.8482891893343251,0.733574639584119,0.5134969353902193
-0.6891057556874933,0.5588788886336944,-0.08431048116068202
1.394324478807829,-0.8536610404797038,-0.736124273460569
-0.6937876213829874,1.147853134695115,-0.26796374138310836
-0.7078332184694733,0.9182530048745585,1.2119478124012182
1.1555493283375797,-1.3428091431408828,-1.352776019951175
-0.8716985178117993,0.6836615678839947,-0.866244898072159
-0.9793814288081886,2.171071104547576,-1.1820716568381544
-0.9746995631126943,0.9382182335546098,1.1599416727910845
-0.12260000653258538,0.32428745164313044,-0.7257546282144188
-0.8389254579433334,0.6337484961838774,0.44822607191191377
-0.7780612039018993,1.1778009777151883,0.9318094773757806
0.5469067879232143,-0.1199388864879388,-0.14468602987811482
2.0263763476996686,-0.6789652895292863,-0.48151526810204887
-0.8716985178117993,0.7685137897741997,0.928703847581248
0.9448653720402987,-0.7188957468893815,-1.7742994673175232
-0.8529710550298193,1.1528444418651225,-0.9031439910546528
1.3475058218528775,-0.9235393408598722,-0.5562609343433346
1.3849607474168408,-0.883608883499777,2.19990655161438
0.860591789521387,-1.3128613001208096,3.1750216693043902
1.6471452263645643,-1.8070007099519962,-0.6682215203258799
0.4626332054043026,-0.04007797176774833,-1.1632799646915775
1.5675535095411468,-1.627313651831564,-1.1865985070471337
1.370915150330355,-0.8935914978397991,0.7461033432213751
1.0104114917772304,-1.3328265288008536,-0.8176602150153234
-0.6750601586010074,0.5139571241035845,0.13750517907930196
-0.6750601586010074,0.4640440524034673,0.2874176139068943
-0.7406062783379391,0.6087919603338188,-0.11957780255621826
-0.7499700097289275,0.8234181686443315,0.026965813511203585
-0.6891057556874933,0.7285833324141044,-0.2170629954286555
-1.3258394902748272,1.2027575135652468,-0.42540338062795713
-0.6937876213829874,0.6537137248639214,-0.5170457784632235
0.8090912668709411,-1.1431568563403995,0.325790565096963
0.45326947401331424,-1.1681133921904583,0.8849618414921576
-0.4690580679992206,-0.43938254536870774,0.356846863042286
-0.7686974725109076,0.6786702607139872,-0.34313050996941535
-0.6844238899919958,0.7235920252440898,-0.08146804033178814
-0.8201979951613534,0.5788441173137455,0.7277853912129475
-0.7125150841649674,0.8583573188344192,0.36853245311662775
-0.7406062783379391,0.7086181037340533,-0.012354617955162833
0.860591789521387,-0.7837827400995354,-0.5197303059127343
-0.6844238899919958,0.6038006531638042,-0.7819717912747659
-0.7031513527739758,1.2926010426254593,0.08560431505542325
-0.8295617265523451,0.8084442471342949,0.6981503136820715
-0.8763803835072967,0.7685137897741997,0.6400381900691282
0.3221772345394508,0.12463516484265426,0.2689417485190836
-0.3754207540893206,1.3025836569654885,-1.1601216971039177
-0.7780612039018993,1.0779748343149467,-0.4217713729021482
1.0993669399916364,-0.8736262691597478,-0.42356105786848863
-0.6797420242965017,0.40913967353333547,1.443080362024799
-0.7686974725109076,0.8334007829843535,-0.22511657777718833
1.2725959707249574,-1.5724092729614323,-0.7679701383028067
1.1415037312510938,-1.6323049590015786,-0.023040089960078884
1.4598705985447609,-0.8187218902896161,0.27662686631572314
-0.9278809061577427,0.8683399331744412,-0.0437793804523793
-0.7406062783379391,0.6786702607139872,-1.1784396491123454
0.804409401175447,-0.4992782314088471,-0.4567228675389183
0.5984073105736601,-1.0932437846402823,-1.0052613097223246
2.7286562020239344,-1.6622528020216518,-1.1272230763991264
-0.7827430695973934,0.6487224176939139,-0.9652039491521709
-1.2977482961018554,1.3425141143255837,0.6330373635831485
-0.5673772476046182,-0.06503450761780696,-1.2625022047372279
0.10212954685118146,0.2244613082428888,-0.7653382486464234
-0.7359244126424417,0.6936441822240167,-0.705699629032778
-1.0121544886766545,0.9432095407246172,1.1871554118380878
-0.6937876213829874,0.7784964041142217,-0.33318196706828657
0.6686352960060894,-0.6390348321691839,-1.2226553953395847
0.8840011179988646,-0.6140782963191252,0.030492545650757163
0.5422249222277201,-1.0832611703002533,0.26883647293282853
-0.8529710550298193,0.6786702607139872,-0.28912413422043004
-1.3492488187523013,1.2476792780953567,-0.818976159843515
1.2679141050294631,-1.5274875084313224,0.6979397625095609
-0.5018311278676865,0.7435572539241411,0.3636371383557545
-0.67037829290551,0.5638701958037089,-0.5964762082928714
-0.7312425469469475,0.9282356192145877,0.008858412675286642
-0.7171969498604617,0.6187745746738408,-1.1820716568381544
-0.5533316505181324,-0.0899910434678656,0.8614853857572187
1.413051941589809,-0.8686349619897404,0.8576428268588991
-0.881062249202791,1.307574964135496,-1.098009101213272
0.7529088785250011,-1.1231916276603484,1.1491509251999128
0.6358622361376235,-1.2180264638905827,0.584347404940058
0.8137731325664354,-1.2679395355907,3.4015747309258644
-0.30519276865689465,-0.42939993102868573,-0.10883969275817443
-0.8014705323793734,0.6237658818438553,0.5051801640760483
-0.8389254579433334,0.5988093459937897,1.4948233126692947
-0.8155161294658593,0.658705032033936,-0.47709369347932495
-1.3258394902748272,2.001366660767166,-1.1959153964307305
-0.6984694870784817,0.7435572539241411,0.0049105781907115495
1.1695949254240656,-0.8486697333096892,-1.0247899309726887
1.0478664173411905,-1.3478004503108902,-1.101641108939081
-0.8716985178117993,0.6936441822240167,-1.2196550411313076
-1.3211576245793297,1.1528444418651225,-0.8118174199781526
-0.792106800988385,1.0779748343149467,-0.32670751851358354
1.370915150330355,-0.9584784910499529,-1.362987751817942
-0.6610145615145216,1.0929487558249833,0.9959749471984053
-0.8857441148982851,0.6437311105238994,-1.2271296077554363
-1.2509296391469038,1.2576618924353786,0.5047064239378994
0.8699555209123787,-0.6440261393391985,-1.1840192551838782
-0.8529710550298193,0.6038006531638042,0.3624264691138182
1.0853213429051538,-1.1930699280405168,-0.4130861370360832
-0.6282415016460557,0.5638701958037089,-0.9696255237748949
1.6330996292780784,-1.0283567914301213,-0.22185303460327319
1.960830227962737,-1.0533133272801871,-0.18516449279329
-0.8014705323793734,0.5988093459937897,0.316631589092749
0.32685910023494497,-0.03508666459773377,-1.2729244877765058
-0.65165083012353,0.573852810143731,-0.7083315186891613
0.9589109691267846,-1.0932437846402823,-0.07399347370765948
-0.8389254579433334,0.6287571890138628,-0.6430080174177281
0.4579513397088084,-1.148148163510414,0.17908903565015788
-0.23496478322446546,-0.4942869242388396,0.2803641496277871
-0.7593337411199192,0.5439049671236578,0.11508147920691618
-0.0008714984497102839,-0.5741478389590301,-0.2755435835934923
-0.7452881440334334,0.978148690914705,-0.370291611223291
0.5609523850097001,-1.0932437846402823,-0.10599725192928056
-1.3305213559703213,1.2676445067754007,1.0515078189480924
1.0010477603862422,-1.3378178359708683,-0.3650804697036521
-1.3164757588838354,1.242687970925342,1.7155335792535982
1.3334602247663916,-0.4942869242388396,-0.21569441280733612
0.8652736552168813,-1.2829134571007363,0.07012880387588954
-0.7125150841649674,0.658705032033936,-0.528468179571927
-0.918517174766751,0.8982877761945145,0.3362128481362409
-0.6844238899919958,0.5788441173137455,0.002278688534328311
1.1415037312510938,-0.3545303234785027,-0.5065708576308179
0.8278187296529211,-1.148148163510414,1.6253124018327787
-0.6844238899919958,0.4939918954235405,0.9274931783393117
-0.9138353090712568,0.8932964690244999,1.1813652545940445
-1.1572923252370038,1.167818363375159,-0.10373382682479082
0.9963658946907447,-1.183087313700495,0.4329611119048907
-1.396067475707253,1.2626531996053862,0.18151037413403048
1.3990063445033234,-0.8736262691597478,-0.6216370734078954
1.0197752231682222,-1.352791757480905,-1.5510099488699645
-1.3867037443162613,1.2676445067754007,0.7789493261330388
0.7950456697844553,-0.7288783612294035,-0.4267193254561487
-0.6750601586010074,0.1795395437127861,0.4598590241931279
-0.8201979951613534,0.5788441173137455,2.1532694669032675
-0.8529710550298193,0.6886528750540092,0.30805162881293935
1.427097538676295,-1.0982350918102897,-0.8832469052523951
0.949547237735793,-1.1431568563403995,0.15213848556879309
1.0993669399916364,-1.22301777106059,-0.5395747539218644
-0.773379338206405,0.6187745746738408,-1.1672804369692802
1.375597016025849,-0.9534871838799455,-1.1820716568381544
1.0900032086006481,-0.8586523476497183,-1.3841481446552635
0.5703161164006918,-0.1349128079979754,3.4971123254525778
-0.8670166521163051,0.7186007180740824,1.9103986894122171
-0.6937876213829874,0.4840092810835185,1.1945247028759607
-1.3164757588838354,1.1977662063952323,-0.595107625671552
0.9589109691267846,-1.2779221499307218,0.17198293357792319
0.9729565662132704,-1.2829134571007363,-0.09341681937176827
-0.8763803835072967,0.6487224176939139,-0.3925047599231659
-1.1619741909324979,1.2277140494153056,0.43754059990699773
-0.7265606812514533,0.9531921550646464,0.027386915856224867
-0.7171969498604617,0.6537137248639214,-0.11199796034583427
-0.5533316505181324,0.5189484312735991,0.9092805019171392
-0.7874249352928876,0.7136094109040678,1.5284588624778732
-0.7359244126424417,0.6387398033538848,-1.0210526476606243
0.9635928348222788,-0.2896433302683489,-0.5240992427423307
1.0197752231682222,-1.3478004503108902,-1.5231645563054295
-0.8155161294658593,0.6686876463739581,-0.8820888738035864
-1.2696571019288838,1.2177314350752835,0.8595377874114949
-1.2134747135829438,1.2576618924353786,1.529774807306065
1.0619120144276764,-1.3627743718209269,-0.18853331155346048
-0.5673772476046182,0.5538875814636869,0.4369089463894658
1.0993669399916364,-0.3295737876284441,-0.3781346423993132
0.3221772345394508,0.11465255050262514,-0.3754501149498022
0.9448653720402987,-1.2529656140806633,-0.5796847522851458
0.8933648493898529,-1.3577830646509195,0.5466061072675211
-0.899789711984771,0.8334007829843535,1.2517946217988614
-0.6937876213829874,0.38418313768327683,1.5668844514610696
-0.7686974725109076,0.5488962742936724,-0.5365217619204599
1.370915150330355,-1.0782698631302456,-0.5312579826076931
-0.8342435922478393,0.7984616327942728,0.6500920085565124
-0.8529710550298193,0.8583573188344192,0.09002588967814716
-1.3024301617973497,1.3025836569654885,0.15840238295098524
-0.6937876213829874,0.7834877112842362,0.21282986104499207
-0.773379338206405,0.6936441822240167,-0.6556937255614954
1.5956447037141184,-0.7438522827394402,0.8661175115524532
1.2257773137700056,-1.522496201261315,-0.5240992427423307
-0.7780612039018993,0.6337484961838774,-0.6524828201807078
-0.6610145615145216,0.6287571890138628,1.713638618701002
1.6237358978870902,-0.7837827400995354,0.6149299627472317
-0.8482891893343251,1.5122185581059866,-1.2165494113367756
1.0010477603862422,-1.1980612352105313,1.763855073344795
0.9682747005177763,-1.2679395355907,-0.7632853747144446
1.427097538676295,-0.5292260744289202,-0.4167707825550199
-0.8389254579433334,0.6736789535439726,0.10423809382261703
-1.3305213559703213,1.1977662063952323,-0.8445054895104329
0.2847223089754908,-0.723887054059389,-0.6266903015481515
-0.6469689644280358,0.49898320259355505,2.5668446075073383
-1.3492488187523013,1.2077488207352542,-0.7399141945657609
-0.6469689644280358,0.5389136599536503,0.2435176944384213
0.4626332054043026,-1.1731046993604728,-0.6313224273433861
1.1274581341646082,-1.5075222797512784,2.365505048794016
1.1087306713826282,-1.2479743069106486,-0.12931579428483644
-0.3473295599163489,1.4223750290457742,-0.5323107384702466
-0.8295617265523451,0.7934703256242583,0.002278688534328311
-0.7967886666838793,1.0580096056348955,-0.31454818830109277
-0.6282415016460557,0.5788441173137455,-0.2740697253859176
-0.9044715776802651,0.7735050969442142,1.2812191481572268
1.3849607474168408,-0.9085654193498356,-0.5635775875880802
2.6584282165915085,-1.3627743718209269,-0.7464412809135915
-1.3211576245793297,1.157835749035137,-0.2508038208234893
0.8746373866078729,-0.6340435249991765,-0.8750354095244792
-1.129201131064032,1.147853134695115,0.6075606717093583
-0.9419265032442286,0.8483747044943901,5.858285811780286
-0.8342435922478393,0.7186007180740824,0.38490280677933153
1.1040488056871338,-0.883608883499777,1.413497922287051
0.8652736552168813,-1.307869992950795,0.1615606505386453
-0.7593337411199192,0.5488962742936724,-0.6995410072368411
-0.7452881440334334,0.5588788886336944,-0.44919566312166204
0.9635928348222788,-1.457609208051154,0.4571218589504891
1.0665938801231705,-1.4875570510712273,-0.3112320073340498
1.619054032191596,-1.6622528020216518,-1.0298957969060722
-0.8389254579433334,0.7934703256242583,0.6337742926869361
0.785681938393467,-0.43938254536870774,-0.05551760831984879
0.6264985047466318,-0.24971287290824654,-1.2130226791972218
-1.3071120274928438,1.1877835920552102,0.8722234955552627
1.3334602247663916,-0.9385132623699088,-0.1739526428570971
-0.67037829290551,0.5039745097635625,0.6198779153012324
-1.3305213559703213,1.157835749035137,-1.0707427243731409
-0.6937876213829874,0.5588788886336944,0.3657952878739889
-0.7593337411199192,0.6986354893940312,-0.4464584978790235
-0.9840632945036827,0.9382182335546098,1.1665213969320427
0.631180370442126,-1.233000385400619,0.9201765250945664
0.8278187296529211,-1.2529656140806633,0.14934868253302677
-0.6984694870784817,0.5788441173137455,0.9829207745027442
0.930819774953813,-1.233000385400619,-0.030619932170462875
-0.8295617265523451,0.6038006531638042,0.9851315618141061
-0.63292336734155,0.583835424483753,-0.28438673283894017
2.27451522956091,-1.3677656789909414,-0.2740697253859176
1.0244570888637163,-1.352791757480905,-1.1900726013935596
1.319414627679909,-1.5624266586214102,-1.445260622476484
0.5141337280547484,-0.1049649649779022,-1.3876748767948175
-0.6750601586010074,0.4640440524034673,0.9188605802663745
-0.7125150841649674,0.6686876463739581,0.8603273543084099
0.9963658946907447,-1.3577830646509195,0.6840433851238572
-1.3445669530568072,1.2227227422452909,-0.7954997041085761
-0.8201979951613534,0.6287571890138628,-0.16121429692020195
0.8559099238258929,-1.2928960714407585,0.20846092421539572
1.0525482830366881,-1.352791757480905,0.024228648268565026
0.9963658946907447,-1.1780960065304873,3.402416935615907
-0.7686974725109076,0.5538875814636869,0.07628742567182659
-0.7780612039018993,0.7435572539241411,0.17335151619924258
-0.6422870987325416,0.1795395437127861,-0.7872882083806602
0.8090912668709411,-1.2429829997406412,1.5560410660767705
1.3990063445033234,-0.8985828050098136,-0.4509853480880027
-0.7874249352928876,0.6287571890138628,0.5047064239378994
-0.6984694870784817,0.7735050969442142,-0.6522196312150693
0.9401835063448046,-1.1980612352105313,1.151045885752509
-0.19750985766050544,0.8883051618544854,-0.7872882083806602
-1.0730187427180886,1.1877835920552102,1.1739433257630436
-0.7546518754244217,0.658705032033936,-1.1793344915955155
-0.6844238899919958,0.7036267965640458,-0.3666596034974819
0.9963658946907447,-1.4276613650310879,-0.27064826883261933
-0.9419265032442286,0.7735050969442142,0.24751816671612395
1.4879617927177324,-0.6340435249991765,-0.3722392095690146
-0.862334786420811,0.7784964041142217,0.8245862927747248
0.7763182070024753,-1.2180264638905827,1.9103986894122171
0.8278187296529211,-1.2579569212506778,-0.3069683460907088
1.4224156729808008,-0.8686349619897404,0.15034880060245243
0.5843617134871777,-0.3595216306485173,-0.7626010834037849
-0.773379338206405,1.3325314999855546,-0.1246310306964741
-0.9419265032442286,1.3025836569654885,0.2216203724973119
-0.7640156068154134,0.8034529399642875,0.3398448558620498
-0.7967886666838793,0.6287571890138628,0.6288263401329354
-0.6797420242965017,0.5988093459937897,-0.47261948106347346
-1.1385648624550204,1.0979400629949907,-1.178492286905473
-0.8857441148982851,0.6387398033538848,-0.589896484151913
-0.7312425469469475,1.1927748992252178,-0.9239359193400807
0.47199693679529425,-0.15986934384803403,-0.47146144961466474
0.9823202976042588,-0.6989305182093304,0.9879740026430001
-1.4101130727937388,1.2626531996053862,0.4256444586601449
0.6030891762691577,-1.0982350918102897,-0.1951130356944188
0.21917618923855905,0.004843792762361468,-1.2313932689987774
1.0619120144276764,-1.2429829997406412,-0.6163206563020012
-0.8389254579433334,0.8433833973243827,-0.07388819812140415
0.5703161164006918,-0.1049649649779022,-0.5491548322710996
0.0038103672457838883,-0.5591739174489935,-0.9806794603317046
1.619054032191596,-0.7688088185894988,-0.8235030100524943
-1.2275203106694295,1.2526705852653641,-0.18500657941390689
-0.6282415016460557,0.13960908635268376,-0.1796375245148851
0.9542291034312904,-1.4526179008811464,0.6499340951771297
0.32685910023494497,-0.04007797176774833,-1.306717950964467
0.9823202976042588,-1.2829134571007363,-0.4228767665578292
0.5328611908367318,-0.09498235063788016,-0.9089341482986961
-0.6750601586010074,0.4939918954235405,-0.5372586910242471
0.9963658946907447,-1.4027048291810222,-1.2538696066642907
-1.2134747135829438,1.9714188177470926,-0.960308634391298
-1.3492488187523013,1.3125662713055106,0.6587246066294495
1.0010477603862422,-1.4276613650310879,-0.2634368911741291
0.7903638040889611,0.0298003286124201,-0.14810748643141308
-0.6750601586010074,0.6736789535439726,-0.34513074610826666
0.5234974594457401,-0.08499973629785104,-0.48225219720583634
-0.8951078462892768,0.7585311754341776,-0.03519942017256989
-1.3164757588838354,1.1927748992252178,0.36416351628703136
-1.3492488187523013,1.23270535658532,-1.1718599249713872
0.9729565662132704,-1.2928960714407585,-0.21390472784099546
-0.7499700097289275,0.9432095407246172,-0.43745743525419256
0.9870021632997563,-1.2928960714407585,-0.9727311535694271
0.33154096593044247,0.1495917006927129,-0.7681806894753173
0.5281793251412343,-0.13990411516798287,-1.0786910311354188
1.3240964933754031,-1.617331037491542,0.4602274887450217
-0.7640156068154134,0.6686876463739581,-1.2359201192077567
-0.7452881440334334,0.6287571890138628,-0.6776436852957322
-0.7499700097289275,0.6487224176939139,-1.1138530769446995
0.7763182070024753,-1.183087313700495,-0.06351855287525406
0.8090912668709411,-1.3228439144608317,2.5621598439189768
0.7763182070024753,-1.2280090782306046,3.418629375899228
1.0104114917772304,-1.4226700578610734,-0.9139873764389519
0.9729565662132704,-1.4176787506910586,-1.3916227112793922
0.9027285807808446,-1.2080438495505534,0.5944538612205696
1.3802788817213432,-0.8636436548197258,-0.7853406100349366
0.40645081705836256,-1.0782698631302456,0.9304408947544611
-0.8763803835072967,1.2726358139454153,-0.5428909348889073
-0.9044715776802651,0.8433833973243827,-0.20379827156048377
-0.899789711984771,0.9082703905345365,-0.30875803105704946
0.8465461924349013,-1.1531394706804217,0.7553675948118442
0.8746373866078729,-1.3428091431408828,0.9245454619241628
1.6518270920600584,-1.8119920171220107,-1.0936928021768033
0.7529088785250011,-1.183087313700495,0.9073329035714159
-0.28178344017941714,-0.4643390812187664,-0.15921406078135064
-0.7312425469469475,0.9631747694046684,-0.5441016041308436
-0.8529710550298193,0.8034529399642875,0.31352595929821697
-0.8763803835072967,0.7435572539241411,-0.9345687535518692
-0.9840632945036827,1.6968969233964333,-0.9169350928541014
0.7997275354799528,-1.2080438495505534,0.048336757521035924
-0.7218788155559558,0.818426861474317,0.17661505937315772
-0.10855440944609952,0.329278758813145,-0.6851708897129883
-0.8201979951613534,0.8234181686443315,-0.06351855287525406
1.3615514189393632,-1.0782698631302456,-1.4777381408362538
-0.6797420242965017,0.5089658169335771,0.6262997260628076
-0.8201979951613534,0.8334007829843535,0.4233810335556554
-0.8014705323793734,0.6636963392039505,-0.312600589955369
-1.358612550143293,1.2376966637553275,-0.5139927864618188
0.9963658946907447,-1.4426352865411174,0.03122947475454464
2.246424035387938,-0.4992782314088471,-0.6213738844422573
-0.7265606812514533,0.5688615029737164,5.858285811780286
-0.9606539660262086,0.9531921550646464,3.06769320911708
0.9729565662132704,-1.4126874435210512,-0.26749000124495953
1.3428239561573831,-1.5873831944714687,0.8307975523637895
-0.6422870987325416,0.1795395437127861,-0.2765963394560455
0.3174953688439566,0.13960908635268376,0.6942551169906245
-0.7031513527739758,0.7435572539241411,1.8674988880131693
1.0057296260817363,-1.4276613650310879,-1.3087181871033184
-1.358612550143293,1.2027575135652468,-0.933515997689316
-0.955972100330711,0.9332269263845951,0.1564021468121339
1.4224156729808008,-0.8486697333096892,-0.7110160461386723
1.408370075894315,-0.8935914978397991,0.890909912115584
-0.8763803835072967,0.7934703256242583,0.3073146997091524
0.7950456697844553,-1.203052542380546,0.6581455909050457
-0.8529710550298193,0.8134355543043095,0.2133036011831409
-1.236884042060418,1.147853134695115,0.9061748721226072
-0.7359244126424417,0.7136094109040678,-0.25269878137608526
-0.6984694870784817,0.658705032033936,-0.9003541880188864
-0.6376052330370441,0.16955692937275696,0.1934065153808833
-0.6469689644280358,0.5638701958037089,-0.08983744943908692
0.8512280581303987,-1.2729308427607144,-0.9796267044691515
-0.8201979951613534,0.6387398033538848,-0.2855974020808765
0.5281793251412343,-0.10995627214791677,-1.418941725912651
-0.5580135162136298,-0.10995627214791677,0.1626660441943265
-0.7171969498604617,0.8583573188344192,0.33652867489500665
-0.7499700097289275,0.6187745746738408,-1.1227488639832748
-0.9466083689397227,0.8284094758143461,1.0785110068225852
-0.8061523980748709,0.7435572539241411,-0.5315738093664594
-0.6937876213829874,0.6537137248639214,-0.5589454617928454
-0.899789711984771,0.7834877112842362,0.07444510291235837
0.949547237735793,-0.723887054059389,-0.37576594170856814
1.4177338072853034,-0.9035741121798211,-1.0387915839446478
0.949547237735793,-0.6989305182093304,-0.39060979937056994
-0.8716985178117993,0.9731573837446904,0.40332603437401465
2.4851991858581877,-2.251227048083065,-0.8190287976366426
1.6986457490150102,-0.8037479687795865,-0.14573878574066826
-0.810834263770365,0.8633486260044267,1.6657382269548258
-0.8248798608568509,0.8433833973243827,0.9318094773757806
-0.7031513527739758,0.6487224176939139,-0.9283048561696771
0.631180370442126,-1.2080438495505534,0.24751816671612395
-0.8342435922478393,0.8833138546844779,1.0187144738295568
-0.8389254579433334,0.8483747044943901,0.6566717326974707
0.7997275354799528,-1.183087313700495,-0.07294071784510626
-0.7874249352928876,0.6636963392039505,-1.5264280994793447
1.4692343299357524,-0.8786175763297625,0.18698470461930805
1.1134125370781223,-1.4875570510712273,1.2952734389223135
-0.843607323638831,0.7984616327942728,0.07781392167252908
0.8090912668709411,-1.1531394706804217,0.18119454737526475
1.0665938801231705,-1.4027048291810222,0.6220360648194664
-1.3258394902748272,2.00635796793718,-0.9248833996163789
-1.115155533977546,1.1228965988450563,0.5154971715290706
2.2511059010834322,-2.25621835525308,-0.77691856313451
0.8137731325664354,-1.2180264638905827,1.7611705458952842
1.0431845516456963,-1.3577830646509195,-0.9875223734383013
-0.8248798608568509,0.7884790184542508,-0.394873460613911
-1.3445669530568072,2.465558227578286,-1.5855403411617133
-0.8482891893343251,0.7285833324141044,0.2654676541726578
1.9140115710077854,-1.233000385400619,-0.6885923462662866
-0.65165083012353,0.5788441173137455,-0.3925047599231659
0.9589109691267846,-0.723887054059389,-0.1693731548549901
-0.6656964272100158,0.5688615029737164,0.13387317135349305
0.5422249222277201,-0.10995627214791677,-1.016999537589794
-1.4241586698802213,1.2576618924353786,-0.43224629373455364
-0.07578134957763367,0.4790179739135039,-0.696540653028564
-0.937244637548731,0.8234181686443315,2.094420414186537
-0.7546518754244217,0.6886528750540092,-1.0438974498780313
-0.7406062783379391,0.9332269263845951,0.4553321739841485
0.9823202976042588,-0.9435045695399163,0.6802008262255372
1.0104114917772304,-1.4326526722010953,3.688661254644154
-0.792106800988385,1.043035684124859,-0.5734208549029537
-0.9746995631126943,0.8833138546844779,0.13671561218238693
-1.3164757588838354,1.3225488856455325,0.07060254401403883
-0.8529710550298193,0.6736789535439726,-0.0432530025211027
-0.9044715776802651,1.1877835920552102,-1.0365807966332858
-0.7967886666838793,0.733574639584119,0.2654676541726578
0.804409401175447,-1.1132090133203263,0.647986496831406
-0.2864653058749113,-0.45435646687874437,-0.4689348355445368
0.42986014553583674,-1.063295941620209,1.9759327418561612
-0.6984694870784817,0.583835424483753,1.1565202162377861
-0.843607323638831,0.7934703256242583,-0.30970551133334734
-0.899789711984771,0.7685137897741997,1.1208317924972286
0.8980467150853471,-1.3428091431408828,0.4389091825283171
-1.171337922323486,1.2526705852653641,-0.5627880206911652
0.21449432354306489,0.26439176560298405,-0.44366869484325716
-0.7874249352928876,0.6287571890138628,0.07033935504840018
-0.8201979951613534,0.8533660116644047,-0.07083520611999963
-0.6797420242965017,0.45905274523345274,1.9060823903757482
0.7482270128295037,-1.1681133921904583,1.158309901204127
-0.8904259805937826,0.8134355543043095,0.7293645250067776
1.4224156729808008,-1.108217706150319,-1.0104724512419636
0.9589109691267846,-1.2579569212506778,-0.18911232727786484
-0.7593337411199192,0.6636963392039505,-0.7872882083806602
1.0244570888637163,-1.3478004503108902,-1.2455001975569917
0.537543056532226,-1.0682872487902166,1.0774056131669045
0.7529088785250011,-1.1780960065304873,1.1596784838254461
1.1227762684691138,-1.3428091431408828,0.3035774163970879
-0.792106800988385,0.6437311105238994,-0.41682342034814746
-0.7359244126424417,0.6287571890138628,-1.5740126644667547
0.6967264901790577,-0.34953901630848816,-1.0128937897258363
-0.7546518754244217,0.5538875814636869,1.1437818703008908
1.0619120144276764,-1.2379916925706267,0.4116954434813137
-0.5580135162136298,-0.15986934384803403,0.8673281807943896
-0.7967886666838793,0.7385659467541265,0.14434809218589847
0.612452907660146,-0.06503450761780696,-0.7288076202158233
0.6171347733556435,-0.24472156573823906,-0.9188826911998249
0.949547237735793,-1.4426352865411174,0.7733170822683786
1.3615514189393632,-0.9235393408598722,-0.7751815159612969
1.3802788817213432,-0.9784437197300041,-0.9208302895455485
-0.8295617265523451,0.7086181037340533,-0.7394404544276119
1.2725959707249574,-1.5574353514513957,0.3019982826032579
-0.810834263770365,0.7934703256242583,0.5030746523509414
0.5281793251412343,-0.075017121957829,-0.8264507264676435
-1.3258394902748272,1.317557578475518,-0.9486230443169562
1.408370075894315,-0.8386871189696672,0.9557596732488683
-0.810834263770365,0.6087919603338188,-0.5226780223278837
0.9870021632997563,-1.4176787506910586,-1.0128937897258363
-0.7780612039018993,0.7086181037340533,-0.7703914767866795
-0.7359244126424417,0.733574639584119,-0.32670751851358354
-0.7686974725109076,0.6038006531638042,0.40527363271973843
1.0759576115141622,-1.0533133272801871,-1.166069767727344
-0.843607323638831,0.8483747044943901,0.9188605802663745
0.8699555209123787,-1.3328265288008536,-0.0654661512209776
-0.7078332184694733,0.7834877112842362,0.026965813511203585
-0.7125150841649674,0.6836615678839947,-0.4583020013327483
-0.8482891893343251,0.8383920901543681,-0.1024178819965992
0.9167741778673304,-0.5092608457488762,0.9600233344922091
0.4439057426223226,-1.1431568563403995,0.9933430575420216
1.3802788817213432,-0.9534871838799455,-0.9794161532966408
0.8559099238258929,-0.075017121957829,-0.5240992427423307
1.3662332846348575,-0.8536610404797038,-0.6172154987851716
-1.3258394902748272,1.3524967286656058,0.5286566198109873
-0.6937876213829874,0.4740266667434893,2.1637970255288006
-1.3258394902748272,1.157835749035137,-0.2859658666327702
-0.792106800988385,0.6537137248639214,-0.8530854497902425
-0.43628500813075477,0.7235920252440898,0.23804336395314374
0.7810000726979694,-1.183087313700495,-0.31475873947360344
-1.3164757588838354,1.157835749035137,2.0689963601058747
1.656508957755556,-0.2896433302683489,-0.504360070319456
-0.4737399336947181,-0.2596954872482757,0.8678545587256664
-0.810834263770365,0.6087919603338188,-0.4363520415985116
1.6611908234510502,-1.7970180956119741,1.0989871083492473
1.3428239561573831,-0.9335219551998942,0.11439718789625672
-0.7265606812514533,0.583835424483753,5.858285811780286
0.8512280581303987,-1.3278352216308462,0.618509332679913
0.841864326739407,-1.2829134571007363,2.313814735942649
-0.7312425469469475,0.5938180388237821,-0.16495158023226617
-0.8716985178117993,0.6836615678839947,-1.3603032243684312
1.370915150330355,-0.968461105389982,-1.4768959361462113
0.7903638040889611,-1.1132090133203263,0.9532856969718682
-1.4054312070982413,1.2476792780953567,-0.1644252023009896
-0.7640156068154134,0.6636963392039505,-1.4028345612155853
0.500088130968266,-0.030095357427719203,-0.41445471965740266
0.9635928348222788,-0.7139044397193669,-0.243592443164999
-1.236884042060418,1.2526705852653641,1.262058991458756
-1.3352032216658154,1.167818363375159,0.39932556209631204
-0.8576529207253167,0.6287571890138628,-0.08104693798676686
-0.7359244126424417,0.6437311105238994,-1.451998259996825
1.1602311940330738,-0.6689826751892571,-0.12352563704079313
-0.7874249352928876,0.658705032033936,-0.9953127668211957
1.2398229108564915,-1.3428091431408828,0.33126489558224015
1.4879617927177324,-1.7221484880617912,-0.3306553529981584
-0.7640156068154134,0.6187745746738408,-0.8092381681148969
-0.4596943366082323,-0.4493651597087298,-0.8092381681148969
-0.7312425469469475,0.6487224176939139,-0.803711199836492
-0.6376052330370441,0.5139571241035845,1.5111410285388713
1.6330996292780784,-1.0233654842601139,0.1832474213072436
1.3147327619844116,-1.5624266586214102,-0.8840364721493101
-0.7874249352928876,0.7735050969442142,0.39358804264539676
1.0853213429051538,-0.8736262691597478,-1.372883656925943
0.5422249222277201,-0.23473895139821704,-0.5679465244176763
-0.7593337411199192,0.7385659467541265,-0.9463069814193388
-0.6984694870784817,1.6220273158462575,-1.1478570913051716
0.8278187296529211,-1.128182934830363,0.9713404600146576
1.9467846308762513,-1.0233654842601139,-0.7018044323413308
-0.44096687382625227,-0.39945208800861254,0.4863358341363439
-0.7359244126424417,1.1179052916750418,-0.9719415866725121
0.9401835063448046,-0.6939392110393158,-0.12931579428483644
-1.3632944158387872,1.2277140494153056,-1.006629892343644
0.8278187296529211,-1.2180264638905827,-0.05751784445870011
1.1602311940330738,-0.8287045046296452,-0.12605225111092103
-0.7874249352928876,0.6237658818438553,0.6424595285530008
0.4439057426223226,-1.0483220201101724,1.2024730096382383
1.0057296260817363,-1.3028786857807877,-0.3012308266397932
1.394324478807829,-0.8886001906697845,-0.6945930546828405
1.1134125370781223,-1.1132090133203263,-0.8514010404101572
-0.5673772476046182,-0.07002581478781443,-1.2557119294237589
-0.7265606812514533,0.8234181686443315,0.13713671452740822
1.4177338072853034,-0.8287045046296452,0.49381040076047233
-0.7546518754244217,0.6936441822240167,-0.5121504637023505
1.0806394772096564,-1.2479743069106486,0.31810544730032353
-1.3024301617973497,1.147853134695115,0.2917865507364906
-0.6656964272100158,0.5389136599536503,-1.3234041313859373
-0.7359244126424417,0.6237658818438553,5.858285811780286
-0.8576529207253167,0.6137832675038262,0.6373010248264899
0.4813606681862826,-0.26468679441828313,-1.1425933119924048
0.4439057426223226,-1.183087313700495,1.5298274450991927
-0.8201979951613534,0.6936441822240167,-0.3681334617050566
1.0010477603862422,-1.43764397937111,-0.1722155956838842
1.216413582379014,-0.39945208800861254,-0.6192683727171506
-0.3426476942208547,1.2776271211154229,-0.9290944230665921
0.8933648493898529,-1.2280090782306046,0.6333531903419148
-0.5580135162136298,-0.12493019365794628,-0.5799479412507842
-0.7827430695973934,0.6636963392039505,-1.101641108939081
-0.7218788155559558,0.8084442471342949,-0.5367323130929702
1.1134125370781223,-1.1731046993604728,1.1859447425961516
-0.8389254579433334,0.658705032033936,-0.030619932170462875
0.5609523850097001,-0.10995627214791677,-0.8680872208316274
0.9542291034312904,-1.4526179008811464,-0.47725160685870804
0.9963658946907447,-1.4176787506910586,-0.41756034945193493
1.0010477603862422,-1.4326526722010953,0.2831013148704259
1.0057296260817363,-1.4426352865411174,-0.4955169210740081
-0.8389254579433334,0.7984616327942728,0.7260483440397344
-0.8342435922478393,0.8433833973243827,0.2654676541726578
-0.6844238899919958,0.3143048373031084,1.2946944231979092
0.022537830027763904,0.1645656222027495,-0.7105423060005233
1.4973255241087209,-0.8187218902896161,-0.1631618952659255
-0.562695381909124,-0.020112743087697168,2.714019877092292
-0.7312425469469475,1.2676445067754007,0.19087990131075513
-0.7125150841649674,1.1428618275251006,-1.253343228733014
-0.9091534433757626,0.8334007829843535,0.81658534821932
0.9729565662132704,-1.4426352865411174,-0.730439391802781
-0.3192383657433772,-0.43938254536870774,-0.7872882083806602
-0.7359244126424417,0.5988093459937897,0.34137135186275186
-0.7967886666838793,0.7884790184542508,0.2654676541726578
-0.44564873952174644,0.7036267965640458,-0.047358750385060655
-0.8951078462892768,0.8733312403444559,1.4359742599525644
-0.3192383657433772,-0.4144260095186491,0.6052972466048688
0.8465461924349013,-1.2829134571007363,1.4764527228677395
-0.8670166521163051,0.7385659467541265,1.443869928921714
-0.6937876213829874,1.1378705203550858,-0.3016519289848145
-0.16941866348753373,0.329278758813145,-0.936200525138827
-0.7640156068154134,0.5888267316537675,0.7015717702353698
-0.31455650004788305,1.242687970925342,-0.12442047952396346
-1.4007493414027472,1.242687970925342,-1.0545829218829477
0.8371824610439128,-1.1581307778504362,2.0260439209136987
0.9355016406493104,-0.7288783612294035,-0.4373521596679372
0.49072439957727426,-0.09498235063788016,-1.0712691023044179
0.9542291034312904,-1.4426352865411174,0.1366629743892594
-0.6844238899919958,0.6287571890138628,-0.7702335634072964
-0.8857441148982851,0.8533660116644047,-0.26091027710400116
-0.918517174766751,0.7784964041142217,0.6160353564029128
1.801646794315902,-0.9734524125599895,-0.9607297367363192
-0.7546518754244217,0.7186007180740824,-0.8078695854935775
1.4177338072853034,-0.8636436548197258,-0.29049271684174943
2.410289334730267,-2.3061314269531974,-1.0772171729278437
-0.8763803835072967,0.7235920252440898,-0.0470429236262947
-0.7686974725109076,0.7585311754341776,-0.07257225329321253
0.9963658946907447,-1.3278352216308462,0.7064670849962426
-0.8529710550298193,0.7186007180740824,0.23914875760882495
0.8184549982619328,-1.2529656140806633,0.5989807114295491
-0.8576529207253167,0.8883051618544854,1.47350500645259
0.7810000726979694,-1.203052542380546,0.4003256801657377
-0.5861047103865983,-0.08499973629785104,0.7760542475110168
1.6846001519285243,-0.8137305831196086,0.7186264152087335
0.8886829836943587,-0.6140782963191252,-0.8829837162867568
-0.7452881440334334,1.1628270562051517,2.16200734056246
-1.3492488187523013,1.1728096705451736,-0.03530469575882521
1.370915150330355,-0.8786175763297625,-0.29459846470570716
0.7575907442204953,-1.1231916276603484,1.0316107331458348
0.8886829836943587,-1.183087313700495,0.9950274669221072
0.9963658946907447,-1.4526179008811464,0.14161092694326013
0.7810000726979694,-1.2080438495505534,0.6725157084288981
1.1649130597285682,-1.3278352216308462,0.18956395648256374
-0.843607323638831,0.8683399331744412,2.374558749211975
-1.3726581472297754,1.2077488207352542,-1.318561454418192
-0.881062249202791,0.8134355543043095,0.07597159891306039
-0.7546518754244217,0.6137832675038262,0.08686762209048755
-0.6656964272100158,0.6836615678839947,1.5193525242667874
1.0010477603862422,-1.4426352865411174,-0.06351855287525406
1.0057296260817363,-1.3178526072908172,-1.0651104805084808
-0.7218788155559558,0.7036267965640458,-0.38239830364265404
-0.7546518754244217,0.6936441822240167,-0.8366098205412832
-0.9419265032442286,0.8284094758143461,0.2819432834216172
-0.7078332184694733,0.7285833324141044,4.047966830533602
-0.7452881440334334,0.9531921550646464,0.4824406374448968
1.2913234335069375,-0.8935914978397991,0.723258541003968
-0.7218788155559558,0.818426861474317,0.06075927669916511
0.9355016406493104,-1.4426352865411174,0.6196673641287218
-0.6282415016460557,0.1346177791826763,-0.651324788731899
1.5254167182816925,-0.21976502988818042,-0.45361723774438595
0.7810000726979694,-1.1880786208705094,-0.2499616161334467
0.556270519314206,-0.050060586107770366,0.3616369022169032
-0.7640156068154134,1.1079226773350197,-0.6968038419942025
-0.6844238899919958,0.5888267316537675,-0.35676369838948085
-0.7593337411199192,0.6337484961838774,-0.6749065200530936
-0.7171969498604617,0.7385659467541265,-0.5932653029120838
-1.1619741909324979,1.212740127905269,0.8942787308757548
-0.7265606812514533,0.573852810143731,5.858285811780286
0.8184549982619328,-1.2379916925706267,0.8234808991190441
-1.2930664304063613,2.0363058109572534,-0.26970078855632146
-0.8155161294658593,0.733574639584119,-0.14958134463898778
1.3849607474168408,-0.8736262691597478,-0.7196486442116096
1.0104114917772304,-1.3478004503108902,-0.6502193950762181
-1.3258394902748272,1.2776271211154229,-0.08146804033178814
1.0197752231682222,-1.3577830646509195,-1.521480146925344
-0.773379338206405,0.7086181037340533,-0.8267665532264097
-0.7359244126424417,1.1877835920552102,-1.275240550674123
0.823136863957427,-1.1431568563403995,0.8168485371849582
-0.7967886666838793,0.6836615678839947,-0.17863740644545945
-0.8529710550298193,0.7834877112842362,0.13524175397481245
-0.6844238899919958,0.7186007180740824,-0.3057576768487725
-0.7171969498604617,0.7285833324141044,0.7262062574191175
-0.7359244126424417,0.6337484961838774,-0.9672041852910223
0.4579513397088084,0.06973078597251534,-0.7626010834037849
0.9916840289952504,-1.3028786857807877,-0.9483598553513178
-0.7546518754244217,0.7585311754341776,-0.9188826911998249
-0.543967919127144,1.0130878411047857,-0.338445746381053
-0.7312425469469475,0.9482008478946318,-0.1932180751418228
-0.7171969498604617,0.7934703256242583,-0.05156977383527393
0.8699555209123787,-0.6390348321691839,-1.0147361124853045
-0.2021917233559996,0.3592266018332182,-0.9895752473702802
-0.7265606812514533,0.6337484961838774,-0.8917215899459492
-0.7312425469469475,0.6537137248639214,-0.8474532059255823
-0.773379338206405,0.6437311105238994,-1.0076300104130695
1.0010477603862422,-0.6440261393391985,-0.7992369874206403
0.631180370442126,-1.2080438495505534,0.40937938058369616
-1.3071120274928438,1.3325314999855546,0.11402872334436298
1.0197752231682222,-1.3328265288008536,1.5730430732570062
-0.7593337411199192,0.583835424483753,0.8068473564907016
-0.8529710550298193,0.6786702607139872,-0.41187546779414697
0.7903638040889611,-1.203052542380546,0.201302184350033
-0.6891057556874933,0.6087919603338188,0.9292302255125249
1.3006871648979257,-1.183087313700495,0.33126489558224015
-0.7312425469469475,0.6886528750540092,-0.44561629318898094
0.5094518623592543,-0.050060586107770366,-0.6227951048567042
-1.3117938931883413,1.1827922848851957,-0.6736432130180294
0.804409401175447,-1.2579569212506778,3.23997670602393
-0.7359244126424417,1.1179052916750418,-0.6860657321961586
-0.8716985178117993,1.2926010426254593,-1.0001028059958135
-0.9419265032442286,0.9332269263845951,0.6305633873061485
-0.7359244126424417,0.6038006531638042,-0.32670751851358354
1.0150933574727246,-1.4176787506910586,-1.5636956570137321
-1.3211576245793297,1.1528444418651225,-0.500412235834881
-0.8155161294658593,0.583835424483753,2.1531115535238845
1.0010477603862422,-1.3428091431408828,0.4774926848908961
-0.6797420242965017,0.1795395437127861,0.0532320722819089
1.0572301487321822,-1.2629482284206852,0.7038878331329873
1.3053690305934231,-0.8935914978397991,0.6897809045747725
-0.13664560361906788,0.24941784409295453,0.5333413833993493
0.9589109691267846,-1.3028786857807877,0.8501682602347707
-0.7640156068154134,0.6337484961838774,-0.9846799326094072
-1.4288405355757188,1.2277140494153056,-0.8396628125426877
1.1227762684691138,-1.213035156720568,1.143150216783359
-0.8529710550298193,0.7934703256242583,0.6744633067746219
1.1134125370781223,-0.8636436548197258,0.06491766235625085
2.4149712004257617,-2.2911575054431608,-1.101641108939081
0.2566311148025191,-0.030095357427719203,-0.7590743512642313
0.8137731325664354,-0.9884263340700261,-0.09173240999168292
0.6218166390511377,-0.29463463743835633,-0.4583020013327483
1.3849607474168408,-0.9834350269000186,-0.9435698161767002
1.319414627679909,-1.5724092729614323,-0.3810823588144624
0.7810000726979694,-1.148148163510414,-0.5945812477402753
-0.6937876213829874,0.5389136599536503,3.4151552815528023
0.930819774953813,-1.2529656140806633,-0.6227951048567042
0.8652736552168813,-0.6590000608492351,-0.5038336923881793
0.4111326827538567,0.014826407102383502,0.3970621369918225
-1.3211576245793297,1.2077488207352542,-0.38155609895261144
0.9963658946907447,-1.457609208051154,0.24078052919578252
-0.8389254579433334,0.8034529399642875,-0.2170629954286555
-0.9231990404622484,0.7834877112842362,0.1885638384131381
-0.9325627718532369,0.8633486260044267,-0.7671805714058919
-0.7078332184694733,0.7435572539241411,-0.09894378765017317
1.9186934367032795,-1.1231916276603484,-0.8307143877109845
-0.7312425469469475,0.7485485610941556,-0.18690153996650288
-0.7874249352928876,0.6387398033538848,-1.0003659949614516
-0.9278809061577427,0.8034529399642875,1.6551580305361653
-0.773379338206405,0.6736789535439726,-0.753757934158337
0.35495029440791664,0.1795395437127861,-0.9655724137040644
-1.3024301617973497,1.2876097354554519,0.1170817153457675
-0.7874249352928876,0.6636963392039505,-1.1682279172455783
0.3174953688439566,-0.03508666459773377,-1.2000211442946884
1.413051941589809,-0.9235393408598722,-0.9330948953442946
1.2585503736384716,-1.5574353514513957,0.9425475871738241
1.0853213429051538,-1.2379916925706267,-0.36155373756409825
-0.7640156068154134,0.5538875814636869,0.002278688534328311
0.40645081705836256,-0.9285306480298868,-0.7804979330671912
0.8184549982619328,-1.2529656140806633,0.6363535445501918
0.8652736552168813,-0.723887054059389,0.13892639949374888
-1.4007493414027472,1.2376966637553275,-1.0125779629670701
-0.7125150841649674,1.1778009777151883,-0.34376216348694727
1.2538685079429774,-1.4526179008811464,-0.8122385223231738
-0.7499700097289275,0.6287571890138628,-1.3899909396924346
-0.8061523980748709,1.3475054214955913,-0.588001523599317
-0.9700176974171969,0.9482008478946318,0.4293291041790818
0.6218166390511377,-1.2280090782306046,-0.18458547706888562
0.8325005953484154,-1.1930699280405168,0.7490510596365245
1.2679141050294631,-0.5691565317890155,0.3065777706053649
2.1246955273050663,-0.39945208800861254,-0.9216198564424635
-1.3258394902748272,1.2776271211154229,-0.6196894750621719
-0.8857441148982851,0.6337484961838774,0.024228648268565026
-0.810834263770365,0.6087919603338188,0.5286566198109873
2.1481048557825404,-2.21129659072297,-1.343143303808812
0.930819774953813,-1.4176787506910586,0.19967041276307543
-0.7827430695973934,0.6736789535439726,-0.6706428588097525
2.410289334730267,-2.3011401197831898,-0.716437738830822
-0.7546518754244217,0.6087919603338188,-1.2403416938304805
0.9635928348222788,-1.287904764270751,0.6635146458040672
-0.295829037265903,-0.5042695385788616,-1.2622916535647173
-0.7359244126424417,0.9182530048745585,-0.36429090280673704
-0.7686974725109076,0.7435572539241411,-0.7214909669710777
0.4579513397088084,-1.1731046993604728,-0.38676724047225036
-0.7967886666838793,0.7984616327942728,0.28425934631923466
-0.6937876213829874,1.1827922848851957,2.032518369468402
-0.7827430695973934,1.0779748343149467,-0.4473533403621938
-0.6750601586010074,0.5788441173137455,0.05712726897335621
0.8933648493898529,-1.3428091431408828,2.7744480636028532
-0.7452881440334334,0.7235920252440898,1.0794584870988833
-0.7967886666838793,0.6886528750540092,-0.3576585408726512
1.431779404371789,-0.7887740472695499,1.1923665533577268
-0.7125150841649674,0.6187745746738408,-0.4245085381447868
-0.7312425469469475,0.6287571890138628,-0.860244189655605
-0.09919067805510785,0.24941784409295453,-0.6261112858237472
1.389642613112335,-0.8886001906697845,0.6469337409688527
0.823136863957427,-1.3777482933309635,1.2399511183451366
1.0057296260817363,-1.1780960065304873,-0.37455527246663184
1.0946850742961423,-0.8636436548197258,0.10018498375178685
1.5300985839771868,-0.8536610404797038,-0.5816849884239971
-0.7452881440334334,0.6337484961838774,-0.9815216650217474
0.7763182070024753,-1.22301777106059,2.5914790946910866
-0.7078332184694733,1.0330530697848368,0.7444715716344176
-0.7593337411199192,1.082966141484954,-0.6118464438861497
-0.6610145615145216,0.6038006531638042,-0.05493859259544441
-0.7827430695973934,0.658705032033936,-0.7812874999641062
-0.8155161294658593,1.072983527144932,2.0260439209136987
-0.8342435922478393,0.7485485610941556,1.653157794397314
1.0900032086006481,-0.8636436548197258,-1.1011147310078042
0.7014083558745553,-1.2479743069106486,0.583505200250015
1.0806394772096564,-1.3977135220110146,-1.3443539730507483
-0.9138353090712568,0.8034529399642875,0.4710708741293208
-0.8482891893343251,0.7784964041142217,0.1518226588100269
1.923375302398777,-1.2180264638905827,-0.8927743458085027
-0.8857441148982851,0.8383920901543681,-0.06351855287525406
-0.9466083689397227,2.4905147634283447,-0.6284273487213644
0.9916840289952504,-1.4226700578610734,-0.8809308423547779
-0.6656964272100158,0.6686876463739581,-0.185954059690205
-0.6610145615145216,0.5139571241035845,0.42238091548622975
0.9074104464763387,-1.3927222148410001,3.612652281367805
-0.8576529207253167,0.8533660116644047,-0.18605933527646032
1.3053690305934231,-1.5724092729614323,-1.0132096164846023
-0.7312425469469475,0.6237658818438553,-0.14726528174137052
-0.8248798608568509,0.6187745746738408,0.024228648268565026
0.8465461924349013,-1.287904764270751,0.5871372079758244
-0.7452881440334334,0.5538875814636869,-0.09110075647415099
1.0150933574727246,-1.4226700578610734,-0.932726430792401
2.410289334730267,-2.2911575054431608,-0.6995410072368411
1.0150933574727246,-1.4276613650310879,0.352267375040179
0.8137731325664354,-1.2479743069106486,0.490283668620919
-1.1057918025865545,1.2227227422452909,0.5615552405157784
-0.843607323638831,0.8134355543043095,-0.32670751851358354
0.7997275354799528,-1.1531394706804217,-0.65243018238758
0.7622726099159894,-1.1581307778504362,0.8576428268588991
-0.6422870987325416,0.573852810143731,-0.9287785963078261
0.8465461924349013,-1.138165549170385,1.8098605045383753
-0.9231990404622484,1.1977662063952323,0.14103191121885575
-0.9419265032442286,0.9132616977045511,0.9564439645595283
-0.8716985178117993,0.6936441822240167,-1.4329960166777378
0.7997275354799528,-1.2429829997406412,0.5987175224639105
0.5328611908367318,-0.10995627214791677,-0.9658882404628306
-0.7499700097289275,0.7834877112842362,0.7297329895586713
-0.8389254579433334,0.6836615678839947,-0.5734208549029537
1.8203742570978854,-1.3128613001208096,-0.9517813119046161
2.3213338865158617,-1.4076961363510367,-1.3845166092071572
-1.3726581472297754,1.2776271211154229,-0.27127992235015125
1.4551887328492668,-0.6290522178291619,-0.8652447800027333
-0.7265606812514533,0.7385659467541265,-0.37371306777658925
-1.3258394902748272,1.242687970925342,-0.12931579428483644
-0.8576529207253167,0.6038006531638042,1.6336291731469497
-0.5720591133001157,-0.06503450761780696,-0.8757723386282664
0.7716363413069811,-1.1780960065304873,0.15619159563962326
1.5066892554997124,-0.808739275949594,0.2831013148704259
0.9027285807808446,-1.3877309076709856,5.553934091916123
-0.792106800988385,0.7086181037340533,-0.2851762997358552
0.27067671188900494,0.23444392258291794,-0.7397562811863778
-0.7827430695973934,0.658705032033936,-1.1644379961403863
1.8250561227933795,-1.3128613001208096,-0.7969735623161508
1.2023679852925315,-0.6639913680192496,-0.9598348942531489
0.23790365202053906,-0.394460780838598,-1.0760591414790353
1.1180944027736197,-1.3428091431408828,0.6193515373699555
0.5422249222277201,-0.149886729508012,-0.40892775137899773
0.9823202976042588,-1.4076961363510367,-0.8677187562797337
0.9776384319087646,-1.4126874435210512,0.2087241131810339
0.8886829836943587,-0.30960855894839295,-1.110273707012018
-0.4690580679992206,0.6936441822240167,0.15087517853372925
0.8512280581303987,-1.1631220850204507,0.9135968009536081
-1.1432467281505179,1.1129139845050273,0.9844472705034463
0.9916840289952504,-1.2928960714407585,-0.7020149835138414
-0.7359244126424417,0.5139571241035845,3.9755372271899327
-0.7827430695973934,0.6287571890138628,-0.08231024502183071
0.912092312171833,-1.1930699280405168,0.9730248693947428
-0.7499700097289275,0.8084442471342949,-0.0594128050112961
-0.6235596359505616,0.30432222296308636,1.5982565761651584
-1.4288405355757188,1.2476792780953567,-0.026987924444653977
1.0853213429051538,-0.8287045046296452,-0.5657883748994421
0.8137731325664354,-1.118200320490341,0.6523027958678743
-0.6844238899919958,0.5688615029737164,0.8318503082263431
-0.21623732044248545,-0.42939993102868573,-0.010354381816311516
-1.2134747135829438,1.242687970925342,1.399812096073858
-0.8763803835072967,0.8932964690244999,3.991539116300743
1.5441441810636725,-0.20479110837814382,-0.6369020334149188
1.2304591794654998,-0.968461105389982,-1.1711229958676
-0.810834263770365,0.7884790184542508,0.9341781780665256
1.0010477603862422,-1.4326526722010953,-0.9762052479158532
-0.6891057556874933,0.573852810143731,-1.755297223998436
-0.5720591133001157,1.0280617626148223,-0.07083520611999963
-0.7874249352928876,1.0979400629949907,0.2545189932021031
-0.6469689644280358,0.41413098070335,0.8177960174612559
-0.7406062783379391,0.6187745746738408,-0.8933007237397793
1.0197752231682222,-1.352791757480905,-1.0853233930695045
-0.8529710550298193,1.5471577082960746,-0.7479677769142937
-0.7171969498604617,1.1029313701650052,-0.13052646352677272
-1.2790208333198754,1.2077488207352542,0.17377261854426385
-0.7967886666838793,0.7934703256242583,1.2747446996025236
2.34942508068883,-1.3677656789909414,-0.493148220383263
1.0057296260817363,-1.3228439144608317,-0.942517060314147
-1.2509296391469038,1.1528444418651225,3.3194071358535777
1.0619120144276764,-1.4825657439012196,-0.0470429236262947
0.9682747005177763,-1.2829134571007363,0.05238986759186633
-1.3024301617973497,1.1728096705451736,0.42996075769661374
0.4485876083178201,0.06473947880250787,-0.5504181393061636
1.375597016025849,-1.0932437846402823,-0.3861355869547182
0.9916840289952504,-1.2928960714407585,-0.4977803461784978
-0.11791814083708788,0.29433960862305725,-1.5826979003328194
1.3100508962889175,-1.5474527371113735,-0.3102318892646242
-0.6750601586010074,0.5239397384436137,-0.484041882172177
1.1695949254240656,-0.8736262691597478,0.9072276279851603
-0.7078332184694733,0.8783225475144634,0.5012323295914732
1.0150933574727246,-1.4276613650310879,-0.2627525998634694
-0.8670166521163051,0.6986354893940312,-1.0032610735834733
1.1368218655555997,-1.3278352216308462,-0.3925047599231659
-0.7967886666838793,1.0380443769548513,0.04291506482888635
0.518815593750246,-0.09997365780788764,-0.2938088978087924
-0.6469689644280358,1.1977662063952323,-0.16221441498962763
-0.8155161294658593,0.6936441822240167,-0.6297959313426839
1.375597016025849,-0.9634697982199675,-0.8941955662229496
-0.7359244126424417,1.147853134695115,-0.9715204843274908
0.5515886536187118,-0.075017121957829,-0.4870948741735815
-0.65165083012353,0.5938180388237821,-1.321877635385235
-0.8670166521163051,0.7934703256242583,-0.31954877864822107
-0.6797420242965017,0.1945134652228156,-0.3427094076243941
-0.6563326958190274,0.573852810143731,0.9433897918638666
1.0150933574727246,-1.3278352216308462,-0.7829192715510638
0.8652736552168813,-1.3178526072908172,-0.4958853856259018
-0.7780612039018993,0.6836615678839947,-0.7784976969283398
-0.6422870987325416,0.6337484961838774,-0.14300162049802945
1.942102765180757,-0.9984089484100481,-0.9605718233569364
-0.7078332184694733,1.0480269912948734,0.1626660441943265
0.5141337280547484,-0.08499973629785104,-0.9564660754929785
-0.014917095536196127,-0.5142521529188837,0.31810544730032353
0.9870021632997563,-1.4825657439012196,0.16208702846992215
1.3802788817213432,-0.9385132623699088,-0.19963988590339804
-1.4288405355757188,1.2177314350752835,-0.37171283163773794
-0.8389254579433334,0.7984616327942728,-0.5452596355796524
1.0010477603862422,-1.43764397937111,0.334002060824879
0.6218166390511377,-0.24472156573823906,-1.1671225235898972
1.3053690305934231,-0.30960855894839295,-0.3925047599231659
-0.862334786420811,0.8134355543043095,0.48844134586145077
-1.3398850873613097,1.1927748992252178,-0.595897192568467
0.9963658946907447,-1.4326526722010953,0.3866924917456722
-0.843607323638831,0.6886528750540092,1.3560174521916397
-0.6844238899919958,1.147853134695115,0.3970621369918225
-0.7967886666838793,0.6087919603338188,-0.18779638244967323
-0.9512902346352169,0.9432095407246172,1.7602230656189861
0.6686352960060894,-0.8985828050098136,-0.03393611313750581
0.631180370442126,-0.5392086887689495,-1.1326974068844038
-0.65165083012353,0.5289310456136211,2.5133119718965027
-0.8904259805937826,0.6287571890138628,0.8330609774682789
-0.8201979951613534,0.7186007180740824,-0.8779831259396285
1.338142090461889,-1.3028786857807877,-0.27970196925057783
-0.7125150841649674,0.6387398033538848,4.7839484540446255
0.766954475611487,-1.1431568563403995,0.9175972732313107
-1.3492488187523013,1.2676445067754007,-0.4110859008972319
-0.7499700097289275,0.6886528750540092,-0.6181103412683419
1.2632322393339657,-1.3677656789909414,-0.1402644552553909
-0.4924673964766982,0.7235920252440898,-0.955887059768574
0.9870021632997563,-0.7188957468893815,2.58326759896317
1.1695949254240656,-0.8536610404797038,-0.7003832119268839
0.9542291034312904,-0.6889479038693083,0.27146836258921175
0.9214560435628246,-0.6739739823592718,-0.05767575783808321
0.5469067879232143,-0.09498235063788016,-0.674485417708072
-0.773379338206405,0.6387398033538848,-1.4838967626321906
0.9355016406493104,-1.2529656140806633,-0.11836713331428196
1.1742767911195597,-0.8386871189696672,-0.8267665532264097
-0.8248798608568509,0.8383920901543681,-0.26912177283191707
1.3428239561573831,-0.9734524125599895,0.515339258149688
0.785681938393467,-1.213035156720568,2.0884723435631107
-0.7686974725109076,0.6137832675038262,-0.47709369347932495
0.8980467150853471,-1.3428091431408828,1.0983028170385878
0.7763182070024753,-1.183087313700495,0.11871348693272507
0.9729565662132704,-1.43764397937111,0.2029339559369906
-1.3211576245793297,1.2776271211154229,0.8660648737593257
-0.7218788155559558,0.6087919603338188,-0.5624721939323992
-0.8014705323793734,0.6287571890138628,0.5131811086314536
-0.8342435922478393,0.8034529399642875,0.13387317135349305
1.0712757458186681,-1.3677656789909414,0.15161210763751626
-0.6376052330370441,0.18453085088279356,-0.22406382191463514
-0.7640156068154134,0.6636963392039505,-1.135645123299553
-0.843607323638831,1.1977662063952323,0.3839026887099059
0.804409401175447,-1.1980612352105313,0.028597585098161165
0.556270519314206,-0.10995627214791677,-0.23896031736976445
0.612452907660146,0.6287571890138628,-0.813607104944493
0.574997982096186,-0.46933038838878094,-0.7523367137438901
-0.7499700097289275,0.9232443120445731,0.9118071159872674
-0.918517174766751,0.8783225475144634,1.3191183592091458
-0.12728187222807955,0.2843569942830352,-1.3794633810669015
-0.9044715776802651,0.8833138546844779,0.7483141305327371
-0.13664560361906788,-0.5591739174489935,-1.165596027589195
0.8465461924349013,-1.1980612352105313,0.34068706055209236
-0.792106800988385,0.6387398033538848,-1.2154966554742221
1.3662332846348575,-0.9584784910499529,-0.2559623245500007
-1.133882996759526,1.157835749035137,-0.6510089619731331
1.0806394772096564,-1.382739600500978,-0.5956340036028286
-0.6656964272100158,0.5289310456136211,0.43654048183757205
-0.6984694870784817,0.4241135950433721,0.8066894431113185
-0.7312425469469475,0.6038006531638042,-0.8070273808035349
1.0665938801231705,-1.2479743069106486,-0.0986279608914072
-0.8295617265523451,0.6187745746738408,1.1384654531949967
1.675236420537536,-0.7438522827394402,-0.8750354095244792
0.8278187296529211,-1.3128613001208096,2.3200259955317133
0.766954475611487,-1.2180264638905827,3.5816486212156096
-0.8482891893343251,0.8034529399642875,-0.041568593141017345
-0.7640156068154134,0.6287571890138628,-0.9956285935799617
-0.7031513527739758,1.157835749035137,-0.7091737233792039
-0.15069120070555372,-0.6340435249991765,-0.5376271555761408
0.8933648493898529,-0.6240609106591474,1.1905242305982582
-1.3867037443162613,1.242687970925342,-0.6866447479205631
-0.862334786420811,0.6786702607139872,0.3806391455359907
0.8090912668709411,-1.148148163510414,-0.16221441498962763
1.0291389545592105,-1.307869992950795,2.281442493169134
0.5609523850097001,-0.0600432004477924,0.5590286264456503
1.4364612700672867,-1.8319572458020548,-0.6072143180909152
1.0993669399916364,-1.213035156720568,0.5533437447878625
-0.7546518754244217,1.072983527144932,0.19024824779322322
-1.3211576245793297,1.3225488856455325,-1.159121579034492
-0.7499700097289275,0.8234181686443315,0.054916481661994254
1.1180944027736197,-1.3378178359708683,0.9629710509073586
0.9963658946907447,-1.4226700578610734,-1.3097709429658717
1.0010477603862422,-0.6290522178291619,-1.1552790201361725
-0.6844238899919958,0.6187745746738408,-0.7357031711155474
-0.7125150841649674,0.7784964041142217,-0.16221441498962763
-0.7780612039018993,0.6387398033538848,-0.18416437472386432
0.9776384319087646,-1.2779221499307218,2.127266397098201
-0.862334786420811,0.7235920252440898,0.2426754897483783
-0.7078332184694733,0.5988093459937897,4.076443876615669
-1.3820218786207672,1.23270535658532,-0.9589926895631063
-0.2490103803109513,-0.5142521529188837,-0.6227951048567042
-0.11791814083708788,0.28934830145304974,-1.3294048398024911
1.3849607474168408,-0.9534871838799455,-1.5529575472156882
0.4439057426223226,-0.1648606510180486,-0.7312815964928238
1.0010477603862422,-1.352791757480905,-0.4747249927885801
1.8203742570978854,-1.0034002555800627,-0.9869959955070245
0.766954475611487,-1.1631220850204507,0.8370614497459816
0.9635928348222788,-1.1731046993604728,1.8135451500573117
0.20513059215207322,0.24941784409295453,-0.35081562776605446
-0.7312425469469475,0.7585311754341776,-0.3333925182407972
-0.7546518754244217,0.573852810143731,-0.8582439535167536
-0.8763803835072967,0.8234181686443315,-0.5405222341981625
0.9870021632997563,-1.1930699280405168,5.858285811780286
-0.810834263770365,0.6537137248639214,-0.9796267044691515
-0.773379338206405,1.0679922199749174,0.20435517635143752
0.7482270128295037,-1.118200320490341,1.3663344596446625
-0.6656964272100158,0.1945134652228156,-0.00430103560663002
-0.9887451601991769,0.8833138546844779,-0.43040397097508537
-0.7452881440334334,0.6087919603338188,-1.053898630572288
-0.6610145615145216,0.573852810143731,0.16582431178198612
-0.8201979951613534,1.0031052267647635,-0.9487809576963391
-0.7359244126424417,0.6636963392039505,-1.4991090848460862
-1.1760197880189838,1.1378705203550858,0.4871254010332589
-0.792106800988385,0.7235920252440898,0.4233810335556554
-0.7312425469469475,0.903279083364522,-0.8185550574984938
-0.773379338206405,0.6686876463739581,-0.8762987165595431
0.9074104464763387,-1.3877309076709856,0.5786625232822697
-0.8201979951613534,0.6537137248639214,-0.3332872426545419
0.7575907442204953,-1.1581307778504362,0.7464191699801414
-0.6797420242965017,0.573852810143731,-0.26912177283191707
-1.0215182200676427,0.9831399980847195,0.806636805318191
0.5281793251412343,-0.40444339517862,-1.0833757947237808
-0.843607323638831,0.7834877112842362,0.032966521927757536
-0.8904259805937826,0.7984616327942728,1.2779029671901836
1.394324478807829,-0.9385132623699088,-1.488739439599936
-0.8155161294658593,0.7235920252440898,-0.6987514403399261
0.2285399206295474,0.5139571241035845,-0.9305156434810391
1.1976861195970339,-1.3577830646509195,0.46138552019383045
0.7482270128295037,-1.203052542380546,-0.39639995661461325
0.5047699966637601,-0.09498235063788016,-1.215707206646733
-0.7406062783379391,0.5688615029737164,0.050863371591163845
2.260469632474424,-1.43764397937111,-0.5591033751722285
-0.937244637548731,1.3225488856455325,-0.5569978634471219
1.0806394772096564,-0.8486697333096892,-1.122275123845126
0.7903638040889611,-0.4593477740487518,-1.0095249709656655
-0.7827430695973934,0.5788441173137455,1.135886201331741
-0.6469689644280358,0.5938180388237821,0.5321307141574131
-0.8014705323793734,0.6736789535439726,-0.9127767071970156
-1.3164757588838354,1.1827922848851957,0.03986207282748183
-0.8014705323793734,0.7235920252440898,-0.674485417708072
-0.7031513527739758,0.6936441822240167,2.1321617118590734
-0.773379338206405,0.6936441822240167,-0.8880369444270125
1.0385026859502022,-1.447626593711132,-0.5033073144569027
-0.7265606812514533,0.6387398033538848,-1.0222633169025606
0.8090912668709411,-1.213035156720568,-0.012775720300184115
-0.5673772476046182,-0.0600432004477924,-0.6700112052922206
-0.7686974725109076,0.6337484961838774,-0.9924176881991741
0.9542291034312904,-0.7089131325493524,-0.9047757626416103
-0.7218788155559558,0.6537137248639214,-0.1196304403493458
-1.129201131064032,1.1228965988450563,-0.5942654209815094
-0.17410052918303123,-0.5342173815989348,-0.9053547783660147
-1.3445669530568072,1.2376966637553275,-0.6736432130180294
-0.7312425469469475,0.903279083364522,-0.5323107384702466
-0.5767409789956098,0.329278758813145,-0.35176310804235256
1.4224156729808008,-0.8536610404797038,0.25888793003169946
-0.8014705323793734,0.6038006531638042,-0.6491140014205371
2.653746350896011,-2.04159214694256,-1.0865340623114408
-0.65165083012353,0.6437311105238994,0.9199659739220557
0.8559099238258929,-1.287904764270751,3.7268236546617115
-0.6984694870784817,0.6636963392039505,-1.030738001596115
1.0104114917772304,-1.4176787506910586,-0.3499207852828841
-1.1572923252370038,1.1927748992252178,-0.36392243825484333
-0.6563326958190274,0.5389136599536503,0.7348914932851822
-1.3445669530568072,1.212740127905269,-0.9429908004522958
0.7903638040889611,-1.1780960065304873,-0.6776436852957322
-0.7078332184694733,0.8334007829843535,-0.63574400196611
-0.8904259805937826,0.8234181686443315,0.06433864663184646
-0.6937876213829874,0.5988093459937897,-0.3860303113684629
0.8699555209123787,-1.352791757480905,1.4090237098711995
0.930819774953813,-1.4226700578610734,0.48917827496523775
-0.7874249352928876,0.6038006531638042,-0.6406919545201105
-0.810834263770365,0.8034529399642875,1.417445756771626
-0.792106800988385,1.082966141484954,-0.4315093646307664
-0.7265606812514533,0.5938180388237821,-0.24832984454648913
0.7763182070024753,-1.1681133921904583,0.7564203506743974
-0.773379338206405,0.6936441822240167,-0.803395373077726
-0.7452881440334334,0.8334007829843535,0.3604262329749669
-0.5533316505181324,-0.1049649649779022,0.17908903565015788
-0.7686974725109076,0.6936441822240167,-0.754389587675869
-0.7546518754244217,0.7235920252440898,-0.43045660876821296
-0.6937876213829874,1.617036008676243,-1.2221290174083084
-0.7780612039018993,0.6087919603338188,-0.9481493041788072
0.9027285807808446,-1.3677656789909414,0.05165293848807886
-0.8670166521163051,0.6137832675038262,2.2673882024040473
-1.2930664304063613,1.327540192815547,0.26904702410533915
-1.3726581472297754,1.23270535658532,-1.2448685440394598
0.9776384319087646,-1.43764397937111,-0.11189268475957895
-0.7406062783379391,0.658705032033936,-1.6094378992416738
-0.9325627718532369,0.9332269263845951,2.2749680446144316
-0.810834263770365,0.6836615678839947,-0.9215145808562081
1.431779404371789,-1.2280090782306046,-0.565946288278825
1.0900032086006481,-1.3877309076709856,-0.9660987916353413
-0.7125150841649674,0.903279083364522,0.05886431614656911
0.9589109691267846,-1.2829134571007363,-0.12331508586828248
-1.4101130727937388,1.2576618924353786,0.2181462781508861
-0.33796582852536056,2.0163405822772025,-0.7009095898581604
-1.171337922323486,1.242687970925342,-0.9090394238849514
0.4392238769268284,-1.183087313700495,5.54835448584459
0.9542291034312904,-1.2679395355907,-0.037199656311421206
-0.5861047103865983,-0.14489542233799743,-1.2441316149356723
0.8371824610439128,-1.1231916276603484,1.178259624799512
-0.63292336734155,0.5139571241035845,1.5023505170865512
0.8512280581303987,-1.297887378610773,0.6994662585102629
1.0197752231682222,-1.3328265288008536,-0.5911071533938493
-0.9138353090712568,0.8733312403444559,1.1942615139103225
0.8090912668709411,-1.1631220850204507,-0.48225219720583634
1.3802788817213432,-0.9484958767099309,-0.8127649002544505
1.5769172409321384,-0.7338696683994181,0.491862802414749
0.804409401175447,-1.2080438495505534,0.27710060645387197
-0.14132746931456538,-0.6639913680192496,-0.14879177774207278
0.9823202976042588,-1.307869992950795,-0.9037230067790571
0.6967264901790577,-1.213035156720568,1.6352083069407797
-0.7967886666838793,1.082966141484954,-0.8677187562797337
-0.7967886666838793,0.7435572539241411,-0.18195358741250237
-0.6656964272100158,0.5089658169335771,-0.024198121408887642
-0.8248798608568509,0.8383920901543681,-0.4112964520697426
-0.843607323638831,1.5022359437659647,-0.6644842370138156
0.8840011179988646,-0.6540087536792205,-0.6634314811512623
-0.26305597739743714,-0.4942869242388396,-0.268648032693768
-0.7265606812514533,0.6137832675038262,3.534800985331987
-0.7593337411199192,0.9432095407246172,-0.34918385617909686
-1.255611504842398,1.1728096705451736,1.308748713962996
-0.42692127673976643,0.7136094109040678,0.3970621369918225
-0.6844238899919958,0.40913967353333547,0.7917929476561892
1.0759576115141622,-1.2629482284206852,2.194116394370336
0.8325005953484154,-1.2479743069106486,0.9975014431991074
-0.6750601586010074,0.5039745097635625,0.4957579991061961
1.0525482830366881,-1.3627743718209269,-0.5109397944604143
-0.6797420242965017,0.6287571890138628,-0.37476582363914246
-0.8576529207253167,0.7235920252440898,-0.6113727037480007
-0.8201979951613534,0.6736789535439726,-0.9188826911998249
-0.35669329130734057,1.2826184282854374,-0.13768520339213522
2.1059680645230863,-0.5691565317890155,-0.48177845706768724
-0.11791814083708788,0.3093135301330938,-0.0766780011571705
1.0150933574727246,-1.4226700578610734,0.25083434768316665
1.1508674626420856,-1.3178526072908172,-0.002090248295268062
-0.881062249202791,0.6287571890138628,0.38611347602126783
-0.8857441148982851,1.3025836569654885,-0.8733510001443939
1.0665938801231705,-1.2729308427607144,2.367189458174102
1.0993669399916364,-1.3627743718209269,-0.1152088657266219
-0.843607323638831,0.7535398682641631,-0.010249106230056195
-0.8763803835072967,0.7136094109040678,-0.2556464977912347
0.35495029440791664,0.12962647201266173,-1.0193156004874115
-0.9325627718532369,1.1079226773350197,-0.7006990386856499
-0.8295617265523451,0.6038006531638042,0.881645660525115
1.5113711211952068,-0.7738001257595133,-0.2581731118613626
-0.7499700097289275,0.6736789535439726,-1.0833757947237808
1.4224156729808008,-0.8287045046296452,0.01301679833237214
0.9963658946907447,-1.4326526722010953,0.7270484621091601
0.9261379092583187,-1.2280090782306046,-0.07604634763963856
-1.152610459541506,1.1079226773350197,-0.12931579428483644
-1.236884042060418,1.167818363375159,5.858285811780286
-0.6891057556874933,0.5588788886336944,-0.13347417994192193
-0.8061523980748709,0.6537137248639214,-0.6750644334324765
1.1227762684691138,-0.8935914978397991,-0.07009827701621239
-0.6656964272100158,1.23270535658532,0.3453718241404545
-0.6844238899919958,0.5888267316537675,-0.273227520695875
-0.7078332184694733,0.6836615678839947,-0.5569978634471219
-0.7874249352928876,1.0330530697848368,0.5004427626945582
1.0057296260817363,-1.4526179008811464,-0.39039924819805927
-0.15069120070555372,-0.5641652246190081,0.42174926196869783
-0.8763803835072967,0.6337484961838774,0.6612512206995776
-0.7874249352928876,0.6337484961838774,-1.2437631503837787
1.0431845516456963,-1.352791757480905,-0.9953127668211957
-0.7359244126424417,1.1428618275251006,0.6663044488398335
-0.8857441148982851,0.8383920901543681,-0.337656179484138
0.7763182070024753,-1.203052542380546,1.9337172317677729
-0.8482891893343251,0.7186007180740824,0.8812771959732212
-0.6797420242965017,0.6038006531638042,-0.480251961066985
1.0946850742961423,-0.8786175763297625,-0.9824165075049175
-0.7218788155559558,0.6686876463739581,-0.6661686463939008
1.0900032086006481,-0.8586523476497183,-1.5774867588131805
-0.8201979951613534,0.8383920901543681,0.9902374277474896
1.0104114917772304,-1.3278352216308462,-0.8837732831836718
-1.1619741909324979,1.1228965988450563,0.8525895987186433
-1.0027907572856627,0.9232443120445731,0.9777096329831053
-0.5580135162136298,-0.08499973629785104,-0.24527685254508438
-0.9278809061577427,0.7934703256242583,-0.07325654460387224
-1.3492488187523013,1.242687970925342,-1.2463424022470344
0.9729565662132704,-1.4176787506910586,0.5905586645291225
-0.63292336734155,0.5389136599536503,1.5785174037422838
0.9635928348222788,-1.2529656140806633,-0.5366270375067151
-0.8670166521163051,0.6537137248639214,-0.9156717858190373
-0.918517174766751,0.8783225475144634,0.38490280677933153
-0.7640156068154134,0.6387398033538848,-0.9134083607145476
-0.6844238899919958,0.7485485610941556,2.099263091154282
-0.7499700097289275,0.9581834622346538,-0.2219583101895285
-0.810834263770365,0.7784964041142217,0.6602511026301521
-0.7078332184694733,0.20449607956284474,-0.1336847311144328
-0.31455650004788305,-0.4992782314088471,-0.8911952120146727
0.8559099238258929,-1.1681133921904583,0.9135441631604805
1.942102765180757,-1.0283567914301213,-0.6255322700993428
-0.7827430695973934,0.6087919603338188,-0.38703042943788857
-0.8295617265523451,0.6237658818438553,0.4135377662407819
2.265151498169918,-1.3577830646509195,-1.0027346956521968
-0.63292336734155,0.39915705919331346,0.7882135777235079
0.9823202976042588,-1.4426352865411174,1.5588835069056644
0.7997275354799528,-1.183087313700495,-0.23548622302333866
-0.4924673964766982,0.7186007180740824,-0.06541351342785005
1.3615514189393632,-0.9584784910499529,-1.1461726819250861
0.537543056532226,-0.1199388864879388,-0.4583020013327483
-1.3539306844477954,1.6070533943362209,-1.1353819343339147
1.1274581341646082,-0.8886001906697845,-0.07899406405478776
1.0057296260817363,-1.43764397937111,-0.3524473993530123
-0.7640156068154134,0.8583573188344192,0.9372838078610576
1.3662332846348575,-0.9035741121798211,0.43359276542242264
-0.7640156068154134,1.4972446365959573,-0.18416437472386432
0.6545896989196035,-1.2529656140806633,0.33631812372249603
-0.6610145615145216,0.5588788886336944,-0.9478861152131688
1.6143721664960984,-1.60734842315152,-1.2369202372771824
0.823136863957427,-1.2280090782306046,0.0798141578113804
-0.7452881440334334,0.6487224176939139,-1.1405930758535536
1.3240964933754031,-1.5674179657914176,-0.508307904804031
-0.6797420242965017,0.6437311105238994,0.7621052323321856
0.930819774953813,-0.7188957468893815,-1.0811650074124188
-0.7218788155559558,0.6437311105238994,-0.4395103091861716
-0.13664560361906788,0.25940045843297654,-0.6353228996210887
0.9589109691267846,-1.2729308427607144,-0.48462089789658114
0.8371824610439128,-1.307869992950795,2.403877999984085
-0.792106800988385,0.7285833324141044,0.6080344118475076
-0.7031513527739758,0.6487224176939139,-0.49030577955436916
1.4598705985447609,-0.8636436548197258,-0.6399023876231957
-0.7827430695973934,0.7186007180740824,0.3171579670240259
1.0900032086006481,-1.2479743069106486,0.6178776791623811
-0.6844238899919958,0.3093135301330938,0.7499985399128222
-1.3492488187523013,1.167818363375159,-0.38518810667842035
0.5047699966637601,0.02480902144241263,-0.6741169531561786
-0.8014705323793734,0.6636963392039505,-0.7497048240875066
-0.7874249352928876,0.6337484961838774,-1.2006001600190925
-0.7312425469469475,0.7635224826041851,-0.030619932170462875
1.0010477603862422,-1.4326526722010953,-0.3404459825199044
-1.4194768041847272,1.242687970925342,-0.8507693868926253
-0.7125150841649674,0.6387398033538848,-0.7852353344486813
-0.7265606812514533,0.818426861474317,0.13387317135349305
-0.8248798608568509,0.6936441822240167,-0.06209733246080712
-1.3211576245793297,1.2776271211154229,0.775580507372868
1.7595100030564477,-0.9085654193498356,-0.4473533403621938
-1.129201131064032,1.167818363375159,-0.9717310355000015
1.1227762684691138,-0.7588262042494768,0.34021332041394353
-0.562695381909124,-0.05505189327778493,-0.18416437472386432
1.7267369431879818,-1.0383394057701505,-0.5693151070389957
-0.7171969498604617,0.9282356192145877,-1.0504771740189895
1.0900032086006481,-1.3927222148410001,-1.2296035840324366
1.0057296260817363,-1.3178526072908172,-0.6556937255614954
-1.3445669530568072,1.1977662063952323,-0.6022137277437869
0.5796798477916801,-1.0982350918102897,-0.2755435835934923
-0.7031513527739758,0.733574639584119,4.5021257096391025
-0.792106800988385,1.082966141484954,-0.38155609895261144
-0.7593337411199192,0.978148690914705,0.05207404083310014
-1.4194768041847272,1.2526705852653641,-1.1177482736361466
1.1040488056871338,-0.8586523476497183,-1.2398679536923314
1.2210954480745115,-1.2280090782306046,0.8089002304226806
-0.862334786420811,0.8683399331744412,0.5177079588404325
0.9823202976042588,-1.4226700578610734,-0.5172563296357341
-0.8201979951613534,0.8084442471342949,-0.1053655984117484
-0.4877855307812007,1.0979400629949907,-0.7829719093441916
0.9963658946907447,-1.2928960714407585,-0.7426513598083995
1.319414627679909,-1.5624266586214102,0.15934986322728334
-0.8904259805937826,0.7984616327942728,0.9692875860826787
-0.7452881440334334,0.5239397384436137,5.1656250920133315
-0.7452881440334334,0.5538875814636869,-0.3932943268200809
-0.8248798608568509,0.7086181037340533,-0.42224511304029727
0.9823202976042588,-1.4027048291810222,-1.293505864889423
2.25578776677893,-1.3627743718209269,-1.1647538228991525
0.9916840289952504,-1.4176787506910586,-0.9675726498429157
-0.7078332184694733,0.7834877112842362,0.3970621369918225
-0.7780612039018993,0.6437311105238994,-1.2204446080282227
-0.6469689644280358,0.5788441173137455,-0.6462715605916431
-0.8904259805937826,0.8783225475144634,-0.1572664624356271
-0.9138353090712568,0.8234181686443315,0.3171579670240259
-0.7265606812514533,1.127887906015064,-1.0250004821451992
-0.8904259805937826,1.6669490803763602,-0.5294682976413527
-1.3539306844477954,2.4505843060682495,-1.4032030257674786
-1.3492488187523013,1.2227227422452909,-0.9113028489894409
-0.7593337411199192,0.7934703256242583,0.965918767322508
0.785681938393467,-1.203052542380546,0.9134388875742249
1.0010477603862422,-1.3228439144608317,-0.6741169531561786
-1.3820218786207672,1.2576618924353786,-0.3438674390732026
1.0993669399916364,-1.4426352865411174,4.328210441145294
0.7482270128295037,-1.128182934830363,1.4713468569343557
1.1789586568150539,-1.5025309725812637,1.9103986894122171
-0.7359244126424417,0.9531921550646464,-1.1910200816698575
-1.1760197880189838,2.0213318894472168,-1.0482137489145
0.9542291034312904,-1.2579569212506778,-0.8079748610798327
0.9870021632997563,-1.4226700578610734,0.23256903346786661
0.823136863957427,-0.5691565317890155,-0.6658001818420073
1.2913234335069375,-1.6223223446615496,-0.12931579428483644
-0.7359244126424417,1.053018298464888,0.24688651319859156
0.5047699966637601,-1.043330712940158,-0.30412590526181493
-0.6844238899919958,0.5888267316537675,-0.3502892498347778
1.2538685079429774,-1.3577830646509195,-0.8414524975090284
1.375597016025849,-0.9435045695399163,-0.37497637481165313
0.9261379092583187,-1.4276613650310879,0.15713907591592138
1.370915150330355,-0.8935914978397991,-1.0747958344439712
-1.2977482961018554,1.2926010426254593,0.4742817795101084
0.5796798477916801,-0.27966071592831976,-0.8615074966906691
-0.8529710550298193,0.8084442471342949,0.6565664571112155
-0.6891057556874933,0.7136094109040678,-0.8702453703498616
-0.7312425469469475,0.7186007180740824,-0.7918150585896394
-0.899789711984771,0.8483747044943901,-0.17795311513479975
1.2491866422474798,-1.3677656789909414,-0.140422368634774
-0.843607323638831,0.6886528750540092,-0.14926551788022183
1.0478664173411905,-1.3478004503108902,-0.5190460146020748
-1.166656056627992,1.1827922848851957,-0.029461900721654118
-0.6891057556874933,0.5688615029737164,0.3675849728403296
0.9729565662132704,-1.4426352865411174,0.09686880278474415
0.766954475611487,-1.1431568563403995,0.9563913267664003
-0.7312425469469475,0.733574639584119,-0.8530854497902425
0.20981245784756739,0.2693830727729986,-0.32670751851358354
-1.3445669530568072,1.212740127905269,-0.9176720219578886
0.7997275354799528,-1.1731046993604728,0.27862710245457445
-0.7827430695973934,1.1228965988450563,-0.05904434045940237
-0.6844238899919958,0.5688615029737164,-0.6173207743714269
0.7810000726979694,-1.1581307778504362,0.6293000802710846
0.6639534303105918,-0.6490174465092131,-0.6714850634997951
-0.7171969498604617,0.9581834622346538,-0.4433528680844912
-0.7406062783379391,0.5988093459937897,0.09876376333733991
1.1180944027736197,-0.8536610404797038,-0.36618586335933306
-0.6984694870784817,0.9432095407246172,1.6225752365901398
-0.8670166521163051,0.6537137248639214,-0.9343582023793586
1.0104114917772304,-1.3128613001208096,-0.6337437658272587
0.7622726099159894,-1.2080438495505534,2.1332671055147543
-0.7827430695973934,0.6537137248639214,-1.231919646930054
-0.7546518754244217,0.6337484961838774,-1.1584372877238323
0.9870021632997563,-1.287904764270751,-0.2938088978087924
1.4177338072853034,-0.8187218902896161,0.8518000318217283
-0.23964664891996296,-0.5192434600888982,-0.4677241663026005
0.9870021632997563,-0.9335219551998942,-0.19005980755416296
-0.8248798608568509,0.6886528750540092,-0.6995410072368411
-0.8529710550298193,1.2726358139454153,-0.8267665532264097
-0.562695381909124,-0.0600432004477924,0.14650624170413287
1.394324478807829,-0.8686349619897404,1.4491863460276087
0.33622283162593664,-0.04007797176774833,-0.5220990066034793
-0.7312425469469475,1.0929487558249833,0.5466061072675211
0.45326947401331424,-1.1331742420003776,-0.21390472784099546
-0.8529710550298193,0.7385659467541265,1.7491691290621763
-0.7125150841649674,1.1228965988450563,-1.2536064176986523
-0.8155161294658593,0.6087919603338188,-0.41445471965740266
0.823136863957427,-1.213035156720568,1.0135559701030454
-1.3211576245793297,1.3674706501756424,0.4957579991061961
-0.6844238899919958,0.20449607956284474,0.13539966735419554
-0.7406062783379391,1.2077488207352542,0.60640264026055
1.2210954480745115,-1.2629482284206852,0.7577362955025893
-0.65165083012353,0.5189484312735991,-0.5069393221827116
0.8465461924349013,-1.1631220850204507,2.5249449241777167
-0.7593337411199192,0.6337484961838774,-1.092008392796718
-1.2837026990153695,1.3125662713055106,0.7282591313510963
1.2585503736384716,-1.457609208051154,-0.31475873947360344
0.5469067879232143,-0.10995627214791677,-0.2898610633242175
1.1508674626420856,-1.3228439144608317,-0.8407682061983687
-0.7593337411199192,0.7136094109040678,-0.8530854497902425
0.20981245784756739,0.2793656871130206,-1.0448449301543294
-0.5580135162136298,0.7186007180740824,0.5047064239378994
-0.862334786420811,0.818426861474317,0.1159236838969592
0.5281793251412343,-0.11494757931792424,-1.1726494918683021
-0.7359244126424417,0.6087919603338188,-0.08104693798676686
-0.9278809061577427,0.7585311754341776,3.2870875308731904
-1.1807016537144779,1.2476792780953567,-0.4554595605038544
1.637781494973576,-0.8736262691597478,-0.4583020013327483
1.0806394772096564,-1.3927222148410001,-1.0783752043766526
0.21917618923855905,0.1795395437127861,-1.1198537853612534
-0.5533316505181324,-0.12992150082796083,0.8153746789773832
-0.7218788155559558,0.658705032033936,-0.16337244643843638
-0.937244637548731,0.8533660116644047,0.7575783821232062
0.7716363413069811,-1.1731046993604728,0.37511217725758605
-0.8576529207253167,0.6836615678839947,0.07197112663535776
-0.8014705323793734,0.6936441822240167,-0.7434409267053145
1.0806394772096564,-0.8636436548197258,-1.331194524768832
2.232378438301452,-1.3278352216308462,-0.429035388353766
0.5469067879232143,-0.07002581478781443,-0.4583020013327483
-0.6656964272100158,0.5938180388237821,-0.052569891904699594
-0.862334786420811,0.5938180388237821,2.017885062978911
-1.255611504842398,1.2576618924353786,0.043388804967035406
-0.7031513527739758,0.8483747044943901,-0.39513664957954914
0.5234974594457401,-0.11494757931792424,-1.1269072496403605
-0.843607323638831,0.7784964041142217,0.5840842159744193
0.9870021632997563,-1.457609208051154,0.953759437110017
-0.7874249352928876,0.7934703256242583,1.2207383238535385
1.375597016025849,-0.8985828050098136,0.7233638165902236
-0.67037829290551,0.5089658169335771,-0.0948380397862152
1.4785980613267409,-1.7620789454218864,-0.545470186752163
1.0150933574727246,-1.352791757480905,-1.5811714043321172
1.0572301487321822,-1.3577830646509195,-0.363817162668588
0.8090912668709411,-1.1930699280405168,0.21740934904709863
0.3221772345394508,-0.10995627214791677,-0.42319259331659514
1.2913234335069375,-0.8985828050098136,1.2563741098009684
-0.7218788155559558,0.6237658818438553,-0.9553606818372974
0.823136863957427,-1.2529656140806633,0.37511217725758605
1.0525482830366881,-1.3577830646509195,-0.4022427516517841
1.0104114917772304,-1.3328265288008536,-0.26091027710400116
1.4036882101988208,-0.8536610404797038,3.3455154812449
-0.7171969498604617,0.6437311105238994,0.09976388140676556
-0.7967886666838793,0.6786702607139872,-0.8348201355749425
-1.3445669530568072,1.1877835920552102,1.0110293560329178
0.9823202976042588,-1.4076961363510367,0.2466759620260809
1.0150933574727246,-1.1980612352105313,2.1297930111683288
-0.7078332184694733,1.1378705203550858,-1.460999322621656
1.0150933574727246,-1.183087313700495,2.083419115422855
0.8184549982619328,-1.1231916276603484,1.5662527979435372
1.0712757458186681,-1.3927222148410001,-1.304243974687467
-0.7452881440334334,0.7186007180740824,-0.15126575401907313
-0.6282415016460557,0.5788441173137455,0.2243575377399507
-0.7078332184694733,0.733574639584119,4.093340608209649
-0.7312425469469475,0.5638701958037089,2.677068146316671
-0.7359244126424417,1.0929487558249833,-0.2703324420738534
1.0104114917772304,-1.43764397937111,-0.07994154433108588
-0.7499700097289275,0.5389136599536503,0.3422135565527949
-0.8248798608568509,0.7285833324141044,0.6164038209548062
-0.6282415016460557,0.21447869390286678,-0.3731340520521849
-0.9044715776802651,0.7934703256242583,0.1524543123275593
-0.6891057556874933,0.988131305254727,2.0815767926633866
-1.433522401271213,1.2476792780953567,-0.6762751026744127
-0.8061523980748709,0.6237658818438553,0.17335151619924258
-0.792106800988385,0.6038006531638042,-0.2974409055346013
1.0150933574727246,-1.4226700578610734,0.37932320070779935
-1.0027907572856627,0.9581834622346538,0.2577298985828907
1.0057296260817363,-1.1880786208705094,1.3283299730064875
0.0038103672457838883,0.9482008478946318,1.2226859221992623
-0.7452881440334334,0.7884790184542508,-0.36092208404656634
0.6030891762691577,-1.0882524774702678,-0.7417565173252292
1.033820820254708,-1.2529656140806633,4.124554819534356
0.9729565662132704,-1.2729308427607144,0.06807592994391068
1.0057296260817363,-1.4326526722010953,0.002278688534328311
-0.8763803835072967,0.7934703256242583,-0.9123029670588666
0.9214560435628246,-1.2529656140806633,0.016596168265053494
-0.8295617265523451,0.5888267316537675,0.9560755000076345
1.0057296260817363,-1.3178526072908172,-0.6381653404499826
0.785681938393467,-0.4343912381986932,-0.43119353787200043
-1.3258394902748272,1.167818363375159,-0.8013951369388747
-0.6610145615145216,0.5638701958037089,-0.21553649942795325
-1.1947472508009638,1.1528444418651225,0.8000044433841051
2.419653066121256,-2.2811748911031384,-0.7214909669710777
-0.7686974725109076,0.6087919603338188,0.5697667362436943
-0.7171969498604617,0.7485485610941556,-0.3340241717583291
-0.9419265032442286,0.9681660765746829,-0.08252079619434134
2.457107991685219,-2.25621835525308,-0.8695084412460743
0.8840011179988646,-1.352791757480905,0.8428516069900249
1.1087306713826282,-0.8886001906697845,-0.23559149860959397
0.9823202976042588,-1.4027048291810222,-0.8706138349017554
0.879319252303367,-1.1930699280405168,0.28425934631923466
-0.6750601586010074,0.5638701958037089,-0.5156771958419041
-1.358612550143293,1.2676445067754007,-0.14979189581149843
0.7997275354799528,-1.1231916276603484,0.511496699251368
0.5141337280547484,-0.08499973629785104,-0.8126069868750674
1.0197752231682222,-1.43764397937111,0.016911995023819456
1.4224156729808008,-1.0283567914301213,-0.6556937255614954
-0.6750601586010074,0.5289310456136211,0.21888320725467358
-0.7640156068154134,0.6187745746738408,-1.5476937679029217
1.0104114917772304,-1.43764397937111,3.274454460522551
-0.7031513527739758,0.7984616327942728,-0.2068512635618883
-0.6656964272100158,0.45905274523345274,3.0402689188975653
-0.7218788155559558,0.658705032033936,-0.3601851549427791
0.9401835063448046,-1.4276613650310879,0.12245077024478952
-0.937244637548731,0.9282356192145877,0.37911264953528867
-1.3867037443162613,1.2476792780953567,-1.0385283949790094
2.424334931816753,-2.246235740913051,-0.4629867649211106
2.480517320162693,-2.266200969593102,-0.19111256341671617
0.6967264901790577,-1.0383394057701505,-0.09536441771749204
-0.7359244126424417,0.6387398033538848,-0.8985118652594182
2.297924558038384,-1.8219746314620326,-1.0355280407707326
-0.8951078462892768,0.7635224826041851,0.08060372470829495
1.3662332846348575,-1.6223223446615496,-0.004774775744778844
1.408370075894315,-0.8486697333096892,0.23114781305341967
1.0525482830366881,-1.3028786857807877,0.541816068092904
1.0853213429051538,-0.8436784261396818,-0.9013543060883121
0.9963658946907447,-1.4226700578610734,-0.6845918739885839
-0.8529710550298193,0.7535398682641631,0.8163747970468089
-0.7218788155559558,0.7984616327942728,0.13671561218238693
1.3615514189393632,-0.9484958767099309,-1.2932426759237847
-1.129201131064032,1.1428618275251006,-0.7823402558266597
-0.899789711984771,1.5920794728261842,0.36053150856122246
1.1040488056871338,-1.233000385400619,0.010016444124095164
0.3221772345394508,-0.12493019365794628,-0.9492546978344881
-0.9466083689397227,0.8334007829843535,-0.19842921666146174
1.0806394772096564,-1.382739600500978,-1.1525944926866614
0.9729565662132704,-1.2479743069106486,0.7531568075004823
0.8512280581303987,-1.297887378610773,0.3065777706053649
1.2304591794654998,-0.6789652895292863,-0.30370480291679364
1.1087306713826282,-1.3777482933309635,-0.46982967802770714
1.0525482830366881,-1.3478004503108902,-0.45135381263989643
-0.7640156068154134,0.9232443120445731,0.8483785752684301
-0.7031513527739758,0.7735050969442142,2.031834078157742
-0.6937876213829874,0.658705032033936,-0.4350887345634477
0.7997275354799528,-1.22301777106059,1.2511103304882014
1.0010477603862422,-1.3428091431408828,0.1870373424124356
1.4785980613267409,-0.6889479038693083,0.2776269843851488
1.0104114917772304,-1.3028786857807877,0.7301540919036921
-1.3258394902748272,1.1927748992252178,0.8815403849388594
-0.899789711984771,0.8034529399642875,0.8945945576345204
-0.63292336734155,0.6087919603338188,0.43359276542242264
0.8980467150853471,-1.3677656789909414,-0.660483764736113
-0.7686974725109076,0.5688615029737164,0.07802447284503973
2.1293773930005604,-1.3328265288008536,-1.1698070510394083
-0.5767409789956098,1.147853134695115,-0.277333268559833
0.8512280581303987,-1.2829134571007363,2.1023687209488147
1.0385026859502022,-1.033348098600136,0.3093149358480037
0.8090912668709411,-1.2829134571007363,4.352107999225255
-1.3211576245793297,1.2177314350752835,-0.33681397479409547
-0.7499700097289275,0.7086181037340533,-0.9564660754929785
1.3990063445033234,-0.8886001906697845,-0.23201212867691262
-0.9419265032442286,0.8383920901543681,-0.42540338062795713
0.9355016406493104,-1.2529656140806633,0.19967041276307543
-1.3305213559703213,1.2476792780953567,0.05465329269635584
0.860591789521387,-1.287904764270751,-0.4308777111132345
-0.8389254579433334,0.733574639584119,0.6910968494029643
-0.8014705323793734,0.7435572539241411,-0.07730965467470241
-0.6656964272100158,0.5638701958037089,-0.3294446837562221
1.370915150330355,-0.9534871838799455,-0.5995818380874036
0.9916840289952504,-0.9235393408598722,0.2621514732056146
-0.5814228446911041,1.2177314350752835,-0.2381181126797219
-0.1132362751415937,0.2793656871130206,-1.0747431966508436
0.9963658946907447,-1.4526179008811464,0.02054400274962835
0.9870021632997563,-0.7787914329295208,-0.21390472784099546
0.5141337280547484,-0.07002581478781443,0.7317332256975222
0.7950456697844553,-1.183087313700495,-0.8845628500805868
-0.7031513527739758,0.7435572539241411,-0.15979307650575503
1.3147327619844116,-0.8486697333096892,1.059298212330987
-0.899789711984771,0.8284094758143461,-0.11589315703728159
2.410289334730267,-2.2911575054431608,-0.5089395583215629
-0.7452881440334334,0.6237658818438553,-1.0724271337532263
-1.152610459541506,1.2526705852653641,0.303735329776471
-0.7171969498604617,1.1228965988450563,-1.0541091817447985
-0.6797420242965017,0.3192961444731159,1.219264465645964
-1.1619741909324979,1.2177314350752835,-0.36481728073801367
-0.6891057556874933,0.5988093459937897,-0.4000846021335499
1.1180944027736197,-1.3178526072908172,1.1326226581578258
1.5535079124546642,-1.5274875084313224,-1.1382243751628087
1.2491866422474798,-1.3627743718209269,-0.6506404974212395
1.3334602247663916,-1.542461429941359,-0.3177590936818804
-0.7125150841649674,0.7635224826041851,0.5944538612205696
-0.7640156068154134,0.5538875814636869,-0.11836713331428196
-1.3258394902748272,1.1628270562051517,-0.8330830884017293
1.2257773137700056,-1.233000385400619,-0.40892775137899773
1.1134125370781223,-1.3677656789909414,-0.31307433009351804
2.4149712004257617,-2.2911575054431608,-0.9249360374095064
1.0150933574727246,-1.4276613650310879,0.123187699348577
-0.7171969498604617,0.6237658818438553,-1.2329197649994796
1.2491866422474798,-1.3577830646509195,-1.074848472237099
-0.8201979951613534,0.7235920252440898,-0.41645495579625397
1.4224156729808008,-0.7089131325493524,0.8267444422929593
0.9542291034312904,-0.7288783612294035,-0.36055361949467263
-0.7874249352928876,0.6836615678839947,-0.760074469333657
0.9635928348222788,-1.4426352865411174,0.11192321161925657
1.0572301487321822,-1.2579569212506778,1.5780436636041346
-0.8529710550298193,0.733574639584119,0.9208081786120983
1.3100508962889175,-1.5025309725812637,0.0351773092391195
-0.7546518754244217,0.733574639584119,-0.42540338062795713
0.364314025798905,0.35423529466320364,-0.437720624219831
-0.7780612039018993,0.6237658818438553,0.2743634412112332
-0.7265606812514533,0.7884790184542508,-0.5158877470144148
2.1246955273050663,-1.3378178359708683,-1.0859024087939086
-0.6891057556874933,0.6387398033538848,-0.3486574782478203
0.6826808930925753,-1.2579569212506778,0.0369143564123324
-0.7593337411199192,1.2576618924353786,-0.8832469052523951
-1.3258394902748272,1.3025836569654885,-0.9504653670764245
-0.7874249352928876,0.7635224826041851,0.7082567699625831
-0.8389254579433334,0.7285833324141044,0.8882253846660728
-0.6376052330370441,0.17454823654277155,0.6301949227542547
0.7903638040889611,-1.1531394706804217,-0.6485349856961329
-0.8529710550298193,0.6786702607139872,-0.00635390953860888
-0.7686974725109076,0.6537137248639214,-1.0772171729278437
-1.358612550143293,1.1628270562051517,1.074142069992989
-0.7218788155559558,0.6387398033538848,-0.9777317439165554
0.6639534303105918,-1.1780960065304873,1.3426474527372128
1.3428239561573831,-0.9584784910499529,-0.44182637208378894
-0.8014705323793734,0.7036267965640458,0.325000998200048
-1.3258394902748272,1.242687970925342,-0.26091027710400116
-0.6844238899919958,0.1495917006927129,0.26246729996438084
-0.7593337411199192,0.6287571890138628,-0.41834991634884994
-0.8342435922478393,1.0080965339347783,0.5252878010508165
-1.3492488187523013,1.2576618924353786,-0.6154784516119587
-0.773379338206405,0.6137832675038262,-0.3725023985346527
-0.9512902346352169,0.9282356192145877,-0.806395727286003
0.9401835063448046,-1.43764397937111,1.2523209997301379
1.1274581341646082,-1.0283567914301213,-0.3204436211313914
0.40645081705836256,0.15458300786272036,-0.683644393712286
-1.3117938931883413,1.212740127905269,-0.8644552131058183
-0.6610145615145216,0.3442526803231816,0.9923955772657239
1.2632322393339657,-1.5624266586214102,-0.1230518969026443
-0.9231990404622484,0.7784964041142217,0.2549400955471248
-0.506512993563184,2.3108277053079127,-1.1820716568381544
-0.7546518754244217,0.9731573837446904,0.890909912115584
-0.6937876213829874,0.3742005233432548,2.0961048235666224
-0.7967886666838793,0.658705032033936,-1.5480095946616876
-0.6469689644280358,1.0080965339347783,0.3602156818024563
-0.881062249202791,1.4273663362157887,-0.42540338062795713
1.0946850742961423,-1.2080438495505534,0.3876399720219703
-0.6984694870784817,0.7136094109040678,-0.08999536281847001
1.0853213429051538,-1.372756986160949,0.3049459990184073
-0.7593337411199192,0.658705032033936,-0.9075129278842491
-1.1807016537144779,1.1628270562051517,1.1385180909881243
-0.8295617265523451,0.8134355543043095,0.4090109160318029
0.9682747005177763,-0.6839565966992938,0.27862710245457445
0.7388632814385153,-1.1581307778504362,2.3979299293606586
-0.8014705323793734,0.7285833324141044,0.16108691040049647
-0.7780612039018993,0.6786702607139872,-0.9317789505161032
1.2210954480745115,-1.5374701227713516,0.5681349646567369
1.0150933574727246,-1.4276613650310879,0.17282513826796572
1.6237358978870902,-1.8818703175021791,-0.42398216021351015
-0.6797420242965017,0.5588788886336944,-0.1414751244973272
-0.8201979951613534,0.6087919603338188,0.10686998347900027
0.766954475611487,-1.183087313700495,-0.1098398108276001
0.5656342507051977,-0.09997365780788764,-0.32307551078777463
-0.8201979951613534,0.8583573188344192,1.8397587710348895
0.9355016406493104,-1.2529656140806633,0.08523585050352998
-0.7686974725109076,0.6437311105238994,-1.366303932784985
-0.7780612039018993,0.7385659467541265,-0.07267752887946785
-0.8061523980748709,0.6237658818438553,-0.10805012586125941
1.0993669399916364,-1.22301777106059,-0.23790756150721126
0.7997275354799528,-1.1531394706804217,-1.3590925551264947
1.1180944027736197,-0.8736262691597478,-0.4199290501426797
1.1087306713826282,-0.8586523476497183,-0.7872882083806602
1.0057296260817363,-1.43764397937111,-0.37534483936354684
1.1321399998601023,-0.3245824804584295,-0.6063194756077449
-0.7078332184694733,0.7235920252440898,5.858285811780286
-0.9325627718532369,0.9482008478946318,0.6810430309155803
0.05062902420073559,0.6287571890138628,-1.067900283544247
-0.5533316505181324,1.71187084490647,-0.8471900169599439
-0.7078332184694733,1.1079226773350197,0.15129628087875052
-0.6750601586010074,0.5039745097635625,0.1265565181087477
1.0853213429051538,-1.4825657439012196,0.961339279320401
0.556270519314206,-0.13990411516798287,-0.2878081893922384
-0.7780612039018993,0.6886528750540092,-1.0117883960701552
0.9963658946907447,-1.43764397937111,0.4090109160318029
-1.1245192653685379,1.147853134695115,0.14203202928828143
1.4177338072853034,-0.8486697333096892,1.219369741232219
2.194923512737492,-1.4226700578610734,-0.6253217189268321
1.0806394772096564,-1.1930699280405168,0.677726849948537
0.7060902215700494,-1.203052542380546,3.0109496681254555
1.0806394772096564,-1.2729308427607144,3.465792838541617
2.7988841874563604,-0.489295617068825,-0.9424644225210191
-0.7312425469469475,0.8034529399642875,0.39011394829897045
-0.4503306052172406,0.7086181037340533,-0.1565821711249674
-0.7312425469469475,0.6786702607139872,-1.1272230763991264
0.7060902215700494,-1.033348098600136,0.1601920679173259
0.5234974594457401,-0.1049649649779022,-1.3564606654701112
0.43454201123133424,-0.015121435917682603,-1.2786620072274213
0.9916840289952504,-1.4626005152211685,-0.4776727092037293
-0.1132362751415937,0.28934830145304974,-1.1947573649819216
1.2351410451609974,-1.5374701227713516,0.6676730314611529
-1.3117938931883413,1.297592349795474,-0.485147275827858
-0.7780612039018993,0.6187745746738408,-0.7023834480657349
0.9589109691267846,-1.1581307778504362,1.2983790687168457
-1.3679762815342813,1.3025836569654885,-0.7442831313953571
1.1040488056871338,-1.2529656140806633,0.6212464979225518
1.0057296260817363,-1.307869992950795,-0.5240992427423307
-0.1600549320965454,-0.5441999959389568,-1.0032610735834733
1.5488260467591668,-0.19979980120812926,-1.00220831772092
-0.7546518754244217,0.5788441173137455,-0.0766780011571705
-0.7499700097289275,0.6038006531638042,-0.938411312450189
-0.7312425469469475,1.082966141484954,-0.9499389891451478
-0.9840632945036827,0.903279083364522,3.5605408661714155
-0.8529710550298193,0.8234181686443315,0.9127545962635655
0.5422249222277201,-0.12493019365794628,-1.1502784297890443
-0.6844238899919958,0.3143048373031084,0.8934891639788397
-0.024280826927187797,0.10966124333261766,-1.4108881435641183
1.0900032086006481,-1.2429829997406412,0.058390576008420056
1.4224156729808008,-1.1132090133203263,0.35895237476739245
-0.6610145615145216,0.3442526803231816,1.2654804480120545
-0.8529710550298193,0.7186007180740824,0.8023731440748497
1.4973255241087209,-1.213035156720568,-0.23790756150721126
1.4785980613267409,-1.7271397952318057,-0.26091027710400116
0.9916840289952504,-1.4326526722010953,0.23820127733252683
0.7435451471340094,-1.1032263989803044,0.6448808670368734
-0.792106800988385,0.7385659467541265,0.11260750292991603
-0.6891057556874933,0.7485485610941556,0.18087872061649854
0.7810000726979694,-1.1531394706804217,0.23914875760882495
-0.6797420242965017,0.6087919603338188,-0.2974409055346013
1.675236420537536,-0.7538348970794622,-0.7314395098722066
1.5394623153681783,-0.8237131974596306,0.3290541082708782
-0.6001503074730841,0.23943522975292542,0.07449774070548591
0.9963658946907447,-1.4126874435210512,-0.4945168030045824
-0.65165083012353,1.1428618275251006,0.7094674392045195
0.804409401175447,-1.148148163510414,-0.3112846451271774
1.5394623153681783,-0.7638175114194842,-0.44140526973876765
1.0244570888637163,-1.352791757480905,-1.6072797497234395
1.3475058218528775,-0.9534871838799455,-0.6727483705348591
-0.899789711984771,0.903279083364522,2.3648733952764847
1.656508957755556,-1.9816964609024208,-0.8296089940553035
1.0900032086006481,-0.8686349619897404,-0.8060799005272368
1.0010477603862422,-1.4126874435210512,0.2764163151432125
1.0993669399916364,-0.8486697333096892,-0.6261112858237472
0.7575907442204953,-1.1930699280405168,0.33947639131015606
0.9635928348222788,-1.4526179008811464,-0.22185303460327319
-0.6797420242965017,0.7086181037340533,-0.8252400572257071
-0.7265606812514533,1.0979400629949907,-0.48177845706768724
1.9280571680942713,-1.1231916276603484,-0.35218421038737385
-0.9278809061577427,1.6270186230162649,0.3806391455359907
-0.8061523980748709,0.7685137897741997,-0.3454992106601602
2.457107991685219,-2.2412444337430433,-0.6863815589549246
-0.8716985178117993,0.6836615678839947,-0.5734208549029537
1.7033276147105076,-0.5042695385788616,-0.45056424574298143
1.0057296260817363,-1.467591822391183,0.08665707091797692
-0.8763803835072967,0.8084442471342949,0.2529398594082735
1.637781494973576,-1.8269659386320474,0.01322734950488278
-0.7265606812514533,0.6187745746738408,-0.19074409886482244
0.5703161164006918,-0.08499973629785104,0.017122546196330097
0.860591789521387,-1.2928960714407585,-0.6422184505208131
1.0150933574727246,-1.3328265288008536,-0.4809362523776447
1.9374208994852629,-1.0183741770900994,-0.4777779847899846
1.4551887328492668,-0.6190696034891399,-0.8102382861843225
-0.12728187222807955,0.25940045843297654,-0.2866501579434299
1.2257773137700056,-0.39945208800861254,-0.7029624637901393
1.3240964933754031,-1.6672441091916592,0.33126489558224015
0.7763182070024753,-1.1631220850204507,2.0985787998436227
0.8184549982619328,-1.2529656140806633,-0.24554004151072278
-0.63292336734155,0.1795395437127861,0.9945537267839584
-0.6844238899919958,0.6337484961838774,-0.6680109691533692
-0.7031513527739758,0.6537137248639214,-0.7214909669710777
-1.358612550143293,1.157835749035137,1.2961682814054838
-0.7874249352928876,0.6137832675038262,-0.9011437549158015
-0.6984694870784817,1.1827922848851957,0.6781479522935583
1.2913234335069375,-1.5624266586214102,-0.936516351897593
1.9561483622672429,-1.8319572458020548,-1.1011147310078042
-0.7780612039018993,1.0979400629949907,-1.0109988291732401
-1.3492488187523013,1.2277140494153056,-0.7626010834037849
1.0619120144276764,-1.4875570510712273,2.1528483645582464
1.1227762684691138,-0.8786175763297625,-0.8288194271583885
-0.7171969498604617,1.0779748343149467,-0.7071734872403526
-1.2696571019288838,1.1927748992252178,0.6976239357507952
-0.9138353090712568,0.8034529399642875,1.168468995277766
0.9401835063448046,-0.36950424498853934,-0.4583020013327483
2.1808779156510063,-0.7837827400995354,-1.1491730361333632
0.9167741778673304,-1.4027048291810222,-0.41913948324576494
2.354106946384324,-1.3378178359708683,-0.12073583400502678
-0.8248798608568509,0.658705032033936,0.19967041276307543
-0.6984694870784817,1.1129139845050273,-0.866244898072159
-1.3492488187523013,1.167818363375159,-0.2763857882835349
2.3400613492978417,-1.382739600500978,-0.097575205028854
1.0150933574727246,-1.3028786857807877,1.5170364613691698
-0.6797420242965017,0.7635224826041851,0.7452611385313326
-0.5580135162136298,0.13960908635268376,-0.33834047079479773
0.9823202976042588,-1.4027048291810222,-0.8969327314655882
1.319414627679909,-1.5624266586214102,0.05575868635203682
1.3662332846348575,-0.9534871838799455,0.5209188642212202
-0.8248798608568509,0.6886528750540092,-0.09052174074974662
0.6358622361376235,-0.42939993102868573,-0.4747249927885801
0.9870021632997563,-1.3028786857807877,-0.8027637195601939
-0.8576529207253167,0.8633486260044267,0.2607828905842957
0.4392238769268284,-0.015121435917682603,-1.0724271337532263
-0.7827430695973934,1.06300091280491,4.562343344977152
0.9589109691267846,-0.7338696683994181,-0.9703624528786821
-1.2743389676243813,1.2476792780953567,3.402890675754056
1.0993669399916364,-0.40943470234863455,-0.9050389516072488
0.8699555209123787,-1.3378178359708683,0.40316812099463156
-0.9793814288081886,0.9282356192145877,3.458739374262509
-0.8295617265523451,0.8034529399642875,-0.0470429236262947
-0.7967886666838793,0.658705032033936,-0.30475755877934685
-0.6984694870784817,0.8433833973243827,0.002278688534328311
0.9870021632997563,-0.9235393408598722,0.490283668620919
-0.8201979951613534,0.8483747044943901,-0.16000362767826565
-1.1245192653685379,1.242687970925342,0.14703261963540973
-0.6984694870784817,1.0080965339347783,0.7859501526190183
2.25578776677893,-1.3677656789909414,-0.9730469803281931
1.731418808883476,-0.2996259446083709,0.13071490376583297
0.2800404432799933,0.11465255050262514,-0.16295134409341486
1.1180944027736197,-1.1731046993604728,0.17687824833879592
-1.3024301617973497,1.9863927392571292,0.5286566198109873
1.6846001519285243,-0.7139044397193669,0.09049962981629646
0.8371824610439128,-1.2729308427607144,0.6746738579471325
1.3100508962889175,-1.5774005801314468,-0.8865630862194381
1.2585503736384716,-1.3577830646509195,-0.5811059726995927
-0.8342435922478393,0.7086181037340533,0.10918604637661777
0.27067671188900494,0.10966124333261766,-1.1753340193178132
-0.6937876213829874,0.1945134652228156,-0.7653382486464234
1.483279927022235,-0.7887740472695499,0.15677061136402765
1.352187687548375,-0.9335219551998942,-0.579526838905763
-0.12728187222807955,0.28934830145304974,-1.4512613308930378
0.7903638040889611,-0.42939993102868573,0.7272063754885432
1.033820820254708,-1.3178526072908172,1.1310435243639958
-0.8295617265523451,0.6237658818438553,1.3519643421208094
-1.222838444973932,1.3425141143255837,0.7311015721799903
-0.67037829290551,0.19950477239283018,-0.8227134431555793
2.297924558038384,-2.3260966556332483,-0.4158759400718496
-0.7593337411199192,0.8783225475144634,0.5728197282450989
-0.7359244126424417,0.6137832675038262,1.735062200503962
-1.3492488187523013,1.327540192815547,0.4793350076503643
-1.358612550143293,1.157835749035137,0.3806391455359907
0.7950456697844553,-1.1581307778504362,-1.6653918733363826
1.0057296260817363,-1.4326526722010953,-0.7638117526457212
-0.6469689644280358,0.5588788886336944,0.05928541849159039
1.5254167182816925,-0.8636436548197258,-0.2105885468739525
-0.7780612039018993,0.6038006531638042,0.07749809491376289
-0.7031513527739758,0.6686876463739581,0.37158544511803226
-0.7265606812514533,0.9631747694046684,-0.2499616161334467
-0.8295617265523451,0.7136094109040678,0.17661505937315772
-0.9231990404622484,0.8783225475144634,1.0551398266739018
-1.3492488187523013,1.2227227422452909,-0.8916689521528217
0.8184549982619328,-0.5791391461290446,-1.024895206558944
0.8886829836943587,-1.2180264638905827,0.965918767322508
-0.7406062783379391,1.1328792131850784,-0.23574941198897684
-1.3913856100117588,1.2726358139454153,1.4509760309939492
-0.6282415016460557,0.5239397384436137,2.040098211678786
1.3287783590708975,-0.9235393408598722,-0.8087117901836203
-0.7265606812514533,0.6537137248639214,-0.19306016176243995
-0.5580135162136298,-0.15986934384803403,0.6348270485494892
1.1134125370781223,-1.118200320490341,-0.8604021030349881
0.9355016406493104,-1.2629482284206852,-0.028198593686590275
1.1087306713826282,-1.1431568563403995,0.7260483440397344
2.335379483602344,-2.3011401197831898,-0.4300881442163194
1.0291389545592105,-1.2180264638905827,1.416498276495328
-0.8248798608568509,0.8833138546844779,0.20314450710950122
-1.3539306844477954,1.2676445067754007,-0.755968721469699
0.9823202976042588,-1.183087313700495,1.2643224165632456
-0.7359244126424417,0.6936441822240167,-0.6644842370138156
-0.8248798608568509,0.8783225475144634,1.151940728235679
1.4177338072853034,-0.8386871189696672,0.6049814198461027
0.9027285807808446,-0.7588262042494768,-0.6317435296884074
1.1789586568150539,-1.3228439144608317,0.864906842310517
-0.67037829290551,0.20449607956284474,-1.0002607193751964
0.841864326739407,-1.2729308427607144,0.7607892875039938
-0.9793814288081886,0.8932964690244999,-0.8283983248133673
-0.8670166521163051,0.7285833324141044,2.1613230492518003
1.0010477603862422,-1.3028786857807877,-0.323970353270945
1.2445047765519857,-1.447626593711132,-0.6868552990930736
0.9776384319087646,-1.2779221499307218,-0.18247996534377897
-0.7125150841649674,0.8383920901543681,-0.09641717358004524
0.823136863957427,-1.2529656140806633,-0.5405222341981625
0.49072439957727426,-1.0283567914301213,-0.8917215899459492
-0.7031513527739758,0.6836615678839947,-0.277333268559833
1.6846001519285243,-0.7438522827394402,-0.8867736373919487
0.30813163745296496,-0.34953901630848816,-0.7531789184339327
-0.7546518754244217,0.9581834622346538,0.28083788976593643
-0.8155161294658593,0.5788441173137455,0.6206148444050195
1.2351410451609974,-1.22301777106059,-0.3469730688677349
-1.3352032216658154,1.2476792780953567,0.444067686254828
-0.8716985178117993,0.6936441822240167,-0.6493245525930477
-0.5580135162136298,1.127887906015064,-0.14210677801485935
-0.7031513527739758,0.7086181037340533,-0.12199914104009087
0.9635928348222788,-1.2579569212506778,-0.2938088978087924
1.1555493283375797,-1.457609208051154,0.5568704769274163
-0.7686974725109076,0.733574639584119,-0.23164366412501888
-0.7359244126424417,1.212740127905269,0.0544427415238452
-0.6750601586010074,0.5089658169335771,-0.4000846021335499
1.4177338072853034,-0.8985828050098136,-0.7823402558266597
-0.6750601586010074,0.5588788886336944,-0.8655079689683717
0.7903638040889611,-1.1531394706804217,-0.6369020334149188
0.2753585775844991,0.24442653692293997,-0.44124735635938456
0.5422249222277201,-0.09997365780788764,-0.46161818229979124
-1.3352032216658154,2.001366660767166,-0.3742394457078659
0.8980467150853471,-1.22301777106059,0.3674270594609465
1.2679141050294631,-1.5574353514513957,0.07181321325597513
-1.3726581472297754,1.2376966637553275,-1.2958219277870404
1.6799182862330302,-0.7438522827394402,-0.813607104944493
-0.6750601586010074,0.25940045843297654,-0.5139927864618188
-0.7452881440334334,0.6736789535439726,-1.239288937967927
-0.5392860534316498,1.2077488207352542,-0.9188826911998249
-0.7593337411199192,0.7385659467541265,-0.17042591071754354
0.785681938393467,-1.1132090133203263,0.623036182888892
-0.7078332184694733,1.0130878411047857,0.6646200394597483
0.5328611908367318,-1.0383394057701505,0.4875465033782802
-0.8857441148982851,0.7884790184542508,0.33442316316990023
-1.3492488187523013,1.2027575135652468,-0.47383015030540976
-0.6235596359505616,0.4340962093833941,1.1936298603927906
1.1695949254240656,-0.9484958767099309,-0.8468215524080503
-0.8201979951613534,0.6836615678839947,0.17772045302883893
1.0150933574727246,-1.3128613001208096,0.4744923306826191
1.1180944027736197,-1.2579569212506778,0.006173885225775626
0.6264985047466318,-0.489295617068825,-0.8112384042537482
1.5254167182816925,-0.6190696034891399,-0.4875686143117306
-1.3820218786207672,1.2376966637553275,-0.5588928239997178
-1.4101130727937388,1.2926010426254593,0.4401198517702534
2.049785676177143,-1.2779221499307218,-0.9188826911998249
-0.7874249352928876,0.6487224176939139,-0.8238188368112602
0.6218166390511377,-1.1980612352105313,-0.6893819131632014
-0.7686974725109076,0.5638701958037089,1.1019348247643967
-0.881062249202791,0.7136094109040678,0.10992297548040525
1.5909628380186243,-0.8985828050098136,-0.5512077062030786
-0.8014705323793734,0.6537137248639214,-0.9947337510967914
0.804409401175447,-1.2080438495505534,0.2654676541726578
-0.6797420242965017,0.6137832675038262,0.002278688534328311
-0.7452881440334334,1.082966141484954,-0.44514255305083184
0.6358622361376235,-1.1780960065304873,0.45364776460406336
0.9261379092583187,-0.03508666459773377,-0.6247427032024278
0.2332217863250449,0.2693830727729986,-1.1370137059208725
1.6143721664960984,-0.7039218253793449,-0.4370889707022991
-0.8529710550298193,0.818426861474317,0.5408159500234783
-0.5673772476046182,0.3442526803231816,1.186313207148045
-0.7499700097289275,0.8932964690244999,1.1308856109846128
1.3006871648979257,-0.48430430989881756,-0.6863815589549246
0.518815593750246,-0.11494757931792424,-1.6168598280726747
-0.862334786420811,0.8234181686443315,-0.5308368802626718
-1.3867037443162613,1.2376966637553275,-0.9573082801830209
-0.65165083012353,0.5588788886336944,-0.41277031027731725
-0.7967886666838793,0.6786702607139872,-0.7171220301414813
-0.8014705323793734,0.6886528750540092,-0.9433592650041895
-0.773379338206405,0.7485485610941556,0.05165293848807886
-0.1132362751415937,0.28934830145304974,-1.0731640628570136
0.49540626527276843,0.2244613082428888,-0.8647710398645845
-0.6750601586010074,0.33427006598315245,3.257663004514826
-0.8061523980748709,0.7136094109040678,-0.3949260984070385
-0.7967886666838793,0.6137832675038262,-0.8280298602614735
2.8316572473248263,-2.16637482619286,-0.4747249927885801
1.2257773137700056,-1.522496201261315,0.11871348693272507
0.27067671188900494,-0.7787914329295208,-0.35676369838948085
0.9870021632997563,-1.4226700578610734,-0.8221870652243026
0.5281793251412343,-0.1049649649779022,-1.124485911156488
0.7154539529610378,-1.203052542380546,0.777001727787315
-0.6844238899919958,0.19950477239283018,-0.14947606905273247
-0.8951078462892768,1.637001237356287,-0.3650804697036521
-0.65165083012353,0.5688615029737164,0.4274341436264856
-0.7359244126424417,1.5022359437659647,-0.700172660754373
0.9916840289952504,-1.4176787506910586,-0.7792346260321273
1.0946850742961423,-1.382739600500978,-0.8066589162516412
1.370915150330355,-0.9335219551998942,-0.08104693798676686
-0.8248798608568509,0.9981139195947561,-0.8690347011079252
1.319414627679909,-1.5823918873014542,0.11008088885978788
1.675236420537536,-1.8070007099519962,-0.14684417939634922
-1.3820218786207672,1.2277140494153056,-1.0316854818724128
0.7763182070024753,0.004843792762361468,-0.409664680482785
-0.06173575249114783,0.1495917006927129,-0.5494180212367379
1.0431845516456963,-1.4526179008811464,1.2320554493759865
-0.899789711984771,0.6387398033538848,0.3631633982176057
-0.7078332184694733,0.7884790184542508,-0.7006990386856499
-0.7499700097289275,0.5588788886336944,-0.0470429236262947
0.9448653720402987,-0.723887054059389,-0.4243506247654039
-0.7359244126424417,1.2027575135652468,-1.081954574309334
-0.16941866348753373,0.6137832675038262,-0.7784976969283398
-0.7967886666838793,0.6038006531638042,-0.6267429393412791
1.0900032086006481,-1.203052542380546,-0.3755027527429297
1.0104114917772304,-1.4226700578610734,-0.6369020334149188
1.4036882101988208,-0.9085654193498356,-0.03362028637873985
-0.7967886666838793,0.6686876463739581,-0.9500442647314031
-0.24432851461545713,-0.4992782314088471,-0.18237468975752366
1.516052986890701,-0.4643390812187664,0.5725039014863331
-0.8295617265523451,0.6187745746738408,0.06807592994391068
1.2304591794654998,-1.22301777106059,-0.3498155096966288
1.0900032086006481,-0.8486697333096892,-1.366303932784985
0.9074104464763387,-0.6689826751892571,-0.9572556423898935
1.3428239561573831,-0.5392086887689495,-0.642534277279579
-1.3024301617973497,1.1827922848851957,0.4834407555143225
1.637781494973576,-1.0183741770900994,-1.2622390157715897
-0.7499700097289275,0.6936441822240167,-0.8588756070342858
1.1321399998601023,-0.8386871189696672,-0.1564242577455843
-0.8155161294658593,0.7485485610941556,-0.16553059595667055
-0.6469689644280358,0.2244613082428888,-0.16221441498962763
0.7622726099159894,-1.22301777106059,3.366675874082222
-0.7593337411199192,0.5688615029737164,1.3435949330135104
-0.862334786420811,1.572114244146133,0.5651872482415874
0.9870021632997563,-1.4176787506910586,0.14266368280581335
1.0104114917772304,-1.4276613650310879,0.277890173350787
-1.3492488187523013,1.1877835920552102,2.255070958812173
0.804409401175447,-1.1431568563403995,-0.7231753763511631
1.1180944027736197,-0.8486697333096892,-0.4677241663026005
0.7950456697844553,-1.1681133921904583,0.5341309502962645
-1.1385648624550204,1.9814014320871216,-0.7472308478105065
-0.7265606812514533,1.1778009777151883,-0.42740361676680844
-0.6282415016460557,0.5588788886336944,-0.8070273808035349
0.2753585775844991,0.1196438576726397,0.17393053192364694
-0.10855440944609952,0.07472209314252991,-0.5397853050943751
1.408370075894315,-0.9185480336898577,-0.815502065497089
0.42986014553583674,-1.1731046993604728,-0.14247524256675287
-0.11791814083708788,0.3143048373031084,-0.06178150570204116
-0.7406062783379391,0.7136094109040678,0.002278688534328311
0.766954475611487,-1.118200320490341,1.0794584870988833
1.0244570888637163,-1.3378178359708683,1.059245574537859
-0.6937876213829874,0.5688615029737164,-0.5399958562668856
1.413051941589809,-0.6989305182093304,0.10565931423706397
1.2866415678114431,-1.7520963310818642,0.024228648268565026
1.0385026859502022,-1.2829134571007363,1.819177393921972
-0.7686974725109076,0.5538875814636869,-0.3534475174224379
0.8980467150853471,-1.213035156720568,0.1518226588100269
1.0619120144276764,-1.3028786857807877,2.703334405087376
1.5488260467591668,-1.0932437846402823,-0.136632447529582
1.6471452263645643,-1.0233654842601139,-1.0175785533141986
1.2398229108564915,-1.3577830646509195,-0.1381063057371567
0.804409401175447,-1.2429829997406412,2.2051176931340186
1.0431845516456963,-1.3028786857807877,2.677383973075437
-0.7359244126424417,0.9132616977045511,-0.5118346369435846
1.3802788817213432,-0.9534871838799455,-1.3820952707232848
1.0057296260817363,-1.447626593711132,0.13855793494185514
0.9823202976042588,-1.183087313700495,1.187418600803726
0.5515886536187118,-0.1349128079979754,2.018937818841464
-0.6656964272100158,0.35423529466320364,0.15103309191311234
-0.6376052330370441,0.16955692937275696,-0.030619932170462875
-0.7171969498604617,0.978148690914705,-0.14073819539353996
-1.2509296391469038,1.2676445067754007,0.13176765962838666
1.1087306713826282,-1.108217706150319,-0.13626398297768827
-0.61419590455957,0.5488962742936724,0.5411844145753716
1.2819597021159457,-1.203052542380546,-0.5405222341981625
0.860591789521387,-1.3328265288008536,0.6508289376602998
0.7950456697844553,-0.44437385253871525,1.2900622974026748
1.0759576115141622,-0.808739275949594,-0.9050389516072488
1.0104114917772304,-1.3278352216308462,-0.4921481023138374
1.3662332846348575,-0.9435045695399163,-1.1101684314257627
1.3662332846348575,-0.8886001906697845,0.06460183559748464
0.6171347733556435,-0.2247563370581879,-1.0672686300267151
0.42986014553583674,-1.183087313700495,-0.24522421475195683
-0.6563326958190274,0.49898320259355505,0.5773992162472059
0.3128135031484591,0.1795395437127861,-1.0302116236648382
-0.7218788155559558,0.6387398033538848,-0.8100803728049394
-0.7406062783379391,0.5888267316537675,0.7113097619639882
-0.918517174766751,0.7884790184542508,0.08834148029806205
-0.7686974725109076,0.5488962742936724,-0.5416276278538434
-0.7265606812514533,0.7136094109040678,-0.8023426172151725
0.4579513397088084,0.009835099932376032,-1.202600396157944
-0.8389254579433334,0.8234181686443315,-0.3020203935367083
1.3849607474168408,-0.8886001906697845,0.7651582243335902
-0.7031513527739758,0.9581834622346538,1.0854591955154373
0.9963658946907447,-1.3278352216308462,0.14482183232404774
-0.7593337411199192,0.5439049671236578,-0.20290342907731343
-0.7452881440334334,0.8034529399642875,-0.37455527246663184
0.9776384319087646,-1.4426352865411174,0.11308124306806486
1.4973255241087209,-1.3178526072908172,-0.37755562667490883
-1.2930664304063613,1.9814014320871216,0.13613659645798257
1.9514664965717454,-0.43938254536870774,-1.09895658148957
-0.5580135162136298,-0.0899910434678656,-1.0672159922335873
-0.7967886666838793,0.5988093459937897,0.3035774163970879
-1.2087928478874495,1.3524967286656058,-0.12415729055832528
-0.7686974725109076,0.6237658818438553,-0.6736432130180294
-0.7031513527739758,0.6886528750540092,-0.39055716157744236
-0.6891057556874933,0.6237658818438553,1.2549002515933936
-0.7452881440334334,0.6886528750540092,-0.5350479037128851
1.0197752231682222,-1.2729308427607144,2.00077778021242
-0.8155161294658593,0.6287571890138628,-0.056201899630508485
-0.6750601586010074,0.6038006531638042,0.6899388179541556
-0.862334786420811,0.8483747044943901,0.1691404927490293
1.4224156729808008,-0.8736262691597478,-0.5411538877156944
1.3802788817213432,-0.9584784910499529,-1.298717006409062
0.823136863957427,-1.1531394706804217,1.702479406557937
0.3128135031484591,0.13960908635268376,0.7784229482017619
0.5703161164006918,-0.9135567265198502,-0.6373757735530676
1.3475058218528775,-0.6140782963191252,-0.3925047599231659
-0.843607323638831,0.6387398033538848,0.14061080887383448
-1.3445669530568072,1.2726358139454153,-0.40040042889231586
1.0244570888637163,-1.3128613001208096,1.2946417854047811
-0.6891057556874933,0.7086181037340533,-1.1467516976494907
-0.7312425469469475,0.6087919603338188,0.07749809491376289
-0.8248798608568509,0.9981139195947561,-0.8092381681148969
-0.8342435922478393,0.7635224826041851,1.913399043620494
1.0431845516456963,-1.3478004503108902,-1.0664264253366724
-0.13196373792357372,0.28934830145304974,-1.161964019863386
0.9823202976042588,-1.4326526722010953,0.27325804755555244
-0.6984694870784817,0.7435572539241411,1.1818389947321934
-0.937244637548731,0.9531921550646464,0.8621170392747506
-0.7827430695973934,0.5988093459937897,0.5286566198109873
-1.110473668282052,1.1528444418651225,0.24857092257867716
1.0150933574727246,-1.3178526072908172,-0.5146770777724784
-0.6422870987325416,0.18952215805280814,0.6866752747802405
-0.7218788155559558,0.6786702607139872,-0.7408616748420588
1.0572301487321822,-1.3577830646509195,0.6234572852339137
0.9963658946907447,-1.457609208051154,-0.1792164221698638
-1.236884042060418,1.2776271211154229,2.3990879608094673
0.8559099238258929,-1.3028786857807877,5.858285811780286
1.2772778364204516,-1.5574353514513957,-0.730597305182164
-0.862334786420811,0.6237658818438553,-0.1005229214440032
-1.3258394902748272,2.5054886849383813,-1.366303932784985
2.157468587173532,-2.0515747612825894,-1.1294338637104884
1.1227762684691138,-0.8736262691597478,0.5286566198109873
1.0291389545592105,-1.2928960714407585,1.92092624803775
0.9682747005177763,-0.5342173815989348,-1.039528513048435
-0.7686974725109076,0.5488962742936724,-0.45040633236359834
-0.7125150841649674,0.733574639584119,1.49245461197855
1.0619120144276764,-1.3428091431408828,2.1137911220575183
-0.8716985178117993,0.7934703256242583,-0.12494685745524006
1.4177338072853034,-0.808739275949594,1.1832075773535127
-0.8014705323793734,0.6886528750540092,-0.40634849951574203
-0.7546518754244217,0.733574639584119,0.5474483119575642
-0.8482891893343251,0.6387398033538848,-0.22801165639920998
-0.7171969498604617,1.0779748343149467,-0.39055716157744236
-0.543967919127144,0.5439049671236578,-0.26091027710400116
-1.3632944158387872,1.2876097354554519,-0.02167150733875972
-0.8014705323793734,0.8284094758143461,0.44822607191191377
-0.05237202110015616,0.14460039352269832,-0.8625076147600947
-0.6891057556874933,0.6287571890138628,0.03986207282748183
-0.7546518754244217,0.7036267965640458,-1.052319496778458
-0.6422870987325416,0.5638701958037089,0.024228648268565026
-0.6937876213829874,0.6636963392039505,-1.1267493362609775
1.7173732117969902,-1.467591822391183,-1.1182220137742958
0.7950456697844553,-1.1032263989803044,1.4787687857653566
0.9401835063448046,-1.2429829997406412,0.15503356419081452
-0.16941866348753373,-0.5441999959389568,-1.1491730361333632
-0.7312425469469475,0.9631747694046684,-0.6207948687178529
-0.543967919127144,-0.1199388864879388,1.8963970364402578
1.0853213429051538,-1.4725831295611906,2.1158966337826244
-0.5720591133001157,-0.07002581478781443,-0.0991543388226838
-0.6937876213829874,0.7784964041142217,0.02201786095720307
2.382198140557296,-2.2212792050629924,-0.03219906596429291
0.5703161164006918,-1.0782698631302456,-0.11052410213825979
0.8090912668709411,-1.118200320490341,1.9531932152250093
-0.8857441148982851,0.8833138546844779,1.4164456387022004
0.8512280581303987,-1.2928960714407585,0.1889849407581594
-0.562695381909124,-0.07002581478781443,-0.8807729289753947
-0.862334786420811,0.8234181686443315,0.3701642247035853
0.9448653720402987,-1.2629482284206852,0.3011034401200878
-0.810834263770365,0.7685137897741997,-0.07362500915576597
0.7763182070024753,-0.015121435917682603,-0.6556937255614954
0.7622726099159894,-1.1531394706804217,-0.03472568003442083
1.619054032191596,-0.7488435899094477,-0.5180985343257767
0.3128135031484591,-0.04007797176774833,-0.8022373416289172
-0.7125150841649674,1.0929487558249833,-0.3859250357822076
-1.0121544886766545,0.9382182335546098,-0.005616980434821639
-0.7218788155559558,0.6038006531638042,-0.6688531738434118
-0.8248798608568509,0.7635224826041851,1.2782187939489498
0.612452907660146,-0.723887054059389,-0.7175957702796305
1.923375302398777,-1.1331742420003776,-0.8467162768217948
-0.8248798608568509,1.0080965339347783,0.03723018317109836
1.0104114917772304,-1.352791757480905,-0.6981197868223942
1.394324478807829,-0.883608883499777,-0.9359373361731886
1.0712757458186681,-0.8636436548197258,-1.1060626835618048
-0.792106800988385,0.6537137248639214,-1.168912208556238
1.2257773137700056,-1.213035156720568,0.5535016581672456
0.8184549982619328,-1.2529656140806633,-0.25211976565168087
1.356869553243869,-0.9335219551998942,-0.8124490734956845
0.9823202976042588,-1.1731046993604728,-0.73091313194093
0.6171347733556435,-0.2397302585682245,-0.8516642293757956
-0.7078332184694733,0.8633486260044267,0.27441607900436116
1.1742767911195597,-1.4825657439012196,1.9320854601808153
1.3240964933754031,-1.552444044281388,0.444067686254828
0.9916840289952504,-1.4426352865411174,3.6247589737871677
1.1415037312510938,-1.297887378610773,1.362913003091364
-0.8716985178117993,0.6936441822240167,-0.6832759291603924
-1.3726581472297754,1.2177314350752835,-1.0105250890350912
0.949547237735793,-1.4326526722010953,0.47017603164615024
0.8090912668709411,-1.213035156720568,2.497573271751331
-0.8014705323793734,0.7136094109040678,-0.34055125810615966
-1.1385648624550204,1.0979400629949907,-0.9703624528786821
-0.7359244126424417,0.7635224826041851,-0.9118818647138452
-1.1385648624550204,1.2876097354554519,-0.37655550860548315
-0.8951078462892768,1.5970707799961918,-0.4571966076770673
1.427097538676295,-0.8886001906697845,0.23220056891597288
2.410289334730267,-2.2811748911031384,-0.2362231521271259
1.0385026859502022,-1.3328265288008536,1.7826994032844994
-0.8670166521163051,0.8583573188344192,-0.2509617342028724
-0.8763803835072967,0.7136094109040678,0.45554272515665956
-1.377340012925273,1.23270535658532,-1.3840428690690085
0.9870021632997563,-0.9285306480298868,-1.145909492959448
0.841864326739407,-1.3478004503108902,5.858285811780286
0.8933648493898529,-1.2080438495505534,0.7672637360586966
-0.9934270258946744,0.9432095407246172,1.2609009600099474
-0.7171969498604617,0.9282356192145877,-0.8366098205412832
0.42986014553583674,-1.0083915627500772,0.6885702353328362
0.6218166390511377,-0.18981718686810722,-0.6642736858413051
0.8325005953484154,-1.1431568563403995,0.8614853857572187
1.8859203768348136,-0.45435646687874437,-1.0457924104306273
-0.7265606812514533,1.2027575135652468,0.33652867489500665
0.8090912668709411,-1.2080438495505534,0.42396004928005976
1.1227762684691138,-0.8536610404797038,0.029387151995076185
-0.7593337411199192,0.6487224176939139,-1.283294133022656
-0.7312425469469475,0.6736789535439726,-0.9776791061234277
-0.7031513527739758,1.127887906015064,-0.8338726552986444
1.2679141050294631,-1.4126874435210512,-0.1540029192617117
1.0712757458186681,-1.4875570510712273,1.1779437980407463
-0.8763803835072967,0.7735050969442142,-0.12726292035285758
1.1134125370781223,-1.2779221499307218,-0.8807729289753947
1.0900032086006481,-0.8037479687795865,-0.6885923462662866
-0.8529710550298193,0.7186007180740824,0.48101941703044987
-1.2415659077559154,2.00635796793718,-0.3218122037527106
0.804409401175447,-1.2080438495505534,0.3537412332477535
-0.7171969498604617,0.9581834622346538,-0.14247524256675287
-0.7640156068154134,0.6487224176939139,-1.0416866625666694
-0.810834263770365,0.6886528750540092,-0.683644393712286
1.3990063445033234,-0.9584784910499529,0.02296534123350095
1.1227762684691138,-1.0383394057701505,-0.22659043598476306
0.6077710419646518,-1.0982350918102897,-0.754389587675869
-0.7406062783379391,0.6836615678839947,-0.8320303325391761
-0.9091534433757626,0.8783225475144634,-0.7618641542999977
-0.8155161294658593,0.6886528750540092,-0.9283048561696771
-0.810834263770365,0.8483747044943901,1.5560410660767705
1.431779404371789,-0.8636436548197258,-0.09010063840472533
-0.7640156068154134,0.9332269263845951,0.9640238067699117
-0.6797420242965017,0.18453085088279356,0.18451072834230745
-0.7452881440334334,0.6786702607139872,-0.8834574564249058
-0.6422870987325416,0.6337484961838774,0.17145655564664633
-1.3305213559703213,2.001366660767166,-1.3335105876664493
0.7997275354799528,-1.4027048291810222,2.0563632897552346
1.2351410451609974,-1.233000385400619,-0.36076417066718347
1.5394623153681783,-0.21477372271816586,-0.1951130356944188
-0.8014705323793734,1.3974184931957156,-1.1491730361333632
-0.7265606812514533,0.6936441822240167,-0.5021492830080939
0.7763182070024753,-1.1231916276603484,0.6062973646742945
-0.7312425469469475,0.5439049671236578,4.735205857608408
-0.8482891893343251,0.6287571890138628,0.853694992374324
-0.7780612039018993,0.7435572539241411,0.4014310738214189
1.0057296260817363,-0.8287045046296452,0.5012323295914732
-0.7780612039018993,0.7685137897741997,0.4102215852737392
-0.8857441148982851,1.2277140494153056,-0.9224620611325063
-0.14600933501005955,-0.6240609106591474,-0.2499616161334467
0.5843617134871777,-0.07002581478781443,1.6158902368629264
-0.7686974725109076,0.6187745746738408,-0.3486574782478203
1.0572301487321822,-1.3577830646509195,0.6826221647094103
-0.7359244126424417,0.6287571890138628,-0.9091446994712067
-0.7780612039018993,0.5788441173137455,0.9071749901920327
-0.36137515700283473,0.6137832675038262,-0.5584717216546966
-1.3492488187523013,1.167818363375159,-0.23269641998757232
0.9963658946907447,-0.9235393408598722,0.16571903619573103
0.8278187296529211,-1.1331742420003776,1.5775699234659857
-1.1619741909324979,1.2177314350752835,-0.20390354714673908
0.4673150710998001,-1.0233654842601139,-0.12742083373224045
-0.6797420242965017,0.3143048373031084,0.8671702674150065
-0.7967886666838793,0.6087919603338188,-0.9267783601689749
1.2445047765519857,-1.3577830646509195,-0.7531789184339327
-0.67037829290551,0.5488962742936724,-0.5096238496322226
-0.7967886666838793,0.8034529399642875,-0.04983272666206103
2.443062394598733,-1.43764397937111,-0.5774739649737839
1.375597016025849,-0.9335219551998942,-0.04983272666206103
-0.7359244126424417,1.082966141484954,0.02549195530362887
-0.6937876213829874,0.658705032033936,-0.09641717358004524
-0.7078332184694733,0.6836615678839947,-0.500728062593647
0.4485876083178201,-1.1780960065304873,0.6271419307528502
1.2913234335069375,-0.4942869242388396,-0.6337437658272587
1.6330996292780784,-0.9984089484100481,-0.9425696981072745
0.766954475611487,-1.1531394706804217,0.9573914448358259
0.9916840289952504,-1.43764397937111,0.5681349646567369
0.8933648493898529,-1.3627743718209269,-0.48962148824370944
-0.6095140388640757,0.339261373153167,-0.3925047599231659
0.3689958914944025,-0.8686349619897404,-0.63574400196611
-0.9278809061577427,0.8034529399642875,2.0921569890820475
-0.12260000653258538,0.2843569942830352,-0.8682451342110102
0.785681938393467,-1.1531394706804217,0.37311194111873475
0.5141337280547484,-0.12992150082796083,-0.7669173824402534
-0.881062249202791,0.8783225475144634,-0.08820567785212934
0.4860425338817801,-1.0233654842601139,-0.5139927864618188
0.6264985047466318,-1.203052542380546,-0.07546733191523419
-0.6844238899919958,0.6786702607139872,2.243332730944704
1.0104114917772304,-1.3228439144608317,0.017964750886372657
1.3615514189393632,-0.8736262691597478,-0.4744618038229417
2.31197015512487,-1.372756986160949,-0.2574361827575751
1.2632322393339657,-1.3278352216308462,0.8770135347298804
1.3240964933754031,-1.552444044281388,1.8052810165362683
-0.7312425469469475,0.6986354893940312,0.002278688534328311
1.2819597021159457,-1.2180264638905827,1.0039758917538102
-0.35669329130734057,-0.43938254536870774,1.9470345934290727
-0.9887451601991769,0.9282356192145877,1.173838050176788
0.9214560435628246,-1.457609208051154,0.10992297548040525
1.1227762684691138,-1.4925483582412418,1.3971275686243467
-0.7359244126424417,0.5688615029737164,0.16850883923149737
1.408370075894315,-0.9285306480298868,-0.9627299728751706
1.3240964933754031,-1.5873831944714687,-0.6486402612823883
-0.67037829290551,0.5139571241035845,0.15213848556879309
0.49072439957727426,-1.043330712940158,-1.5155847140950454
-0.7359244126424417,0.7086181037340533,-0.19248114603803557
-1.2696571019288838,1.1378705203550858,1.5588835069056644
-0.9934270258946744,0.8932964690244999,1.4460280784399484
-0.7780612039018993,1.0779748343149467,0.2454652927841446
-0.6422870987325416,0.5788441173137455,-0.7050153377221184
1.431779404371789,-1.0083915627500772,2.193537378645932
0.9916840289952504,-1.297887378610773,-1.1849140976670482
0.8371824610439128,-1.2779221499307218,-0.17595287899594841
-0.6563326958190274,1.0779748343149467,1.1958932854972801
1.0712757458186681,-1.2280090782306046,1.428604968914691
-0.881062249202791,1.6769316947163893,-0.4228767665578292
-0.6656964272100158,0.3442526803231816,1.4288155200872017
0.5703161164006918,-0.9185480336898577,-0.5194144791539683
1.0572301487321822,-1.352791757480905,1.0109240804466622
-0.7406062783379391,0.7984616327942728,-0.5405222341981625
-0.7874249352928876,0.7136094109040678,0.7005190143728166
0.9916840289952504,-1.297887378610773,-0.8119753333575355
1.1180944027736197,-1.1631220850204507,-0.13436902242509227
-0.7312425469469475,0.7086181037340533,-0.3925047599231659
-0.6891057556874933,0.5638701958037089,0.13218876197340793
0.4860425338817801,-1.043330712940158,-0.4019269248930181
-1.3258394902748272,1.1628270562051517,-0.7388088009100799
-0.7265606812514533,0.5938180388237821,-0.516782589497585
-1.3632944158387872,1.2576618924353786,-0.24211858495742453
0.8137731325664354,0.5588788886336944,0.2454652927841446
-0.4316031424352606,-0.4493651597087298,0.9195975093701619
-0.6984694870784817,1.157835749035137,-0.8540329300665404
-0.8904259805937826,0.8433833973243827,-0.35107881673169283
-0.7171969498604617,0.7435572539241411,-0.17863740644545945
-0.6797420242965017,0.573852810143731,-0.3766607841917385
-0.7686974725109076,0.6636963392039505,-1.0504771740189895
-0.6376052330370441,0.5588788886336944,0.6626724411140246
-1.204110982191952,1.1378705203550858,1.2002622223268764
-0.7312425469469475,0.8932964690244999,0.056706166628334935
-1.218156579278438,1.2376966637553275,1.3424895393578298
1.3240964933754031,-1.1231916276603484,-0.08546851260949077
0.6218166390511377,-0.24971287290824654,-0.8321356081254314
-1.3492488187523013,1.2177314350752835,-0.675590811363753
1.2679141050294631,-1.3677656789909414,0.34668776896864634
-0.7265606812514533,1.0679922199749174,0.20651332586967194
-0.7171969498604617,0.7285833324141044,-0.28833456732351503
-0.8857441148982851,0.8533660116644047,-0.23459138054016831
1.3053690305934231,-0.5392086887689495,-0.6647474259794539
-0.7452881440334334,0.7086181037340533,-0.04804304169572036
-1.3679762815342813,1.212740127905269,-1.38604310520786
1.0665938801231705,-1.2429829997406412,0.15292805246570812
1.413051941589809,-0.8786175763297625,-0.6548515208714528
0.9870021632997563,-0.7787914329295208,-0.7426513598083995
0.5422249222277201,-0.08499973629785104,-0.9018806840195887
0.9589109691267846,-0.7089131325493524,-0.6197947506484273
1.6050084351051102,-0.27966071592831976,-0.5240992427423307
-0.7265606812514533,0.6736789535439726,-1.0808491806536529
-0.7359244126424417,0.5488962742936724,0.4897046528965146
-0.8155161294658593,0.6038006531638042,0.761263027642143
1.637781494973576,-0.7488435899094477,0.11271277851617159
-0.7218788155559558,0.8932964690244999,-0.08052056005549026
-1.3117938931883413,1.1628270562051517,1.876236761672362
-1.1432467281505179,1.0979400629949907,-1.0786910311354188
0.9448653720402987,-0.7288783612294035,0.05986443421599477
0.9963658946907447,-0.9285306480298868,-0.12605225111092103
-0.6984694870784817,1.1778009777151883,0.730838383214352
-0.7874249352928876,0.8084442471342949,1.5518826804196848
0.7482270128295037,-1.1231916276603484,1.9218737283140481
-0.7967886666838793,0.6836615678839947,-0.8944061173954603
0.7716363413069811,-0.4493651597087298,-1.1027991403878896
1.3240964933754031,-1.5374701227713516,0.10213258209751062
1.2632322393339657,-1.3677656789909414,0.07502411863676275
1.2351410451609974,-1.2280090782306046,-0.6012662474674888
-1.2134747135829438,1.2526705852653641,0.9830260500889992
-0.773379338206405,0.7235920252440898,-0.09641717358004524
-0.9419265032442286,0.9382182335546098,1.3628603652982367
0.9916840289952504,-1.4626005152211685,0.14276895839206843
1.1555493283375797,-0.8536610404797038,-0.6922243539920955
0.8699555209123787,-0.6090869891491179,-0.23896031736976445
0.7763182070024753,-1.0832611703002533,0.9319147529620356
0.5328611908367318,-0.0899910434678656,-0.6306381360327263
0.7622726099159894,-1.128182934830363,0.3330019427554533
0.9682747005177763,-1.2579569212506778,0.24572848174978326
-0.7218788155559558,0.733574639584119,0.01049018426224422
-0.6891057556874933,1.1079226773350197,-0.7507575799500601
0.9589109691267846,-0.48430430989881756,-1.3914121601068816
-0.918517174766751,0.8134355543043095,2.270388556612324
0.823136863957427,-1.118200320490341,1.8871854226429163
-0.7171969498604617,0.6387398033538848,-0.18605933527646032
1.1134125370781223,-1.2729308427607144,0.04275715144950348
1.1274581341646082,-0.8736262691597478,0.33126489558224015
0.8699555209123787,-1.3378178359708683,0.1859845865498824
-0.7406062783379391,0.5888267316537675,0.9897110498162127
-0.7686974725109076,1.1228965988450563,0.44233063908161535
-0.792106800988385,1.0031052267647635,-1.1820716568381544
1.1040488056871338,-1.3478004503108902,1.0628775822636685
0.9729565662132704,-1.2479743069106486,0.5839789403881642
-0.7546518754244217,0.9282356192145877,-0.12347299924766558
-0.8389254579433334,0.6087919603338188,-0.1733209893395652
-0.810834263770365,0.6636963392039505,-0.8066589162516412
0.9589109691267846,-0.6989305182093304,-0.2810179140787694
-0.843607323638831,0.7685137897741997,0.18651096448115875
-1.3258394902748272,1.1428618275251006,-0.1695310682343732
-0.7499700097289275,0.6387398033538848,-1.028527214284753
0.8746373866078729,-0.11494757931792424,-0.3650804697036521
-0.7406062783379391,0.6187745746738408,-0.7065418337228206
-0.7874249352928876,0.6736789535439726,-0.5547870761357598
2.2698333638654122,-1.3927222148410001,-0.9373585565876356
-0.7406062783379391,0.5888267316537675,1.456029259134205
-0.8670166521163051,0.8034529399642875,-0.7251229746968867
1.0057296260817363,-1.4126874435210512,-1.1886513809791126
0.8090912668709411,-1.2479743069106486,1.9103986894122171
-0.862334786420811,0.6836615678839947,-0.6065826645733831
-0.8295617265523451,0.7984616327942728,-0.1421594158079869
-0.7780612039018993,0.7235920252440898,-0.3530264150774164
1.389642613112335,-0.5941130676390812,-0.6759592759156468
0.3128135031484591,-0.10995627214791677,0.249044662716826
1.3100508962889175,-1.5624266586214102,-1.1591742168276198
-0.7827430695973934,0.6487224176939139,-1.1706492557294508
-0.8951078462892768,1.1827922848851957,-0.7038573062733097
-0.7218788155559558,1.072983527144932,0.1404528954944514
-0.6656964272100158,0.5938180388237821,-0.037199656311421206
-1.1385648624550204,1.1029313701650052,-0.4825680239646023
-0.7874249352928876,0.6686876463739581,-1.5364292801736013
-0.67037829290551,0.19950477239283018,-0.45040633236359834
-0.8389254579433334,0.733574639584119,0.3532148553164767
0.6545896989196035,-1.0034002555800627,-0.16610961168107494
-0.7078332184694733,0.6636963392039505,-0.3632381469441836
0.9870021632997563,-1.2928960714407585,-0.6556937255614954
0.7950456697844553,-1.1581307778504362,-0.8487165129606461
-0.6797420242965017,0.5788441173137455,-0.45203810395055616
1.1134125370781223,-1.5075222797512784,1.2115793478493244
-0.6937876213829874,1.1328792131850784,-0.9530972567328077
0.9542291034312904,-1.4226700578610734,0.657882401939407
-0.8155161294658593,0.7784964041142217,0.3839026887099059
0.9167741778673304,-1.4526179008811464,0.8045312935930842
-0.6610145615145216,0.2693830727729986,0.4802824879266624
0.860591789521387,-1.3028786857807877,4.998658012212375
1.909329705312291,-1.1581307778504362,-0.08946898488719342
-0.8670166521163051,0.6886528750540092,-1.3387217291860882
0.8137731325664354,-1.2080438495505534,0.1955646648991177
-0.8482891893343251,0.7186007180740824,0.2289370257420577
-0.7359244126424417,1.072983527144932,-0.505307550595754
-0.7218788155559558,0.7136094109040678,-0.5014649916974342
0.32685910023494497,0.13960908635268376,-1.6455474253272526
1.4177338072853034,-0.8436784261396818,0.10918604637661777
-0.8951078462892768,1.1827922848851957,-0.9893120584046419
-0.8482891893343251,0.6786702607139872,-0.19227059486552492
-1.3258394902748272,1.2826184282854374,0.36611111463275514
-0.843607323638831,0.7235920252440898,0.6167722855066998
-0.843607323638831,0.7235920252440898,0.5374471312633076
-0.6610145615145216,0.4939918954235405,0.9284406586156098
1.0900032086006481,-1.063295941620209,-0.3102318892646242
-0.7780612039018993,0.5888267316537675,0.6646200394597483
0.7388632814385153,-1.1331742420003776,2.373190166590656
0.4158145484493542,-1.1331742420003776,1.3963380017274318
-0.773379338206405,0.6387398033538848,-1.3279309815949165
-0.67037829290551,0.4840092810835185,-0.33739299051849986
0.9916840289952504,-1.307869992950795,-1.615701796623866
0.9776384319087646,-1.4126874435210512,-0.44182637208378894
-0.7827430695973934,0.7585311754341776,-0.4733564101672607
0.5703161164006918,-1.108217706150319,-0.5993186491217652
-0.005553364145207782,-0.5491913031089715,-0.0024060750540340226
0.33154096593044247,-0.0450692789377558,-0.6479559699717286
0.7763182070024753,-0.44437385253871525,-0.7954997041085761
-0.7874249352928876,0.5988093459937897,-0.5405222341981625
0.7435451471340094,-1.1431568563403995,1.621311929555076
0.9870021632997563,-1.4526179008811464,0.027860655994373925
-0.16941866348753373,-0.5392086887689495,-0.7147006916576089
-0.7265606812514533,0.5988093459937897,-0.34518338390139425
0.9916840289952504,-1.4326526722010953,0.21061907373363012
1.1649130597285682,-0.8536610404797038,-0.5511024306168232
-1.3164757588838354,1.2277140494153056,-0.6369020334149188
-0.6282415016460557,0.49898320259355505,1.6897410606210417
0.537543056532226,-0.149886729508012,-0.23653897888589187
-0.7967886666838793,0.6886528750540092,-0.3705548001889292
-0.562695381909124,-0.0600432004477924,-0.7160166364858004
-0.7967886666838793,1.3425141143255837,-1.3958863725227333
-1.2696571019288838,1.2077488207352542,0.3109993452280888
-0.6376052330370441,0.41413098070335,0.16282395757370915
-0.8155161294658593,0.8284094758143461,2.107790413640964
1.319414627679909,-1.552444044281388,0.07539258318865602
0.7810000726979694,-1.1880786208705094,-0.07994154433108588
-0.6750601586010074,0.5189484312735991,-0.6556937255614954
1.7220550774924877,-1.297887378610773,-0.6885923462662866
-1.3492488187523013,1.2027575135652468,-1.00378745151475
1.0806394772096564,-0.8536610404797038,-1.2642918897035686
0.518815593750246,-0.07002581478781443,-0.735808446701803
-0.562695381909124,-0.06503450761780696,0.6757792516028133
1.0010477603862422,-1.0183741770900994,0.17772045302883893
1.431779404371789,-0.9085654193498356,-0.0029850907784381665
-0.4316031424352606,0.7136094109040678,-1.4101512144603308
-1.3305213559703213,1.3225488856455325,0.34305576124283743
-0.7406062783379391,0.5988093459937897,0.07070781960029392
1.0572301487321822,-1.3577830646509195,0.683727558365091
-0.8201979951613534,0.8483747044943901,-0.2984936613971547
-0.7312425469469475,0.733574639584119,-0.6707481343960078
1.4224156729808008,-0.8336958117996527,0.07765600829314599
-0.773379338206405,0.7635224826041851,-1.001102924065239
-0.8716985178117993,0.8783225475144634,1.7731193249352646
-0.7406062783379391,0.6986354893940312,-0.26091027710400116
-0.9325627718532369,0.8833138546844779,2.6311679907093466
-0.843607323638831,0.5938180388237821,0.34068706055209236
1.0853213429051538,-1.3877309076709856,-0.6515879776975374
-0.7171969498604617,0.7136094109040678,-0.4014531847548691
-0.6937876213829874,0.583835424483753,0.6341427572388298
-0.7452881440334334,0.7186007180740824,-0.4012952713754862
-0.8295617265523451,0.7635224826041851,1.7855418441133937
-0.7452881440334334,0.583835424483753,4.725625779259173
-0.7031513527739758,0.4440788237234161,1.5036664619147424
-0.7452881440334334,0.6936441822240167,-0.4363520415985116
0.4439057426223226,-1.1531394706804217,0.09081545657506218
-0.2724197087884288,0.7036267965640458,-0.6754328979843701
-0.7686974725109076,1.0679922199749174,0.3660058390464996
-0.7499700097289275,0.5888267316537675,-0.38381952405710096
-0.6891057556874933,0.6537137248639214,-0.07294071784510626
0.7575907442204953,-1.1581307778504362,1.1624682868612126
-0.8482891893343251,0.6437311105238994,0.15966568998604955
-0.7874249352928876,1.0480269912948734,0.13461010045728053
1.1602311940330738,-1.5125135869212858,0.8030047975923821
-0.7780612039018993,0.6287571890138628,-0.4100331450346787
-0.0008714984497102839,0.9531921550646464,-0.9614666658401066
-0.8014705323793734,0.7735050969442142,0.8701706216232834
1.0010477603862422,-0.6390348321691839,-0.7434409267053145
-0.7218788155559558,0.7984616327942728,-0.2460664194419994
-0.7312425469469475,0.5638701958037089,-0.95778202032117
-0.7640156068154134,0.5538875814636869,-0.5014649916974342
-0.7499700097289275,1.1179052916750418,0.48844134586145077
1.1040488056871338,-1.2180264638905827,-0.04556906541871998
-0.4550124709127381,0.6686876463739581,-0.12236760559198459
-0.792106800988385,0.6836615678839947,-0.7199644709703755
-1.2509296391469038,1.307574964135496,0.33126489558224015
-0.8342435922478393,1.1428618275251006,-0.814712498600174
-0.7546518754244217,0.6437311105238994,-1.7742994673175232
-0.843607323638831,0.7685137897741997,-0.36618586335933306
-1.2602933705378954,1.2177314350752835,0.5615552405157784
1.408370075894315,-0.883608883499777,-0.060255009701338666
-0.8763803835072967,0.8982877761945145,3.759248535228354
-0.6891057556874933,0.6187745746738408,-0.24690862413204195
0.8886829836943587,-1.1731046993604728,2.3865075282519554
-1.2977482961018554,1.167818363375159,-0.1381063057371567
-1.1572923252370038,1.1079226773350197,-0.04293717576233674
-0.6891057556874933,0.6337484961838774,-0.33612968348343575
0.9355016406493104,-1.2379916925706267,-0.3093896845745814
-0.9278809061577427,0.988131305254727,0.19772281441735165
-0.773379338206405,0.6237658818438553,-0.33491901424149945
1.4739161956312468,-0.8237131974596306,1.3268561147989129
-0.8389254579433334,0.6387398033538848,0.6265629150284459
-0.881062249202791,0.8034529399642875,-0.5643145166918674
-0.6937876213829874,0.5788441173137455,1.164521160793191
-0.6891057556874933,0.3093135301330938,1.4056022533179013
-0.6656964272100158,0.4790179739135039,-0.27228004041957693
0.27067671188900494,-0.7787914329295208,-1.113747801358444
0.912092312171833,-1.4126874435210512,1.3092750918942724
1.8812385111393195,-1.2829134571007363,-0.11989362931498422
0.4485876083178201,-0.02510405025771173,0.07844557519006101
-0.7640156068154134,0.5788441173137455,-0.6951720704072449
-0.7218788155559558,0.6137832675038262,-0.3032310627786446
-0.6844238899919958,0.7086181037340533,-0.9700466261199161
1.0057296260817363,-1.4526179008811464,0.18282631896222232
0.9682747005177763,-0.7089131325493524,-0.14894969112145587
-0.7780612039018993,1.1079226773350197,-0.44566893098210847
-0.6844238899919958,0.18952215805280814,0.2040393495926718
-0.6656964272100158,0.2693830727729986,0.7546833035011847
-0.7171969498604617,1.0580096056348955,-0.5726839257991662
1.1180944027736197,-1.2779221499307218,-0.480251961066985
1.0946850742961423,-1.2379916925706267,1.1923665533577268
-0.65165083012353,0.4939918954235405,-0.3306027152050309
1.0057296260817363,-1.3278352216308462,-1.1947573649819216
-0.7827430695973934,0.5688615029737164,1.0610352595042003
0.7950456697844553,-1.138165549170385,-0.5623142805530161
0.45326947401331424,-1.128182934830363,0.25083434768316665
0.9682747005177763,-1.4426352865411174,-0.19327071293495057
1.0104114917772304,-1.3228439144608317,-0.7214909669710777
1.0665938801231705,-1.352791757480905,1.8098078667452477
0.9963658946907447,-0.6440261393391985,-0.4100331450346787
0.8980467150853471,-1.3478004503108902,1.5142466583334036
0.7763182070024753,-1.22301777106059,3.435789296458847
-0.12728187222807955,0.24442653692293997,0.37290138994622407
-0.8482891893343251,1.242687970925342,0.10229049547689371
1.6237358978870902,-1.0283567914301213,0.15966568998604955
-1.3679762815342813,1.2926010426254593,-0.2187474048087409
-0.7406062783379391,0.818426861474317,0.15919194984790025
-0.6937876213829874,0.7136094109040678,-1.5932780967514804
0.8137731325664354,-1.1531394706804217,1.1713114361066603
-0.7686974725109076,0.5439049671236578,-0.6939614011653086
-0.7967886666838793,1.06300091280491,0.2654676541726578
-0.6469689644280358,0.6387398033538848,-0.41645495579625397
-0.8857441148982851,0.8433833973243827,-0.3549213756300124
1.338142090461889,-1.6672441091916592,-0.12442047952396346
-0.8155161294658593,0.7086181037340533,-0.24406618330314808
1.0197752231682222,-1.3028786857807877,1.31159115479189
-0.7686974725109076,0.658705032033936,-0.8903003695315023
1.782919331533922,-0.9884263340700261,-1.1043256363885918
1.0104114917772304,-1.3228439144608317,-0.18690153996650288
0.7950456697844553,-1.183087313700495,0.22598930932690828
-0.773379338206405,0.6836615678839947,-0.8812993069066714
-0.8201979951613534,0.6137832675038262,-0.3220227549252212
-0.7686974725109076,0.6736789535439726,0.23462190739984548
-0.6891057556874933,0.7136094109040678,-0.6574307727347083
1.3615514189393632,-1.5873831944714687,0.8516421184423452
-0.7078332184694733,0.6636963392039505,-1.5685909717746052
-0.9840632945036827,0.903279083364522,2.1627442696662476
-0.7546518754244217,0.6537137248639214,-1.0698478818899706
-0.67037829290551,0.5888267316537675,-0.9663619806009794
0.500088130968266,-0.21477372271816586,-0.6240057740986406
-0.7312425469469475,0.8134355543043095,-0.2728590561439813
-0.6844238899919958,0.5788441173137455,0.43232945838735876
-0.8248798608568509,0.6287571890138628,0.4651228035058944
-0.7218788155559558,0.6736789535439726,-1.0504771740189895
-0.9138353090712568,0.8084442471342949,0.874065818314731
-0.7359244126424417,0.8034529399642875,0.283996157353596
-0.6891057556874933,0.7186007180740824,0.06807592994391068
-0.810834263770365,0.6137832675038262,0.1615606505386453
-0.6469689644280358,0.5139571241035845,1.2675859597371613
1.0665938801231705,-1.3627743718209269,-0.48772652769111347
-0.8482891893343251,0.7535398682641631,0.37511217725758605
-0.8342435922478393,1.5172098652760013,-0.4768831423068143
-0.8951078462892768,0.9082703905345365,2.5737927962001907
-0.8670166521163051,0.6936441822240167,-1.105694219009911
-0.8295617265523451,0.7186007180740824,0.6894650778160067
-0.7171969498604617,1.06300091280491,-0.9452015877636577
-0.65165083012353,1.327540192815547,-1.1775448066291752
-0.7171969498604617,0.6137832675038262,-1.078954220101057
-0.3754207540893206,2.4855234562583304,-1.1382243751628087
-0.9512902346352169,0.9332269263845951,-0.6556937255614954
-1.3539306844477954,1.1728096705451736,1.8592873922852533
-0.7265606812514533,0.9731573837446904,-0.3925047599231659
0.9776384319087646,-1.4126874435210512,-0.00430103560663002
1.1508674626420856,-1.5175048940913003,1.5988355918895627
-0.7218788155559558,0.9182530048745585,-0.17863740644545945
0.5094518623592543,-0.075017121957829,1.5504614600052378
-0.7171969498604617,0.6437311105238994,-0.8046060423196623
0.33154096593044247,-0.075017121957829,-0.35202629700799076
-0.5673772476046182,-0.075017121957829,-0.14747583291388117
-1.3117938931883413,1.127887906015064,0.14582195039347343
0.804409401175447,-0.5242347672589128,-1.1513838234447251
-0.8248798608568509,0.5938180388237821,1.5956773243019027
0.9542291034312904,-1.148148163510414,0.588084688252122
1.1040488056871338,-1.128182934830363,0.32352713999247307
-1.358612550143293,1.2177314350752835,-0.9050389516072488
1.0150933574727246,-1.4176787506910586,-0.38055598088318576
-0.9138353090712568,1.6320099301862796,-0.5171510540494788
-0.7593337411199192,0.6387398033538848,-1.1686490195905996
1.7267369431879818,-0.30960855894839295,-0.7954997041085761
1.2585503736384716,-1.3627743718209269,-0.7196486442116096
-0.562695381909124,-0.10995627214791677,0.6794638971217501
0.7622726099159894,-1.2080438495505534,2.2824952490316868
1.0057296260817363,-1.307869992950795,0.7169946436217759
1.4036882101988208,-0.8985828050098136,0.499390006832005
1.2585503736384716,-1.457609208051154,-0.2952301182232393
-0.8529710550298193,0.6786702607139872,-0.09389055950991733
-1.3164757588838354,1.1628270562051517,1.7819098363875845
-0.7640156068154134,0.5588788886336944,0.04807356855539774
-0.8201979951613534,0.8134355543043095,0.7912139319317848
-0.7780612039018993,1.0979400629949907,-1.2734508657077823
1.0759576115141622,-1.3877309076709856,-0.8082380500454712
1.394324478807829,-0.9484958767099309,-1.1778079955948135
-1.0542912799361086,1.157835749035137,-0.9343582023793586
-0.792106800988385,1.5271924796160232,-1.1221698482588707
-0.7312425469469475,0.658705032033936,-0.9846799326094072
-0.7452881440334334,0.6137832675038262,-0.8660343468996483
0.912092312171833,-0.9484958767099309,0.41680130941469706
0.7482270128295037,-1.118200320490341,1.288114699056951
-0.7546518754244217,0.583835424483753,-0.3972421613046558
-0.6376052330370441,0.17454823654277155,-0.34470964376324514
-0.8529710550298193,0.5938180388237821,1.3817046952379406
-0.23964664891996296,0.7784964041142217,-0.2535936238592556
-0.9466083689397227,0.8284094758143461,3.8664190820362814
1.0010477603862422,-1.4226700578610734,-0.68174943315969
-0.7125150841649674,0.7136094109040678,0.7150996830691797
1.3240964933754031,-1.6522701876816226,-0.6853288030923712
1.0197752231682222,-1.1930699280405168,2.341396939541545
-0.8482891893343251,1.532183786786038,-0.9298313521703794
-0.8716985178117993,0.7086181037340533,-0.1797428001011404
1.656508957755556,-0.30461725177838544,-0.11284016503587707
-0.7686974725109076,0.6537137248639214,-1.1478044535120437
0.6077710419646518,-1.0882524774702678,-0.3884516498523357
0.9167741778673304,-1.2529656140806633,0.1917747437939257
1.5394623153681783,-1.5075222797512784,-0.8818783226310758
-0.44096687382625227,0.7136094109040678,-0.3162325976811781
1.319414627679909,-1.5823918873014542,0.032755970755246895
1.3428239561573831,-0.9784437197300041,1.3664923730240455
-0.8857441148982851,0.7285833324141044,0.514549691252773
1.7922830629249136,-1.9118181605222524,-0.3448149193495007
1.4926436584132268,-1.4626005152211685,-0.6885923462662866
-0.843607323638831,0.6237658818438553,0.7188369663812442
-1.3679762815342813,1.2526705852653641,-0.5128347550130102
-0.8482891893343251,0.8433833973243827,-0.003985208847863826
-0.1132362751415937,0.24442653692293997,0.8971211717046487
2.3962437376437817,-2.296148812613175,0.5163393762191136
1.1134125370781223,-1.118200320490341,-0.845768796545497
0.9635928348222788,-1.2729308427607144,-0.7755499805131907
1.534780449672681,-0.6540087536792205,-0.5098870385978608
1.0385026859502022,-1.3428091431408828,-0.9188826911998249
1.375597016025849,-0.8786175763297625,-0.7907623027270861
-0.7593337411199192,0.5588788886336944,1.3711244988192801
-0.9091534433757626,0.8284094758143461,0.7426292488749493
-0.6891057556874933,1.0280617626148223,0.12071372307157639
1.1227762684691138,-1.3378178359708683,0.925703493372971
-0.6656964272100158,0.5339223527836358,0.8931733372200735
-1.3305213559703213,1.317557578475518,-0.4095067671034021
-1.3679762815342813,1.2476792780953567,-0.8555067882741151
0.9916840289952504,-1.4226700578610734,-0.27117464676389597
0.8886829836943587,-1.1930699280405168,0.5741883108664183
-0.7031513527739758,1.1528444418651225,-0.9846799326094072
-0.7031513527739758,0.8284094758143461,-0.8724561576612235
-0.6937876213829874,0.6537137248639214,-0.4583020013327483
-1.3679762815342813,1.2476792780953567,-0.5439963285445882
0.5281793251412343,-1.0882524774702678,-0.5796847522851458
1.5394623153681783,-0.7488435899094477,0.3391605645513899
-0.7827430695973934,0.6836615678839947,-0.544048966337716
-0.792106800988385,1.072983527144932,-0.17390000506396958
-0.7499700097289275,0.6537137248639214,-1.4007290494904785
-0.8248798608568509,0.9931226124247415,0.6188777972318067
0.823136863957427,-1.22301777106059,0.459227370675596
2.279197095256404,-2.2612096624230875,-1.1123792187371246
2.0170126163086772,-1.213035156720568,-1.1360135878514468
-1.358612550143293,1.1728096705451736,-0.01567079892220577
-0.6610145615145216,0.19950477239283018,0.17066698874973132
-0.773379338206405,0.6137832675038262,-0.7803400196878083
0.8090912668709411,-1.2379916925706267,0.14013706873568518
-0.7780612039018993,0.6736789535439726,0.1001323459586593
1.2679141050294631,-1.5574353514513957,-0.07246697770695722
0.9916840289952504,-1.4276613650310879,-0.05035910459333763
-0.7125150841649674,0.9432095407246172,0.8730130624521778
-1.3258394902748272,1.3125662713055106,-0.7667068312677429
0.785681938393467,-1.22301777106059,1.1057773836627163
-1.3492488187523013,1.2526705852653641,-0.4473533403621938
-0.862334786420811,0.7136094109040678,-0.20390354714673908
-1.3539306844477954,1.2626531996053862,-1.1331711470225527
0.9729565662132704,-1.183087313700495,0.601981065637826
-0.7359244126424417,0.6986354893940312,-0.7197539197978648
-0.7499700097289275,0.6087919603338188,-0.9884698537145993
-0.8201979951613534,0.818426861474317,0.11081781796357536
-1.3398850873613097,1.2277140494153056,-0.1053655984117484
-0.9231990404622484,0.9382182335546098,1.6209434650031822
-0.7499700097289275,0.5389136599536503,0.20072316862562864
-0.67037829290551,0.7186007180740824,0.9433897918638666
0.17235753228360734,-0.2846520230983343,-0.9670462719116392
1.408370075894315,-0.9335219551998942,-1.445260622476484
0.9729565662132704,-1.4276613650310879,0.3890611924364173
1.0244570888637163,-0.8237131974596306,-0.3549213756300124
-1.3492488187523013,1.23270535658532,-1.4785803455262962
-1.377340012925273,1.2526705852653641,0.5352363439519456
0.631180370442126,-1.2180264638905827,0.09002588967814716
1.0525482830366881,-1.3128613001208096,2.054415691409511
-1.3211576245793297,1.3225488856455325,-0.2651739383473422
-0.9653358317217027,1.3475054214955913,-0.4382996399442351
-1.3632944158387872,1.2726358139454153,-0.049674813282677935
-0.5111948592586781,-0.21976502988818042,0.0351773092391195
-0.7686974725109076,0.6137832675038262,-1.1557527602743216
1.0759576115141622,-1.2280090782306046,1.169153286588426
0.7997275354799528,-1.22301777106059,1.356649105709172
-0.810834263770365,0.6187745746738408,-0.6640631346687942
-0.8248798608568509,0.8533660116644047,0.6883596841603256
-0.773379338206405,0.6736789535439726,-0.929726076584124
-0.7546518754244217,0.7036267965640458,-1.001102924065239
0.5234974594457401,-0.09498235063788016,-1.1663855944861101
-0.5111948592586781,1.1029313701650052,-0.4395103091861716
-0.8670166521163051,0.7435572539241411,1.6116265756195856
-0.67037829290551,0.2094873867328522,-0.40713806641265704
1.9280571680942713,-1.148148163510414,-0.10957662186196167
-0.7078332184694733,0.7535398682641631,0.16677179205828424
0.27067671188900494,0.23943522975292542,-1.0463714261550316
-0.7686974725109076,0.9232443120445731,1.00308104927064
-0.8951078462892768,0.8833138546844779,0.500232211522048
1.1883223882060456,-0.8536610404797038,0.11671325079387376
-0.8061523980748709,0.7784964041142217,0.18940604310318065
-0.8763803835072967,1.0130878411047857,0.48733595220576953
-1.3913856100117588,1.2376966637553275,-1.0724271337532263
0.8137731325664354,-1.2280090782306046,-0.14979189581149843
1.8063286600113995,-0.9584784910499529,-0.4601443240922165
-0.8951078462892768,0.8982877761945145,1.4231306384294138
2.532017842813139,-2.2612096624230875,-0.9983131210294728
-0.7452881440334334,0.7435572539241411,0.44822607191191377
-0.9325627718532369,0.8334007829843535,0.0351773092391195
-0.05237202110015616,-0.5941130676390812,-0.10736583455059971
-0.7546518754244217,0.5389136599536503,-0.504360070319456
-0.7546518754244217,0.6487224176939139,-0.8167653725321531
-0.6469689644280358,0.5189484312735991,-0.2534357104798725
-0.7546518754244217,0.9631747694046684,0.10023762154491439
0.949547237735793,-0.7089131325493524,-1.0199472540049435
-0.7359244126424417,0.9581834622346538,-0.8530854497902425
1.0806394772096564,-0.8386871189696672,-0.8126069868750674
-0.6844238899919958,0.3592266018332182,0.36416351628703136
0.8559099238258929,-1.3428091431408828,1.6472623615670152
0.9916840289952504,-1.287904764270751,-0.3398669667955
1.0385026859502022,-1.3228439144608317,0.8350085758140032
0.9355016406493104,-1.2429829997406412,-0.00430103560663002
-0.7218788155559558,0.9182530048745585,-0.754389587675869
-0.7546518754244217,0.6187745746738408,0.2049341920758419
-0.8014705323793734,1.0180791482748002,1.2029993875695153
-0.5205585906496665,0.6736789535439726,1.4123398908382423
-0.8716985178117993,0.6986354893940312,-0.8510852136513912
-0.6610145615145216,0.48900058825352594,0.07212904001474087
0.500088130968266,-0.9834350269000186,-0.18195358741250237
-1.3352032216658154,1.307574964135496,1.2551634405590322
0.9776384319087646,-1.4426352865411174,-0.4747249927885801
2.297924558038384,-2.3859923416733877,-0.45056424574298143
-1.171337922323486,1.2576618924353786,-0.7866565548631282
-0.8576529207253167,0.5588788886336944,4.278730915605289
0.879319252303367,-1.3478004503108902,0.33521273006681523
-0.8061523980748709,0.658705032033936,-0.3998214131679115
-0.7406062783379391,0.6936441822240167,-1.0767960705828226
0.7810000726979694,-1.233000385400619,1.4797162660416547
-1.222838444973932,1.2077488207352542,1.7909635368055434
-0.7359244126424417,0.6537137248639214,-1.057056898159948
-0.8155161294658593,0.7834877112842362,0.6146667737815935
-1.3164757588838354,1.1877835920552102,0.5533437447878625
-0.8951078462892768,0.8982877761945145,2.0756287220399603
-1.3305213559703213,1.1628270562051517,-0.6213738844422573
-0.7218788155559558,0.5988093459937897,-0.3446570059701176
1.0150933574727246,-1.3378178359708683,-1.304243974687467
-0.7031513527739758,0.7485485610941556,-0.29986224401847383
0.8137731325664354,-1.2379916925706267,1.4411327636790758
-0.7640156068154134,0.6437311105238994,-0.9353056826556567
-0.7218788155559558,0.9681660765746829,-0.6257954590649812
-1.166656056627992,1.2177314350752835,0.09413163754210535
1.6799182862330302,-0.8336958117996527,-0.8311354900560058
-1.2087928478874495,1.2576618924353786,0.9332306977902275
-0.7874249352928876,0.6237658818438553,-0.36781763494629066
1.0104114917772304,-1.447626593711132,0.4628593784014049
1.0057296260817363,-1.4426352865411174,0.7421555087368
0.30813163745296496,0.2244613082428888,-0.8935639127054177
0.9635928348222788,-1.2829134571007363,-0.46051278864411027
-0.1834642605740196,0.329278758813145,-1.104904652112996
-0.7640156068154134,0.583835424483753,0.4200648525886127
2.316652020820364,-1.3627743718209269,-1.1934940579468578
1.0431845516456963,-0.7438522827394402,-0.625163805547449
1.942102765180757,-1.0083915627500772,-0.8879316688407572
0.7810000726979694,-1.213035156720568,0.782370782686337
-0.7827430695973934,0.7984616327942728,1.7773303483854779
0.26131298049801327,0.12463516484265426,-0.28196539435506757
0.9776384319087646,-1.4076961363510367,-0.906565447607951
0.4392238769268284,0.45905274523345274,-1.2572910632175889
-1.3258394902748272,1.2726358139454153,-0.11615634600292
-0.7967886666838793,1.0679922199749174,-0.7255967148350357
-0.8248798608568509,0.583835424483753,1.349806192602575
-0.7874249352928876,1.0679922199749174,0.09576340912906293
-0.7640156068154134,0.5788441173137455,-0.5428909348889073
-0.7452881440334334,0.7735050969442142,-0.5203619594302664
0.912092312171833,-1.3877309076709856,-0.27570149697287516
-0.7265606812514533,0.7535398682641631,-0.7152270695888856
-0.8155161294658593,0.6786702607139872,-0.20606169666497326
-0.6984694870784817,0.7834877112842362,-0.31496929064611406
1.6611908234510502,-0.27466940875831225,-0.16000362767826565
0.6920446244835636,-0.33955640196846615,-1.2310774422400113
1.0244570888637163,-0.6090869891491179,-0.31791700706126325
-0.7827430695973934,0.7086181037340533,-0.4012952713754862
-0.7499700097289275,0.988131305254727,0.6349323241357449
-0.881062249202791,0.8683399331744412,0.5921904361160801
1.6424633606690702,-1.8169833242920181,-1.0356333163569877
-1.2977482961018554,1.1778009777151883,0.7888452312410398
-0.3473295599163489,1.2776271211154229,-0.605793097676468
-0.7312425469469475,0.9631747694046684,-0.8391364346114111
-0.7031513527739758,1.1628270562051517,-0.27228004041957693
-0.862334786420811,0.8084442471342949,0.9594969565609328
0.7622726099159894,-1.148148163510414,0.944600461105803
1.1040488056871338,-1.1531394706804217,0.8932259750132011
1.431779404371789,-0.8386871189696672,0.3608473353199882
-0.8342435922478393,0.8733312403444559,0.7116782265158814
-0.8155161294658593,0.6786702607139872,-0.8728246222131173
0.949547237735793,-0.6989305182093304,-0.17432110740899084
-1.1807016537144779,1.1927748992252178,0.6899388179541556
-0.6750601586010074,0.6038006531638042,0.14413754101338783
1.6892820176240217,-0.24971287290824654,0.5744514998320565
-0.810834263770365,1.1877835920552102,0.16756135895519925
-0.6656964272100158,0.5139571241035845,0.06207522152735673
1.7735556001429336,-1.87188770316215,-0.7790767126527443
-0.7593337411199192,0.5538875814636869,0.9328095954452061
-0.5158767249541724,1.1528444418651225,-0.4209291682121054
-0.5392860534316498,1.1827922848851957,-0.35039452542103317
-0.7686974725109076,1.0929487558249833,-0.613372939886852
-0.7359244126424417,0.9382182335546098,-0.693277109854649
-0.7546518754244217,0.6537137248639214,-0.9476755640406581
-0.9466083689397227,0.8383920901543681,0.18503710627358427
-0.7171969498604617,0.6287571890138628,-1.1399614223360217
-0.7171969498604617,0.6087919603338188,0.017754199713862016
-1.3258394902748272,1.2376966637553275,0.4464363869455731
-0.7967886666838793,0.7435572539241411,-0.34313050996941535
-0.7640156068154134,0.5638701958037089,0.12508265990117276
-0.14600933501005955,0.24442653692293997,0.5950855147381016
-1.2790208333198754,1.23270535658532,0.6728841729807918
0.20044872645657905,0.2843569942830352,0.11192321161925657
-0.8576529207253167,0.7235920252440898,0.789266333586061
-0.9138353090712568,0.7884790184542508,-0.20042945280031305
0.3783596228853908,-0.09997365780788764,-0.3486574782478203
1.8250561227933795,-1.0383394057701505,-1.256659409700057
-1.3305213559703213,1.2826184282854374,-0.20706181473439894
1.0057296260817363,-1.4526179008811464,-0.3712917292927167
1.0665938801231705,-1.2579569212506778,1.6943205486231487
-1.3024301617973497,1.3225488856455325,0.10097455064870187
-0.7640156068154134,0.573852810143731,-0.31575885754302907
2.480517320162693,-2.266200969593102,-0.5825798309071675
0.804409401175447,-1.1880786208705094,-0.2828602368382379
1.0853213429051538,-1.213035156720568,1.5495666175220673
0.7997275354799528,-1.148148163510414,-0.7580215954016779
1.5815991066276327,-0.29463463743835633,0.581294412938653
1.0104114917772304,-1.4276613650310879,1.0441385279102195
1.7876011972294195,-1.183087313700495,-1.073111425063886
-0.6610145615145216,0.339261373153167,0.8788032196962206
-0.7640156068154134,0.8084442471342949,0.13797891921745079
-0.7312425469469475,0.8034529399642875,-0.05109603369712488
-0.4877855307812007,-0.2547041800782611,0.6949394083012839
-0.8763803835072967,0.7136094109040678,-0.18384854796509836
1.1883223882060456,-1.3278352216308462,-1.0403707177384778
-0.7686974725109076,0.6187745746738408,-0.5491548322710996
-0.8389254579433334,0.6437311105238994,-0.003879933261608505
0.9635928348222788,-1.2579569212506778,0.491073235517834
0.9214560435628246,-1.2429829997406412,0.7642633818504201
-0.6891057556874933,0.5688615029737164,-0.23680216785153027
-0.862334786420811,0.8084442471342949,0.3137365104707276
-0.8201979951613534,0.8334007829843535,2.702860664949227
-1.3632944158387872,1.2626531996053862,0.1108704557567029
-0.773379338206405,0.7385659467541265,-0.37371306777658925
-0.6891057556874933,1.157835749035137,0.016385617092542853
0.9401835063448046,-1.1731046993604728,0.668462598358068
0.9776384319087646,-1.297887378610773,0.07870876415569919
-0.2302829175289713,-0.554182610278986,-0.40892775137899773
-0.7546518754244217,0.7235920252440898,-1.0422656782910737
-0.7265606812514533,0.8034529399642875,-0.8436632848203903
0.9635928348222788,-1.4526179008811464,0.1955120271059897
-0.8529710550298193,0.8134355543043095,-0.3235492509259237
-1.204110982191952,1.1328792131850784,0.08228813408838055
0.949547237735793,-1.4176787506910586,-0.30917913340207076
-1.4054312070982413,1.242687970925342,-0.6611680560467728
-0.7359244126424417,0.5788441173137455,0.14234785604704714
1.7361006745789735,-2.116461754492743,-0.37602913067420657
-0.7874249352928876,0.6886528750540092,-0.7803400196878083
-0.7780612039018993,1.0280617626148223,-0.10610252751553588
-0.773379338206405,1.0879574486549686,-0.38197720129763274
-0.8763803835072967,0.7834877112842362,-0.4977803461784978
-0.7359244126424417,0.903279083364522,-1.006629892343644
-1.433522401271213,1.2526705852653641,-0.4433528680844912
1.637781494973576,-0.9984089484100481,-1.2113382698171367
-1.2509296391469038,1.1778009777151883,2.402825244121531
0.42986014553583674,0.09468732182258106,-0.4493535765010451
1.1274581341646082,-1.3478004503108902,-0.82134486053426
-0.8670166521163051,0.8433833973243827,-0.2755435835934923
-0.7265606812514533,0.9182530048745585,-0.01414430292150351
0.7903638040889611,-1.233000385400619,0.9907111678856384
-1.3445669530568072,1.2077488207352542,-0.6415867970032808
-0.7967886666838793,0.7285833324141044,-0.014723318645907889
0.2753585775844991,0.10966124333261766,-0.35597413149256585
0.7763182070024753,-1.148148163510414,-0.7891305311401283
-0.9606539660262086,0.9382182335546098,1.9197155787958138
0.9823202976042588,-0.6889479038693083,-0.5338372344709489
1.3615514189393632,-0.9435045695399163,-1.10616795914806
0.3221772345394508,-0.0450692789377558,-0.813291278185727
-0.7125150841649674,0.6487224176939139,-0.4698823158208347
-0.862334786420811,0.6736789535439726,-1.1425933119924048
-0.7265606812514533,0.7834877112842362,0.40848453810052604
-1.3352032216658154,1.2726358139454153,-0.2130625231509529
-0.6844238899919958,0.5638701958037089,-0.032935995068080155
-0.63292336734155,0.5688615029737164,-0.7886567910019795
-0.7593337411199192,0.5488962742936724,-0.5021492830080939
0.631180370442126,-1.183087313700495,0.1736673429580083
-0.7593337411199192,0.6187745746738408,-0.9732575315007037
0.785681938393467,-1.2180264638905827,1.4769791007990158
-1.3492488187523013,1.2227227422452909,-0.7533894696064433
2.36815254347081,-2.3460618843132925,-0.7120688020012256
0.3689958914944025,0.23943522975292542,-0.9846799326094072
-1.1245192653685379,1.1228965988450563,-1.1740707122827492
-0.792106800988385,0.7834877112842362,0.04402045848456733
-0.773379338206405,0.6287571890138628,-0.77533942934068
-0.8248798608568509,0.6137832675038262,-0.09046910295661907
-0.14132746931456538,0.254409151262962,-0.031041034515484154
-0.8295617265523451,0.7136094109040678,0.5944538612205696
-0.63292336734155,0.5239397384436137,2.0784711628688544
0.6218166390511377,-0.26468679441828313,0.49902154228011125
0.8090912668709411,-1.138165549170385,-0.4337727897352559
-0.881062249202791,0.8483747044943901,-0.6354281752073441
-0.7499700097289275,0.8034529399642875,-0.241697482612403
-0.8951078462892768,1.6669490803763602,-1.100219888524634
0.3174953688439566,0.20449607956284474,-1.1515943746172357
1.1134125370781223,-1.532478815601337,0.8991740456366275
-0.7686974725109076,0.5588788886336944,0.3666901303571595
1.0478664173411905,-1.22301777106059,2.4026673307421484
1.534780449672681,-0.17484326535807063,0.6322477966862335
1.3615514189393632,-0.9235393408598722,-0.4308777111132345
-0.7265606812514533,0.8234181686443315,0.22525238022312127
-1.3352032216658154,1.1927748992252178,-0.4329832228383411
1.450506867153769,-0.8636436548197258,-0.11852504669366483
0.8699555209123787,-1.3178526072908172,-0.8401365526808368
-0.6422870987325416,0.573852810143731,-0.220431814188826
-0.7312425469469475,0.7834877112842362,-0.8530854497902425
0.9635928348222788,-1.2280090782306046,1.3840207581355581
1.0572301487321822,-1.2479743069106486,0.8911204632880947
0.8886829836943587,-1.233000385400619,-0.07067729274061653
-1.3539306844477954,1.1977662063952323,-0.08778457550710805
1.619054032191596,-1.60734842315152,-1.1820716568381544
-0.8529710550298193,0.733574639584119,-0.08820567785212934
-1.2415659077559154,2.00635796793718,0.8233756235327886
0.6592715646150977,-0.3894694736685834,-0.49483262976334835
0.8090912668709411,-1.138165549170385,0.09186821243761585
-0.7406062783379391,0.583835424483753,3.464213704747787
-0.7031513527739758,0.7834877112842362,-0.30875803105704946
0.7763182070024753,-1.203052542380546,-0.33791936844977644
0.9916840289952504,-0.9285306480298868,-0.9097237151956111
1.0104114917772304,-1.3278352216308462,-1.184808822080793
-0.7031513527739758,0.583835424483753,3.5197992142906016
-0.7827430695973934,0.7385659467541265,-0.23459138054016831
-0.7265606812514533,0.7585311754341776,-0.726017817180057
0.804409401175447,-1.203052542380546,-0.16926787926873477
1.0946850742961423,-1.3627743718209269,-0.1765318947203528
1.5535079124546642,-0.18981718686810722,-1.1296970526761267
0.5656342507051977,-0.9135567265198502,-0.4102963340003169
0.7575907442204953,0.5588788886336944,-0.4152969243474452
-0.843607323638831,0.6736789535439726,-0.08546851260949077
-0.7874249352928876,0.658705032033936,-1.4382071581973768
-0.7359244126424417,0.5588788886336944,-0.8560331662053917
-0.13196373792357372,0.24442653692293997,1.74390534974941
0.7014083558745553,-1.0483220201101724,0.9210713675777364
-0.6937876213829874,0.4790179739135039,0.5471851229919255
1.0291389545592105,-0.8536610404797038,-0.7132794712431618
-0.9653358317217027,0.9182530048745585,0.5148655180115387
-0.8670166521163051,0.8483747044943901,-0.06593989135912666
-0.8295617265523451,0.6886528750540092,-0.39434708268263413
-0.8716985178117993,0.7984616327942728,-0.6363230176905144
-0.773379338206405,0.7036267965640458,-0.49120062203753945
0.5141337280547484,-0.1199388864879388,-0.8685609609697762
-0.918517174766751,1.2476792780953567,-0.7872882083806602
0.9729565662132704,-1.4176787506910586,-0.19774492535080204
-0.7640156068154134,0.7984616327942728,-0.020408200303695646
0.5094518623592543,-0.0899910434678656,-1.3350897214602793
0.9542291034312904,-1.108217706150319,1.1627841136199784
-0.6984694870784817,1.127887906015064,-0.337656179484138
-0.7499700097289275,0.6437311105238994,-1.061583748368927
0.8840011179988646,-1.372756986160949,2.420616818198683
0.7903638040889611,-1.183087313700495,0.5164972895984963
2.457107991685219,-1.9767051537324063,-0.8733510001443939
0.5094518623592543,-0.10995627214791677,-1.3794633810669015
-1.185383519409972,1.157835749035137,0.03986207282748183
-0.7218788155559558,0.6986354893940312,-0.8610863943456478
-0.8529710550298193,0.8733312403444559,3.17660080309822
0.537543056532226,-0.12992150082796083,-0.544680619855248
-0.8155161294658593,0.7186007180740824,0.6152457895059978
-0.8295617265523451,0.8034529399642875,0.22267312835986558
1.9655120936582313,-0.44437385253871525,-0.841663048681539
-0.7312425469469475,0.6287571890138628,-0.8212395849480045
-0.67037829290551,0.5588788886336944,-0.6919085272333295
0.7716363413069811,-1.128182934830363,0.7084673211350938
1.216413582379014,-1.5374701227713516,-0.22143193225825167
0.9167741778673304,-1.2280090782306046,0.4252759941082516
-0.7031513527739758,0.6137832675038262,1.475557880384569
-1.3679762815342813,1.212740127905269,-1.1087998488044435
-1.3305213559703213,1.2526705852653641,2.5738454339933186
-0.7452881440334334,1.1827922848851957,1.1163575800813772
0.6733171617015836,-0.6390348321691839,-0.7023834480657349
-0.6891057556874933,0.5938180388237821,-0.07341445798325533
0.4439057426223226,-0.015121435917682603,-0.54847054096044
-0.881062249202791,0.818426861474317,0.18487919289420118
-0.773379338206405,0.6337484961838774,-1.008051112758091
-0.7593337411199192,0.6187745746738408,-1.004103278273516
1.2913234335069375,-1.627313651831564,-0.7414933283595907
0.841864326739407,-0.20479110837814382,-0.6924875429577338
0.7529088785250011,-1.183087313700495,0.4233810335556554
0.9027285807808446,-1.3627743718209269,0.8673281807943896
-0.63292336734155,0.4041483663633209,1.0459808506696877
-0.810834263770365,0.5788441173137455,2.4199325268880227
0.9401835063448046,-1.2529656140806633,0.9791834911906797
0.804409401175447,-1.1880786208705094,0.20788190849099134
0.3174953688439566,0.17454823654277155,-1.2234449622364996
1.0057296260817363,-1.43764397937111,-0.08146804033178814
-0.7686974725109076,0.5688615029737164,0.24078052919578252
0.8278187296529211,-1.2729308427607144,3.431315084042996
-0.7406062783379391,0.6337484961838774,-0.8434000958547518
0.9963658946907447,-1.3028786857807877,-1.0121042228289212
1.0057296260817363,-1.447626593711132,0.1023957710631488
-0.8014705323793734,0.6387398033538848,0.7677374761968458
-0.7218788155559558,0.8583573188344192,1.3664923730240455
-0.7265606812514533,0.6437311105238994,-0.48867400796741156
-0.7780612039018993,0.5538875814636869,3.2263435176038646
1.0385026859502022,-1.3478004503108902,-1.3227198400752775
0.631180370442126,-1.2080438495505534,-0.35755326528639586
-0.8295617265523451,0.8084442471342949,0.34705623352054005
-0.7780612039018993,0.7385659467541265,0.1411898245982384
-1.1432467281505179,1.1079226773350197,0.6856751567108148
1.2304591794654998,-1.22301777106059,-0.12484158186898474
0.8933648493898529,-1.3677656789909414,0.4628593784014049
-1.3164757588838354,2.091210189827385,-0.9878908379901948
1.1555493283375797,-1.5025309725812637,0.4082739869280154
-0.6797420242965017,0.3143048373031084,1.0799848650301598
1.1555493283375797,-1.063295941620209,-0.2794387802849396
-0.8857441148982851,0.6387398033538848,-0.8695084412460743
-0.7686974725109076,1.06300091280491,0.36416351628703136
-0.8248798608568509,0.6137832675038262,0.40527363271973843
-0.7078332184694733,0.7735050969442142,1.4252887879476484
-0.7125150841649674,1.0779748343149467,-0.7119635264149703
-0.7359244126424417,0.6537137248639214,-1.2538696066642907
-0.9231990404622484,0.8633486260044267,-0.04472686072867742
-0.16941866348753373,-0.5292260744289202,0.6765688184997287
0.9682747005177763,-1.457609208051154,0.7424186977024386
1.5207348525861983,-1.5724092729614323,-0.9896278851634079
-0.792106800988385,0.6636963392039505,-1.3700412160970492
-0.8342435922478393,0.7884790184542508,0.7285749581098625
-1.396067475707253,1.2376966637553275,-0.6532723870776228
-0.773379338206405,1.0979400629949907,-1.4482083388916334
-0.13196373792357372,0.2793656871130206,-1.030738001596115
-1.171337922323486,1.2676445067754007,0.4376985132863808
-1.218156579278438,1.2476792780953567,0.6418278750354689
-1.3867037443162613,1.2576618924353786,0.8504314492004089
-0.8248798608568509,1.1179052916750418,0.6494603550389804
-1.433522401271213,1.242687970925342,-0.8530854497902425
-0.8248798608568509,0.8084442471342949,0.21809364035775855
-1.171337922323486,1.1378705203550858,0.026228884407416345
0.9401835063448046,-0.7188957468893815,-1.4996354627773627
-0.7406062783379391,0.5988093459937897,-0.4644606231286851
0.9589109691267846,-1.2529656140806633,-0.17958488672175732
-1.1432467281505179,1.0929487558249833,-1.2149702775429456
1.0665938801231705,-1.352791757480905,1.4143401269770937
0.7810000726979694,-1.22301777106059,1.3098014698255491
-0.7780612039018993,0.6786702607139872,-0.44182637208378894
0.9027285807808446,-1.2180264638905827,-0.027777491341568997
-0.6844238899919958,0.5588788886336944,0.2435176944384213
-0.7827430695973934,0.583835424483753,1.552303782764706
-0.8295617265523451,0.8483747044943901,-0.20269287790480278
-1.0823824741090802,1.7917317596266604,-1.2642918897035686
1.0525482830366881,-1.3428091431408828,1.014450812586216
-0.843607323638831,0.8284094758143461,-0.4431423169119805
-1.3445669530568072,1.2776271211154229,0.09697407837099924
0.9776384319087646,-1.447626593711132,-0.703962581859565
-0.8201979951613534,0.8733312403444559,1.2358453704811785
-0.792106800988385,0.818426861474317,0.18651096448115875
-0.7686974725109076,0.6886528750540092,-0.7427566353946548
-1.3492488187523013,1.157835749035137,-0.7387561631169521
-0.7686974725109076,0.658705032033936,-1.3024542897211262
-0.6844238899919958,1.1328792131850784,-1.0504771740189895
1.0806394772096564,-0.8636436548197258,-0.7872882083806602
-0.7078332184694733,1.1328792131850784,-0.6688531738434118
-0.7359244126424417,1.2177314350752835,0.5780308697647378
-0.7265606812514533,0.5988093459937897,0.9905006167131277
-0.8482891893343251,0.6886528750540092,0.4030628454083765
-0.792106800988385,0.7934703256242583,0.744524209427545
-0.8201979951613534,0.7535398682641631,1.431447409743585
-1.1760197880189838,1.1228965988450563,-0.5784740830432095
-0.7827430695973934,0.5788441173137455,0.14550612363470722
-1.3352032216658154,1.3025836569654885,-0.8984592274662905
1.0150933574727246,-1.4176787506910586,-1.0744273698920777
0.766954475611487,-1.1331742420003776,0.6042444907423156
-0.8482891893343251,0.6936441822240167,-0.0427266245898261
-1.1432467281505179,1.1378705203550858,-0.4212449949708716
-0.7218788155559558,0.6038006531638042,-0.9738891850182356
-0.9231990404622484,0.8134355543043095,0.8576428268588991
0.7997275354799528,-1.2479743069106486,1.8346529051015057
-0.8155161294658593,0.6387398033538848,0.1823525788240735
-0.6422870987325416,0.6237658818438553,0.32468517144128184
-1.3539306844477954,1.2077488207352542,-0.8489797019262846
0.9916840289952504,-1.457609208051154,0.026228884407416345
-0.8342435922478393,0.8533660116644047,0.5579232327899696
1.0104114917772304,-1.4326526722010953,0.1145024634825118
-0.899789711984771,0.8982877761945145,2.2320682432153838
0.9542291034312904,-1.447626593711132,0.902121762051777
-0.7874249352928876,0.6137832675038262,0.8239020014640653
-0.6750601586010074,0.5239397384436137,-0.010038555057545554
0.05062902420073559,-0.4493651597087298,-0.07388819812140415
-0.8529710550298193,0.903279083364522,1.710006610975193
1.3147327619844116,-1.5823918873014542,-0.15063410050154122
-0.6844238899919958,0.583835424483753,-0.27170102469517277
0.8465461924349013,-1.3128613001208096,5.858285811780286
-0.16473679779203956,0.2793656871130206,-0.5815270750446142
-0.562695381909124,-0.07002581478781443,-0.18390118575822592
-0.8482891893343251,0.8234181686443315,0.2566771427203375
-0.6797420242965017,0.6137832675038262,-0.5569978634471219
-0.7359244126424417,0.8234181686443315,0.691307400575475
1.4411431357627809,-0.8287045046296452,0.5177079588404325
-0.7406062783379391,1.212740127905269,1.5135097292296165
1.0104114917772304,-1.4626005152211685,5.858285811780286
0.5609523850097001,-0.050060586107770366,0.2973661568080233
1.0197752231682222,-0.8336958117996527,-0.16379354878345764
0.4204964141448484,0.13960908635268376,-1.1820716568381544
-0.44564873952174644,-0.4343912381986932,1.2621642670450117
0.13022074102414982,-0.21477372271816586,-0.3925047599231659
0.7950456697844553,-1.1731046993604728,0.7434714535649919
-1.1245192653685379,1.1328792131850784,-0.582000815182763
-0.6984694870784817,0.9531921550646464,1.616574528173586
-1.255611504842398,1.2726358139454153,-0.04856941962699696
1.0993669399916364,-1.2180264638905827,0.09476329105963728
0.9963658946907447,-1.447626593711132,-0.2878081893922384
-0.7593337411199192,0.6137832675038262,-1.0928505974867606
1.5722353752366443,-1.5624266586214102,-0.797394664661172
1.3287783590708975,-1.542461429941359,-0.05735993107931724
0.06467462128722143,0.1645656222027495,-1.0997987861796126
0.6499078332241094,-0.9984089484100481,-0.4889898347261775
1.3802788817213432,-0.7139044397193669,0.7704746414394842
-0.8295617265523451,0.6087919603338188,0.27120517362357355
-0.7686974725109076,0.5339223527836358,-0.320969999062668
-0.7171969498604617,1.0679922199749174,-0.7354399821499092
-0.7499700097289275,0.9132616977045511,-0.21569441280733612
0.537543056532226,-0.1199388864879388,-0.9676252876360435
-1.0027907572856627,0.9482008478946318,-0.8828258029073739
1.1695949254240656,-0.8536610404797038,0.10097455064870187
0.9870021632997563,-1.447626593711132,0.11260750292991603
-0.7218788155559558,0.6786702607139872,-0.9909438299915995
0.9823202976042588,-1.457609208051154,0.026965813511203585
-0.35669329130734057,-0.4194173166886566,0.6270892929597227
-0.9091534433757626,1.1877835920552102,0.3776387913277137
1.0104114917772304,-0.8237131974596306,-0.7201750221428862
0.9729565662132704,-1.43764397937111,-0.16689917857798994
0.8278187296529211,-1.1431568563403995,1.1999990333612383
0.7388632814385153,-1.1431568563403995,2.8038725899612182
0.5469067879232143,-0.075017121957829,-0.8976696605693757
-0.7125150841649674,0.8883051618544854,0.316631589092749
-0.7593337411199192,0.6936441822240167,-0.8024478928014279
-0.7827430695973934,1.0979400629949907,1.779804324662478
0.912092312171833,-1.3927222148410001,0.12002943176091693
0.5609523850097001,-0.06503450761780696,-0.6739064019836679
-0.1834642605740196,0.28934830145304974,-0.8004476566625766
0.9214560435628246,-1.22301777106059,-0.1951130356944188
-0.6984694870784817,0.5988093459937897,-0.037936585415208446
-0.2302829175289713,0.5439049671236578,-0.09252197688859794
-0.7406062783379391,0.6137832675038262,-0.6344280571379184
-0.6750601586010074,0.5339223527836358,0.6363535445501918
-1.2696571019288838,1.362479343005628,-0.37371306777658925
2.335379483602344,-2.276183583933124,-0.6791701812964344
-1.1619741909324979,1.23270535658532,-0.3810823588144624
1.0431845516456963,-0.3894694736685834,-0.8238188368112602
1.4036882101988208,-0.9634697982199675,-0.35597413149256585
1.0057296260817363,-1.4326526722010953,-0.25396208841114937
-1.077700608413586,1.7567926094365798,-1.1272230763991264
1.2257773137700056,-1.5474527371113735,0.10644888113397899
1.4224156729808008,-1.1032263989803044,0.09734254292289297
-1.377340012925273,1.4922533294259426,-0.5009386137661577
-0.543967919127144,-0.050060586107770366,0.5816628774905467
-1.3398850873613097,1.2676445067754007,-0.8060799005272368
1.370915150330355,-0.9335219551998942,-0.5350479037128851
1.3615514189393632,-1.7221484880617912,-0.3364455102422017
1.7876011972294195,-2.031609532602538,-0.435509836908469
-0.8951078462892768,0.7884790184542508,0.21940958518594994
1.3287783590708975,-1.5374701227713516,-0.006669736297374841
0.33154096593044247,-0.04007797176774833,-0.41377042834674294
-1.3539306844477954,1.1927748992252178,-0.7063312825503101
-1.358612550143293,1.2826184282854374,-0.05578079728548721
1.5254167182816925,-1.627313651831564,-0.22069500315446441
-1.3492488187523013,1.1628270562051517,-0.46377633181802563
1.0665938801231705,-1.3677656789909414,-0.12052528283251614
-0.9653358317217027,0.9531921550646464,0.8863304241134771
2.0778768703501145,-1.2829134571007363,-1.251922008318567
-0.7359244126424417,0.6487224176939139,-1.2529221263879926
0.9823202976042588,-1.4176787506910586,0.10186939313187197
-0.6750601586010074,0.5788441173137455,-0.5624721939323992
-1.377340012925273,1.2576618924353786,-0.3740815323284828
-0.843607323638831,0.6287571890138628,-0.478357000514389
0.5515886536187118,-0.10995627214791677,-0.42198192407465884
-0.9091534433757626,0.8833138546844779,2.1676395844271203
-0.6235596359505616,0.5788441173137455,0.6822537001575165
-0.7640156068154134,0.5389136599536503,-0.4388786556686395
1.0385026859502022,-1.3428091431408828,-1.028527214284753
1.408370075894315,-0.9085654193498356,-0.09315363040612985
1.431779404371789,-0.8486697333096892,0.3043669832940029
0.9401835063448046,-0.7188957468893815,-1.3512495239504725
-0.1132362751415937,0.2843569942830352,-0.5480494386154187
1.909329705312291,-1.118200320490341,-0.9695202481886395
-1.358612550143293,1.2626531996053862,-0.31528511740488
-1.3117938931883413,1.1977662063952323,0.7806863733062515
-0.6001503074730841,-0.08000842912784356,0.2654676541726578
-0.8529710550298193,0.8733312403444559,1.1579414366522331
-0.937244637548731,0.8084442471342949,1.1208317924972286
1.0619120144276764,-1.2629482284206852,1.3890213484826863
-0.7312425469469475,0.6537137248639214,-0.9734154448800868
-0.7546518754244217,0.9132616977045511,-0.06593989135912666
-0.7499700097289275,0.5488962742936724,-0.2535936238592556
0.804409401175447,-1.2579569212506778,1.9521930971555836
0.9682747005177763,-1.4526179008811464,-0.432509482700192
0.22385805493405322,-0.005138821577660568,-0.8705085593155
-0.881062249202791,0.6337484961838774,0.18956395648256374
-0.7686974725109076,0.5588788886336944,1.15620438947902
-0.7593337411199192,0.658705032033936,-1.3380374378754285
1.0010477603862422,-1.3378178359708683,-0.31696952678496537
0.7950456697844553,-1.1331742420003776,-0.10220733082408856
0.9635928348222788,-0.7188957468893815,-0.732018525596611
1.1087306713826282,-0.8636436548197258,-0.6427974662452172
1.0900032086006481,-1.233000385400619,-0.09173240999168292
-0.6235596359505616,0.5289310456136211,1.9145044372761748
1.0197752231682222,-0.8686349619897404,-0.3830825949533137
0.8840011179988646,-1.4326526722010953,1.1165681312538878
-0.8248798608568509,0.6187745746738408,0.20567112117962938
1.2491866422474798,-1.3627743718209269,-0.27185893807455563
-0.7686974725109076,0.6936441822240167,-0.904670487055355
0.9542291034312904,-1.1581307778504362,1.399022529176943
-0.862334786420811,0.8034529399642875,-0.9490441466619776
-0.9278809061577427,0.8334007829843535,0.28573320452680917
1.0057296260817363,-1.4226700578610734,-0.7523367137438901
0.9776384319087646,-1.1780960065304873,0.31531564426455716
0.9963658946907447,-1.4176787506910586,-0.30228358250234644
-0.8389254579433334,0.7984616327942728,0.20909257773292764
1.1602311940330738,-1.3178526072908172,-0.4076644443439337
-0.5018311278676865,0.6786702607139872,0.44164634777095546
-0.7406062783379391,0.5339223527836358,5.858233173987159
-0.16941866348753373,-0.5441999959389568,-0.07209851315506371
-1.4288405355757188,1.242687970925342,0.05217931641935569
1.0853213429051538,-1.3927222148410001,-0.5786319964225926
-0.8014705323793734,0.7784964041142217,0.7157839743798396
-0.7359244126424417,0.7186007180740824,-1.4123620017716927
-0.562695381909124,1.1528444418651225,-0.2810179140787694
-0.843607323638831,0.7784964041142217,-0.7420723440839951
-1.0121544886766545,0.9681660765746829,1.963668136057415
-0.7827430695973934,0.6736789535439726,-1.0358438675294985
-1.3258394902748272,1.3025836569654885,-0.264068544691661
-0.810834263770365,0.5988093459937897,0.9356520362741001
1.0993669399916364,-0.8586523476497183,-0.719227541866588
-0.7686974725109076,0.733574639584119,-0.09641717358004524
0.027219695723258077,-0.6639913680192496,-0.028882884997249975
1.2257773137700056,-1.2379916925706267,-0.029303987342271257
2.29324269234289,-1.4076961363510367,-0.9188826911998249
1.0197752231682222,-1.203052542380546,0.9061222343294796
-0.7406062783379391,0.7635224826041851,-0.6383758916224932
-0.5720591133001157,-0.06503450761780696,-0.5613668002767183
-0.6844238899919958,0.6936441822240167,2.7369173171028267
-1.3867037443162613,1.2776271211154229,0.8844881013540088
1.3147327619844116,-1.552444044281388,-0.505307550595754
0.9963658946907447,-1.3278352216308462,0.7478930281877157
0.804409401175447,-1.203052542380546,0.36416351628703136
-0.15069120070555372,0.2793656871130206,-0.9317263127229753
-0.65165083012353,0.1945134652228156,-0.3084422042982835
-0.9231990404622484,0.8334007829843535,-0.1402644552553909
-0.63292336734155,0.4241135950433721,0.8291657807768319
-1.3726581472297754,1.212740127905269,-1.1940204358781346
-0.7125150841649674,0.6636963392039505,-0.8706138349017554
2.316652020820364,-1.4076961363510367,-1.1967049633276454
-0.7593337411199192,0.5439049671236578,0.27862710245457445
1.0900032086006481,-0.8336958117996527,-1.0274744584221995
1.9280571680942713,-1.3278352216308462,-1.0175785533141986
1.7595100030564477,-1.0083915627500772,-0.8911952120146727
-0.8716985178117993,0.7435572539241411,-0.8823520627692248
-0.7452881440334334,0.6437311105238994,-0.8896160782208427
-0.7546518754244217,0.658705032033936,-0.8107646641155991
0.7997275354799528,-0.4493651597087298,-0.10341800006602486
2.541381574204131,-1.382739600500978,-1.0470030796725638
-0.6984694870784817,0.8383920901543681,-0.265963505244257
-1.3726581472297754,1.212740127905269,-0.8859840704950337
-0.810834263770365,0.7435572539241411,0.17772045302883893
1.3287783590708975,-0.9035741121798211,0.3630581226313501
0.9963658946907447,-1.457609208051154,0.27741643321263815
1.4926436584132268,-0.7837827400995354,0.6313003164099359
1.0197752231682222,-1.3178526072908172,0.720889840313223
-0.9231990404622484,1.6769316947163893,0.007331916674584148
1.6050084351051102,-1.6672441091916592,-1.0167889864172834
-0.35201142561184307,1.2177314350752835,-0.8071326563897903
1.370915150330355,-0.9584784910499529,-0.4565649541595354
1.4224156729808008,-0.8187218902896161,-0.4302460575957023
-1.1432467281505179,1.1728096705451736,-0.6152152626463202
-0.7171969498604617,0.6986354893940312,2.2041175750645925
-0.7265606812514533,0.9432095407246172,-0.2750172056622157
1.0197752231682222,-1.352791757480905,-0.7497048240875066
-0.562695381909124,-0.075017121957829,-0.6849603385404777
-0.8014705323793734,0.658705032033936,-0.7023834480657349
1.2491866422474798,-1.3577830646509195,-1.5060046357458103
-1.3726581472297754,1.2177314350752835,-1.5641693971518813
0.8278187296529211,-1.2429829997406412,0.24446517471471896
-0.881062249202791,1.307574964135496,-0.9470965483162538
1.8952841082258054,-1.0133828699200846,-0.7763395474101057
0.7810000726979694,-1.1731046993604728,-0.13968543953098653
-1.1900653851054661,1.4922533294259426,-0.45361723774438595
-0.792106800988385,0.6437311105238994,-1.4557355433088892
-0.6844238899919958,0.19950477239283018,0.18056289385773283
-0.8951078462892768,0.8034529399642875,1.5758855140859
1.370915150330355,-0.883608883499777,-0.46377633181802563
0.860591789521387,-1.2779221499307218,0.6414594104835751
-1.3679762815342813,1.2526705852653641,-0.026987924444653977
-1.3258394902748272,1.157835749035137,0.18893230296503136
-0.6656964272100158,0.5039745097635625,-0.07336182019012755
-1.222838444973932,1.1927748992252178,5.154097415318374
1.0665938801231705,-1.5574353514513957,0.23620104119367552
0.8184549982619328,-1.1331742420003776,0.6514079533847041
-0.525240456345164,1.1778009777151883,0.6397223633103625
0.5515886536187118,-0.05505189327778493,0.6077712228818689
-0.8716985178117993,0.7385659467541265,-1.1316446510218503
1.2632322393339657,-1.3428091431408828,1.0234518752110469
0.9729565662132704,-1.447626593711132,0.17014061081845494
1.0150933574727246,-0.8187218902896161,-0.59289683836019
-0.6563326958190274,0.3492439874931891,1.12846427250074
-0.65165083012353,0.5239397384436137,-0.40955940489652964
0.4111326827538567,-0.1199388864879388,-0.5993186491217652
-0.7406062783379391,0.6936441822240167,-0.2828602368382379
-0.7499700097289275,0.6087919603338188,-1.0425815050498397
-0.8295617265523451,0.6836615678839947,-0.6443766000390472
-0.7218788155559558,0.9232443120445731,-0.3232334241671575
-1.3445669530568072,1.2227227422452909,-0.9006173769845248
2.33069761790685,-1.43764397937111,-0.8115542310125141
0.9027285807808446,-1.3428091431408828,0.946232232692761
-0.6610145615145216,0.5938180388237821,-0.8436632848203903
2.31197015512487,-1.3777482933309635,-0.6903293934394995
-1.115155533977546,1.127887906015064,-0.5342056990228425
-0.46437620230372645,-0.43938254536870774,-0.010249106230056195
-1.236884042060418,1.3375228071555691,0.6090871677100608
-0.7031513527739758,0.8633486260044267,0.4332243008705289
1.6799182862330302,-1.233000385400619,-0.32012779437262523
0.6873627587880694,0.03978294295244923,-0.8078695854935775
0.5796798477916801,-1.2379916925706267,-0.023040089960078884
1.5535079124546642,-0.7688088185894988,-1.0774277241003545
1.1789586568150539,-1.3428091431408828,0.09518439340465855
-0.773379338206405,1.532183786786038,0.09002588967814716
1.0900032086006481,-0.8336958117996527,-0.5240992427423307
-0.7125150841649674,0.6237658818438553,-0.7754973427200629
1.0806394772096564,-1.3877309076709856,-0.5126768416336271
0.33154096593044247,0.13960908635268376,-0.9727311535694271
1.5066892554997124,-1.0483220201101724,-1.1206433522581685
-0.6422870987325416,0.583835424483753,0.20167064890192674
-0.8670166521163051,0.6437311105238994,-0.3469730688677349
-0.6469689644280358,0.18453085088279356,-0.028672333824739334
-0.9044715776802651,0.8982877761945145,-0.08209969384932006
-0.6610145615145216,0.1945134652228156,0.018754317783287674
1.0478664173411905,-1.3428091431408828,-1.4132042064617352
1.375597016025849,-0.9634697982199675,-1.5050571554695122
-0.7312425469469475,0.6137832675038262,1.2378456066200298
2.3213338865158617,-2.286166198273153,-0.9353056826556567
-0.7874249352928876,0.7635224826041851,0.3917983576790561
-0.7780612039018993,0.6936441822240167,-0.8729825355925002
-0.6891057556874933,0.7635224826041851,1.098829194969864
1.4224156729808008,-0.8237131974596306,0.09439482650774354
0.49540626527276843,0.049765557292471264,-0.30475755877934685
1.356869553243869,-0.9634697982199675,0.4324873717667419
-0.843607323638831,0.5988093459937897,0.45275292212089324
-0.6984694870784817,0.573852810143731,0.09118392112695592
-0.6469689644280358,0.18453085088279356,0.009595341779073882
-0.7125150841649674,0.6836615678839947,-0.8903003695315023
0.9542291034312904,-1.457609208051154,0.4244864272113366
-0.792106800988385,0.6836615678839947,0.09128919671321148
1.0291389545592105,-1.3178526072908172,1.9390336488736675
0.9682747005177763,-1.1132090133203263,0.45554272515665956
1.445825001458275,-0.8386871189696672,0.7090463368594982
-0.773379338206405,0.7485485610941556,-0.34813110031654365
-0.6563326958190274,0.28934830145304974,1.4496074483726298
0.5234974594457401,-0.0899910434678656,-0.715648171933907
-0.7406062783379391,0.9531921550646464,-0.12931579428483644
1.375597016025849,-0.9534871838799455,-1.063004968783374
-0.6797420242965017,0.5588788886336944,-0.9745734763288953
1.0806394772096564,-1.3927222148410001,-0.4129282236567004
-0.792106800988385,0.8134355543043095,0.6515132289709593
0.8886829836943587,-1.352791757480905,0.6579876775256626
1.0900032086006481,-1.3877309076709856,-0.7128583688981406
0.631180370442126,-1.1681133921904583,-0.6227951048567042
-0.862334786420811,0.6387398033538848,-0.9846799326094072
-0.7312425469469475,0.8883051618544854,-0.04072638845097478
-0.67037829290551,0.5688615029737164,-0.39945294861601777
1.0150933574727246,-1.3178526072908172,-0.42240302641968014
0.7997275354799528,-1.1331742420003776,0.11697643975951241
-1.0074726229811601,0.9332269263845951,1.3092224541011448
-0.7686974725109076,0.6387398033538848,-1.0175785533141986
-1.3539306844477954,1.2027575135652468,-0.4267193254561487
-0.9138353090712568,1.572114244146133,-0.8684556853835209
-0.7406062783379391,0.5638701958037089,0.31410497502262086
0.9963658946907447,-1.4226700578610734,-1.3339316900114704
-0.12728187222807955,-0.6290522178291619,-0.6022137277437869
1.1695949254240656,-0.8386871189696672,-0.3007570865016442
0.33154096593044247,0.12962647201266173,-1.262133740185334
-0.6937876213829874,0.7834877112842362,-0.6995410072368411
-0.862334786420811,0.8583573188344192,-0.23543358523021088
-0.7546518754244217,1.1129139845050273,-0.8399260015083261
-0.7780612039018993,0.6936441822240167,-0.8175549394290681
1.5254167182816925,-1.183087313700495,-0.6963301018560535
-0.65165083012353,1.1328792131850784,-0.16221441498962763
-0.7780612039018993,0.6836615678839947,-1.0427394184292227
1.0431845516456963,-1.213035156720568,3.614389328541017
-0.7406062783379391,0.573852810143731,0.6024021679828474
-0.6937876213829874,1.082966141484954,0.4843882357906201
-0.6469689644280358,0.16955692937275696,2.1735876550505466
-1.171337922323486,1.297592349795474,1.5396707124140663
1.9280571680942713,-1.1331742420003776,-1.127644178744148
-0.6376052330370441,0.5588788886336944,-0.08720555978270368
1.1976861195970339,-0.5491913031089715,-0.9627299728751706
-0.7874249352928876,0.7086181037340533,-0.5701573117290383
0.7997275354799528,-1.1681133921904583,-0.5613668002767183
-0.7686974725109076,0.5588788886336944,-0.4729353078222394
0.6779990273970777,-0.6390348321691839,0.1617185639180284
-1.0355638171541286,0.9731573837446904,-0.4041377122043801
-0.8342435922478393,0.7086181037340533,0.1438217142546221
-1.2602933705378954,1.157835749035137,1.5258269728214902
-0.7546518754244217,0.6537137248639214,-1.2161283089917543
1.352187687548375,-1.6023571159815053,-0.7255967148350357
1.0619120144276764,-1.3128613001208096,3.406154218927971
1.0478664173411905,-1.352791757480905,-0.16221441498962763
-0.8576529207253167,0.8683399331744412,-0.0013533191914805868
-0.899789711984771,0.8433833973243827,-0.16610961168107494
-0.7171969498604617,0.7685137897741997,0.29104962163270365
0.9589109691267846,-1.2928960714407585,-0.781024310998468
-0.6656964272100158,0.7186007180740824,1.2168431271620914
-0.8061523980748709,0.6087919603338188,-0.5734208549029537
-0.7265606812514533,0.7735050969442142,-0.6651158905313476
1.2772778364204516,-1.1231916276603484,-0.2984936613971547
-0.8670166521163051,0.7884790184542508,-0.17863740644545945
-0.44564873952174644,0.7036267965640458,-0.6740116775699232
1.0525482830366881,-1.4725831295611906,-0.03362028637873985
0.9823202976042588,-0.7937653544395574,-0.22532712894969897
0.7341814157430211,-1.128182934830363,1.5594625226300687
1.2398229108564915,-1.233000385400619,-0.10247051978972674
-1.3492488187523013,1.1927748992252178,2.4909935476103717
-0.6844238899919958,0.40913967353333547,1.5458819720031307
-0.7546518754244217,0.6437311105238994,-0.911934502506973
1.1836405225105482,-0.8736262691597478,-0.1951130356944188
1.338142090461889,-0.9734524125599895,-0.13215823511373032
1.1134125370781223,-0.3595216306485173,-0.4199290501426797
-1.0027907572856627,0.9432095407246172,0.19703852310669218
1.1040488056871338,-0.8786175763297625,-0.7214909669710777
1.7033276147105076,-0.723887054059389,-0.3530264150774164
1.338142090461889,-0.9634697982199675,-0.2641211824847888
-0.12260000653258538,0.28934830145304974,-1.1272230763991264
1.2819597021159457,-1.1731046993604728,-0.6135308532662351
1.3006871648979257,-1.5873831944714687,0.05165293848807886
-0.6891057556874933,0.7435572539241411,0.35553091821409416
-0.9091534433757626,0.6187745746738408,0.4479102451531476
-0.7967886666838793,0.7834877112842362,0.5985069712913998
-0.792106800988385,0.5988093459937897,-0.791236042865235
0.6920446244835636,-0.34953901630848816,-0.6323225454128117
1.0104114917772304,-1.3128613001208096,-0.8248715926738137
2.457107991685219,-2.2612096624230875,-0.9500969025245307
0.860591789521387,-1.3178526072908172,-0.500412235834881
-0.7406062783379391,0.6038006531638042,-0.6868552990930736
-0.7171969498604617,1.147853134695115,-1.0887974874159303
1.4973255241087209,-0.6490174465092131,-0.533995147850332
0.6967264901790577,-1.0283567914301213,-0.73091313194093
-0.8529710550298193,0.5888267316537675,-0.048885246385762915
-0.6844238899919958,0.4790179739135039,0.06807592994391068
1.942102765180757,-1.0083915627500772,-1.2979800773052748
0.9776384319087646,-1.2779221499307218,1.3890213484826863
-0.1132362751415937,0.27437437994301317,-0.9607297367363192
-0.7265606812514533,0.9731573837446904,0.3284224547533463
-0.6235596359505616,1.2876097354554519,-0.18963870520914144
-0.9044715776802651,0.8034529399642875,0.4496999301194882
-0.7593337411199192,0.5938180388237821,0.4687548112317033
-0.6750601586010074,0.1795395437127861,0.6128770888152528
1.2398229108564915,-0.5392086887689495,-0.911934502506973
-0.7967886666838793,1.297592349795474,-1.2878736210247625
0.9729565662132704,-1.2629482284206852,0.7066249983756256
-0.810834263770365,0.8833138546844779,2.0965785637047714
0.9682747005177763,-1.4176787506910586,-0.7681806894753173
-0.5205585906496665,0.5339223527836358,1.082037738962139
-1.3117938931883413,1.1827922848851957,-0.5387325492318218
1.0900032086006481,-0.8486697333096892,-0.6885923462662866
1.1461855969465882,-1.617331037491542,-0.21569441280733612
1.0057296260817363,-1.3028786857807877,0.002278688534328311
1.0244570888637163,-1.3378178359708683,0.018754317783287674
0.27067671188900494,-0.26468679441828313,-1.2433420480387576
0.785681938393467,-1.1032263989803044,1.3663344596446625
-0.7125150841649674,0.6836615678839947,0.10097455064870187
1.923375302398777,-1.148148163510414,0.015438136816244738
-0.8201979951613534,0.8234181686443315,0.8042681046274459
2.475835454467199,-1.0283567914301213,-0.8616654100700522
-0.9138353090712568,0.7884790184542508,0.4494367411538501
0.5234974594457401,-0.075017121957829,0.04249396248386507
-0.7546518754244217,0.6137832675038262,-0.17632134354784215
-0.7312425469469475,0.8383920901543681,0.34068706055209236
-0.8155161294658593,1.2177314350752835,-0.1540029192617117
1.6658726891465443,-0.26468679441828313,0.881645660525115
-0.6937876213829874,0.5688615029737164,-0.08325772529812882
1.5909628380186243,-0.7738001257595133,-0.11284016503587707
0.8184549982619328,-0.5741478389590301,-0.8366098205412832
-0.7359244126424417,0.818426861474317,0.0351773092391195
0.9870021632997563,-1.4176787506910586,0.43817225342452965
-0.67037829290551,0.6686876463739581,-0.24827720675336135
-0.5580135162136298,-0.07002581478781443,0.7620525945390576
-0.7218788155559558,0.818426861474317,0.31152572315936566
-0.7780612039018993,0.8932964690244999,2.405772960536681
1.3147327619844116,-1.5724092729614323,-0.3637118870823327
-0.7780612039018993,0.7735050969442142,1.198735726326174
-0.6750601586010074,0.5938180388237821,-0.5962656571203607
-1.0355638171541286,0.9581834622346538,-0.24948787599529765
1.0150933574727246,-1.4176787506910586,-1.5723282550866693
-1.358612550143293,1.2027575135652468,-1.0058929632398566
1.427097538676295,-0.7937653544395574,-0.39718952351152825
-0.9278809061577427,0.8633486260044267,-0.8656132445546271
-0.8482891893343251,0.7884790184542508,0.12950423452389667
1.413051941589809,-0.8636436548197258,-0.15026563594964748
1.0900032086006481,-0.8486697333096892,-1.0046822939979203
-0.7312425469469475,0.7086181037340533,-0.7558108080903159
-0.8155161294658593,0.7435572539241411,-0.35739535190701277
2.176196049955512,-2.33607926997327,-1.0153677660028364
-0.7686974725109076,1.2876097354554519,0.4552795361910209
1.0244570888637163,-1.3278352216308462,4.3916389818641335
0.7716363413069811,-1.213035156720568,0.9784465620868923
-0.8576529207253167,0.6786702607139872,-0.600002940432425
1.389642613112335,-0.9235393408598722,-0.0018270593296296446
-0.6188777702550641,0.13960908635268376,0.018754317783287674
-0.61419590455957,0.5788441173137455,0.7516829492929078
-0.8389254579433334,0.8334007829843535,-0.17779520175541663
-0.67037829290551,0.45905274523345274,1.6063101585136912
-0.7218788155559558,0.6387398033538848,-0.9600980832187873
0.500088130968266,0.014826407102383502,-0.855822615032881
-0.8155161294658593,0.8433833973243827,-0.44703751360342786
-0.6797420242965017,0.7036267965640458,-1.0408970956697545
-1.115155533977546,1.157835749035137,0.39374595602477935
-0.8248798608568509,0.818426861474317,-0.8188708842572597
0.8278187296529211,-1.2679395355907,0.5691350827261624
1.0010477603862422,-1.3278352216308462,-0.28912413422043004
-0.7686974725109076,0.6437311105238994,-1.134223902885106
-0.67037829290551,0.35423529466320364,0.13387317135349305
-1.133882996759526,1.1129139845050273,-0.595897192568467
-0.8904259805937826,0.8383920901543681,0.10855439285908586
1.0946850742961423,-1.4925483582412418,0.43359276542242264
-0.7640156068154134,0.6337484961838774,-0.43198310476891544
-0.8014705323793734,0.7086181037340533,0.23620104119367552
0.9729565662132704,-1.4126874435210512,-0.43361487635587304
-0.5814228446911041,0.5239397384436137,-0.10957662186196167
-1.129201131064032,1.157835749035137,-0.1951130356944188
0.9635928348222788,-0.7288783612294035,-0.03377819975812271
0.6545896989196035,-1.2180264638905827,1.0702468733015418
1.9327390337897654,-1.0034002555800627,-0.4024533028242947
-0.7452881440334334,0.6287571890138628,-1.1073259905968689
-0.6656964272100158,0.5688615029737164,-0.7609693118168273
-0.6610145615145216,0.6786702607139872,2.368084300657272
1.0993669399916364,-1.3577830646509195,0.649512992832108
0.7950456697844553,-1.1880786208705094,0.468333708886682
1.0900032086006481,-1.372756986160949,-0.26091027710400116
1.0806394772096564,-1.233000385400619,0.9256508555798435
1.3662332846348575,-0.9385132623699088,-1.2537116932849075
-0.6984694870784817,0.7186007180740824,-0.31918031409632736
-1.3539306844477954,1.157835749035137,-0.6182156168545972
-0.7499700097289275,0.5938180388237821,-0.6476927810060902
-0.7406062783379391,1.1877835920552102,-0.7139637625538215
1.2632322393339657,-1.372756986160949,0.6406172057935325
-0.7686974725109076,0.8533660116644047,1.3248032408669341
1.1789586568150539,-0.8935914978397991,0.25509800892650747
1.0244570888637163,-1.352791757480905,-1.2945586207519766
-0.8576529207253167,0.8733312403444559,0.09355262181770098
-0.6891057556874933,0.6636963392039505,3.0064754557096043
-0.9466083689397227,0.9082703905345365,-0.3646593673586306
-0.63292336734155,0.5289310456136211,1.3266982014195299
-0.7265606812514533,0.6537137248639214,-0.754389587675869
2.326015752211356,-1.3378178359708683,-0.020197649131185005
-0.9044715776802651,0.8483747044943901,0.5498696504414368
-0.9325627718532369,0.8783225475144634,4.458646892515651
1.413051941589809,-0.9734524125599895,0.047810379589759325
-0.7031513527739758,1.1528444418651225,-0.9123029670588666
-0.8155161294658593,0.7535398682641631,0.6525659848335129
-0.9325627718532369,0.8284094758143461,-0.5344688879884808
0.5609523850097001,-0.12992150082796083,1.6421038578405043
-0.8529710550298193,0.5938180388237821,3.491901183932939
-0.7312425469469475,0.6337484961838774,-0.23459138054016831
-0.6984694870784817,0.5988093459937897,-0.1575296514012653
1.637781494973576,-0.9934176412400406,-1.2433946858318854
1.1040488056871338,-1.1132090133203263,0.8576428268588991
1.0853213429051538,-1.372756986160949,-0.6810125040559026
0.7763182070024753,-0.4593477740487518,-1.4607887714491454
-1.133882996759526,1.1079226773350197,-0.6293748289976625
1.9186934367032795,-1.1331742420003776,-1.2225501197533295
-0.4128756796532806,-0.30461725177838544,-0.03941044362278316
-0.9512902346352169,0.8284094758143461,0.6496182684183636
-0.6844238899919958,0.5688615029737164,3.8628923498967285
0.42517827984034257,0.09468732182258106,-1.2361306703802672
-0.7874249352928876,0.6537137248639214,-1.147962366891427
-0.7125150841649674,0.9681660765746829,0.2243575377399507
0.3221772345394508,-0.03508666459773377,-1.3231935802134267
1.394324478807829,-0.5441999959389568,-0.7192801796597158
-0.010235229840701954,0.5439049671236578,-1.182808585941942
-0.6750601586010074,0.5888267316537675,-0.7653382486464234
0.7997275354799528,-1.233000385400619,-0.09031118957723597
-0.8155161294658593,0.7285833324141044,-0.3493944073516075
-0.7125150841649674,0.8334007829843535,0.17435163426866823
-1.3820218786207672,1.2476792780953567,0.6379853161371494
-0.11791814083708788,0.27437437994301317,-1.613491009312504
1.5862809723231301,-0.7538348970794622,0.17498328778620015
0.6358622361376235,-1.1681133921904583,0.5256562656027103
-0.6844238899919958,0.4740266667434893,1.567305553806091
-0.792106800988385,1.082966141484954,-0.14958134463898778
-1.3398850873613097,1.1877835920552102,-0.7532315562270602
0.7716363413069811,-1.203052542380546,-0.2518565766860427
0.9963658946907447,-1.4226700578610734,-0.9673620986704051
-1.358612550143293,1.1977662063952323,-0.7704967523729348
-0.8389254579433334,0.6137832675038262,0.736049524733991
0.7575907442204953,-1.1930699280405168,1.207578875571622
-0.11791814083708788,0.29433960862305725,-1.1820716568381544
-0.8904259805937826,0.8583573188344192,-0.7457569896029318
-1.3211576245793297,1.2526705852653641,1.5380915786202363
1.1180944027736197,-0.8935914978397991,0.15856029633036833
-0.881062249202791,0.8234181686443315,-0.26727945007244885
1.1742767911195597,-0.8536610404797038,0.13071490376583297
0.5469067879232143,-0.050060586107770366,1.126621949741272
-0.8576529207253167,1.5421664011260598,-0.10736583455059971
-0.773379338206405,0.6038006531638042,0.28062733859342576
-0.8201979951613534,0.6038006531638042,0.45780615026114907
-0.7499700097289275,0.6137832675038262,-1.3297733043543847
0.7622726099159894,-0.4593477740487518,-1.0405286311178608
0.9355016406493104,-0.723887054059389,-1.2141807106460305
1.1134125370781223,-1.4775744367312051,-0.22501130219093302
1.3662332846348575,-0.9085654193498356,-1.0350016628394558
1.1087306713826282,-1.1531394706804217,0.7575257443300787
-0.7640156068154134,0.6437311105238994,-0.9000909990532483
2.447744260294227,-2.2412444337430433,-0.3416566517618406
-0.67037829290551,0.5988093459937897,-0.5153087312900104
0.7950456697844553,-1.108217706150319,0.9284406586156098
1.1227762684691138,-0.30960855894839295,-0.4016637359273797
-1.3211576245793297,1.307574964135496,-0.4000846021335499
2.569472768377099,-0.6939392110393158,-0.7214909669710777
-0.8248798608568509,0.8234181686443315,-0.42935121511253194
1.764191868751942,-1.8918529318422013,-1.2149702775429456
1.0900032086006481,-1.382739600500978,-0.8798780864922244
0.9729565662132704,-1.2529656140806633,0.8386405835398116
0.9682747005177763,0.5588788886336944,-0.8004476566625766
0.949547237735793,-1.4176787506910586,-0.4555648360901097
-0.4316031424352606,0.7036267965640458,0.15856029633036833
-0.7593337411199192,0.8683399331744412,0.6002966562577405
-0.7359244126424417,0.7235920252440898,-0.7045942353770971
-0.7406062783379391,0.6836615678839947,-1.139750871163511
1.3475058218528775,-1.43764397937111,-1.0141044589677726
0.9401835063448046,-0.7089131325493524,-1.081428196378057
-0.8061523980748709,0.7834877112842362,1.1097778559404188
1.1180944027736197,-1.1231916276603484,-0.8604021030349881
-0.7827430695973934,0.7136094109040678,-0.8935639127054177
0.823136863957427,-1.2629482284206852,1.9750905371661183
-0.8716985178117993,0.7385659467541265,-1.1070628016312305
-0.3426476942208547,1.2776271211154229,-0.8227134431555793
0.2332217863250449,0.21947000107288134,-0.953834185836595
1.0104114917772304,-1.4176787506910586,-0.26454228482981007
1.3334602247663916,-1.6472788805116152,-0.1906388232785671
0.3221772345394508,0.10966124333261766,-0.02482977492641956
0.4392238769268284,-0.015121435917682603,-0.6922243539920955
1.9327390337897654,-1.0034002555800627,-1.0965352430056972
-1.4007493414027472,1.6819230018863969,-1.266397401428675
-0.7640156068154134,0.6237658818438553,-1.0109988291732401
1.0057296260817363,-1.4426352865411174,-0.043147726934847384
-0.7546518754244217,0.658705032033936,-0.8823520627692248
1.8110105257068936,-0.9834350269000186,-1.337932162289173
0.556270519314206,-0.13990411516798287,0.8789611330756038
-1.0636550113271002,1.6120447015062283,-0.28912413422043004
-1.3632944158387872,1.2826184282854374,-0.9129872583695262
-0.7312425469469475,0.9432095407246172,-1.1001672507315063
-0.773379338206405,0.733574639584119,-0.2433818919924884
-0.792106800988385,0.7735050969442142,0.7532094452936098
0.9916840289952504,-1.4176787506910586,-0.746178091947953
-0.7640156068154134,1.0779748343149467,-1.0345805604944345
0.9589109691267846,-0.7288783612294035,-0.04472686072867742
0.8184549982619328,-1.2829134571007363,3.4514753588108915
0.7997275354799528,-0.4643390812187664,-0.21832630246371937
-0.9419265032442286,0.8583573188344192,3.431262446249868
1.2632322393339657,-1.712165873721769,0.9337044379283763
1.6003265694096127,-1.6672441091916592,-0.3416566517618406
-0.8529710550298193,0.7884790184542508,0.15582313108772955
-0.8529710550298193,0.8284094758143461,-0.6885923462662866
0.4579513397088084,-1.1731046993604728,-0.3770818865367598
-0.810834263770365,0.6287571890138628,-0.65243018238758
0.9074104464763387,-1.148148163510414,1.6835824388251046
1.0010477603862422,-1.3478004503108902,0.15582313108772955
1.370915150330355,-0.9484958767099309,-1.1253281158465305
0.9214560435628246,-0.6440261393391985,0.36416351628703136
-0.31455650004788305,-0.42939993102868573,0.4973371329000261
1.3334602247663916,-1.5823918873014542,0.35811017007734985
1.0900032086006481,-0.8736262691597478,-0.36118527301220477
-0.7218788155559558,1.5820968584861552,-0.31496929064611406
1.3849607474168408,-0.9734524125599895,-1.1611744529664711
1.4177338072853034,-0.8686349619897404,0.7039931087192424
-0.7031513527739758,0.7435572539241411,1.0969342344172683
1.4177338072853034,-0.7787914329295208,1.2525841886957765
1.0150933574727246,-1.352791757480905,-1.642652346705231
-0.7546518754244217,0.5988093459937897,-0.6607469537017513
2.8784759042797776,-2.3061314269531974,-1.1608059884145774
0.9448653720402987,-0.6839565966992938,-0.427929994698085
2.31197015512487,-2.2811748911031384,-0.9134083607145476
-0.7406062783379391,1.1977662063952323,-0.36350133590982203
1.370915150330355,-0.9484958767099309,-0.3925047599231659
-0.6750601586010074,0.7036267965640458,-0.14842331319017926
-0.918517174766751,0.8084442471342949,2.325710877189501
1.0853213429051538,-0.4244086238586712,-0.7255967148350357
-0.7312425469469475,0.6137832675038262,-0.36534365866929025
0.9963658946907447,-1.447626593711132,-0.31728535354373133
-0.7686974725109076,0.573852810143731,0.2906285192876819
2.4524261259897218,-2.25621835525308,-1.4281007019168648
0.9261379092583187,-0.7089131325493524,-1.3606716889203245
-1.2977482961018554,1.327540192815547,-0.09520650433810894
1.1040488056871338,-0.8935914978397991,0.20435517635143752
1.0197752231682222,-0.8187218902896161,-0.4609338909891315
0.9823202976042588,-1.4276613650310879,-0.10594461413615278
-0.8201979951613534,0.7635224826041851,0.995501207060256
1.9889214221357088,-1.0882524774702678,-0.6086881762984897
2.4149712004257617,-2.3011401197831898,-1.2653446455661217
-0.65165083012353,1.372461957345657,-0.7137532113813109
1.1602311940330738,-1.4975396654112492,-0.2106411846670803
0.785681938393467,-1.2529656140806633,2.0961048235666224
1.0759576115141622,-0.8386871189696672,-0.9408326509340617
-0.7640156068154134,0.9432095407246172,0.9807099871913818
1.0104114917772304,-1.4326526722010953,0.758894326951398
1.352187687548375,-0.9335219551998942,-1.167806814900557
-0.59546844177759,-0.07002581478781443,0.1650347448850711
1.431779404371789,-1.108217706150319,-0.5180985343257767
0.785681938393467,-1.1980612352105313,0.025281404131118228
-0.7640156068154134,0.6137832675038262,1.0678255348176693
-0.7686974725109076,0.8084442471342949,0.6019284278446981
2.508608514335665,-2.251227048083065,-0.6242689630642789
1.389642613112335,-0.8935914978397991,0.002278688534328311
-0.7078332184694733,0.658705032033936,-0.516782589497585
-0.843607323638831,0.6786702607139872,-0.5195197547402236
-0.61419590455957,0.5239397384436137,2.239279620873874
0.4766788024907884,-1.0283567914301213,-1.1914938218080067
-0.6376052330370441,0.4440788237234161,0.09797419644042489
-0.6563326958190274,0.48900058825352594,-0.2429607896474671
0.8980467150853471,-1.2080438495505534,-0.5070445977689669
-1.3258394902748272,1.2027575135652468,-0.6855919920580096
1.4036882101988208,-0.8786175763297625,-0.6066879401596383
-0.6797420242965017,0.7136094109040678,0.05165293848807886
1.1134125370781223,-1.552444044281388,0.17393053192364694
-0.937244637548731,0.8334007829843535,1.707637910284448
-1.3117938931883413,1.1927748992252178,0.029387151995076185
-1.3398850873613097,1.2676445067754007,-0.5240992427423307
-0.6937876213829874,1.127887906015064,0.027597467028735508
1.0104114917772304,-1.3278352216308462,-0.9649407601865325
1.0197752231682222,-0.8187218902896161,0.6960448019569646
0.3830414885808883,0.16955692937275696,-0.9212513918905699
-0.7078332184694733,0.6686876463739581,-0.8350306867474531
-0.6376052330370441,0.14460039352269832,0.41901209672605905
-0.6984694870784817,0.658705032033936,-1.0410550090491375
1.5769172409321384,-0.7638175114194842,0.6010862231546555
-0.7452881440334334,0.9282356192145877,0.3970621369918225
1.3802788817213432,-0.9185480336898577,-0.41145436544912567
0.8933648493898529,-1.3428091431408828,1.777593537351116
-0.7640156068154134,0.5788441173137455,-0.35776381645890626
-1.4007493414027472,1.2376966637553275,-1.1783343735260898
1.6705545548420417,-0.7089131325493524,-0.29991488181160164
2.5039266486401677,-0.40444339517862,-1.1513838234447251
1.356869553243869,-0.9584784910499529,-0.3925047599231659
-0.8014705323793734,0.7385659467541265,0.4352771748025082
0.9635928348222788,-1.2529656140806633,-0.2992832282940697
-1.3305213559703213,1.2376966637553275,0.11976624279527874
-0.7218788155559558,0.6287571890138628,-1.0786910311354188
-0.6422870987325416,0.5588788886336944,0.5080752426980697
-0.8061523980748709,0.7086181037340533,0.08455155919287005
-0.6656964272100158,0.5788441173137455,0.7786861371674001
1.3287783590708975,-0.7787914329295208,-0.10852386599940847
0.7763182070024753,-1.0882524774702678,0.24520210381850643
0.7997275354799528,-1.2379916925706267,1.4412380392653308
-1.0074726229811601,1.3375228071555691,-0.5598403042760157
0.7014083558745553,0.3143048373031084,0.15034880060245243
-0.7593337411199192,1.2376966637553275,0.09734254292289297
-0.7171969498604617,0.6237658818438553,-0.8630339926913714
-0.8670166521163051,1.5471577082960746,-0.2918612994630688
1.0057296260817363,-1.43764397937111,0.13750517907930196
0.5515886536187118,-0.075017121957829,-0.6284799865144922
-0.8201979951613534,0.8383920901543681,-1.0306327260098596
0.9074104464763387,-1.4076961363510367,1.3769146560633234
1.2445047765519857,-1.3478004503108902,-0.5420487301988648
0.8371824610439128,-1.2928960714407585,3.7786192430993357
0.5609523850097001,-0.13990411516798287,1.4988237849469972
-1.0636550113271002,1.8266709098167482,-1.5521153425256455
1.2491866422474798,-1.447626593711132,-0.24611905723512717
0.537543056532226,-0.09997365780788764,-0.6986461647536707
0.804409401175447,-1.1231916276603484,-0.22095819212010284
-0.6844238899919958,0.6187745746738408,0.1941960822777983
1.0619120144276764,-1.3627743718209269,-0.2429607896474671
-0.7031513527739758,0.658705032033936,-0.9188826911998249
-0.16941866348753373,-0.5392086887689495,0.19498564917471334
-0.65165083012353,0.8533660116644047,0.1697721462665612
0.9823202976042588,-1.4276613650310879,0.6261418126834245
-0.6984694870784817,0.5439049671236578,3.415786935070334
-0.7312425469469475,1.2926010426254593,0.539605280781542
-0.6750601586010074,0.5339223527836358,0.06807592994391068
-0.7874249352928876,0.7635224826041851,-0.025935168582100543
-0.7406062783379391,0.6337484961838774,-1.0203157185568372
1.1180944027736197,-0.42939993102868573,-0.09641717358004524
0.5141337280547484,-0.08000842912784356,-1.3001382268235089
-0.7171969498604617,1.5920794728261842,0.14482183232404774
-0.1132362751415937,0.29433960862305725,-1.4123620017716927
-0.8716985178117993,0.8433833973243827,1.6333659841813115
-0.7640156068154134,0.5688615029737164,-0.6131623887143414
-1.2743389676243813,1.242687970925342,1.942191916461327
-0.7078332184694733,0.5588788886336944,3.0920645073351887
-0.7452881440334334,0.6986354893940312,-1.1820716568381544
1.5581897781501584,-1.522496201261315,-0.954307925974744
-0.4316031424352606,0.7086181037340533,-0.16221441498962763
1.3287783590708975,-1.542461429941359,0.4628593784014049
-0.6984694870784817,1.0929487558249833,0.723942832314628
0.3034497717574708,0.1196438576726397,-0.9188826911998249
1.0104114917772304,-1.307869992950795,-0.4838839687927939
0.9916840289952504,-1.43764397937111,-0.4159812156581049
-0.792106800988385,0.658705032033936,-1.4355752685409935
0.9729565662132704,-0.7039218253793449,-0.7630221857488062
0.3174953688439566,-0.020112743087697168,-1.0457924104306273
-0.9231990404622484,0.8084442471342949,1.842969676415677
-0.8248798608568509,1.5122185581059866,-1.028527214284753
-0.63292336734155,0.329278758813145,0.7105728328602007
-1.3352032216658154,1.157835749035137,-0.7478098635349106
0.9448653720402987,-1.2429829997406412,-0.03530469575882521
0.6264985047466318,-1.2280090782306046,-1.1466464220632353
-0.4550124709127381,-0.43938254536870774,0.48259855082427944
0.766954475611487,-1.1631220850204507,0.632037245513723
0.5609523850097001,-0.1049649649779022,-0.7916571452102565
1.0525482830366881,-1.233000385400619,0.4062211129960366
0.4626332054043026,-1.1780960065304873,-0.0766780011571705
-0.6656964272100158,0.5788441173137455,0.906069596536352
2.31197015512487,-1.3877309076709856,-0.319390865268838
-0.843607323638831,0.7585311754341776,0.9638658933905292
-0.7031513527739758,0.8433833973243827,0.06928659918584698
0.43454201123133424,0.15957431503273492,-1.157226618481896
-0.5158767249541724,0.4340962093833941,0.8199541669794903
0.949547237735793,-1.4226700578610734,0.45554272515665956
0.9027285807808446,-0.8486697333096892,-0.5342056990228425
0.804409401175447,-1.2479743069106486,3.128647773558916
1.3662332846348575,-0.9484958767099309,-1.4131515686686076
-1.377340012925273,1.1927748992252178,0.6601984648370245
-1.171337922323486,1.2576618924353786,0.2161460420120348
-0.8155161294658593,0.6636963392039505,-0.8879316688407572
-0.8904259805937826,0.8633486260044267,-0.7630221857488062
-0.5720591133001157,-0.08499973629785104,0.908122470468331
-0.862334786420811,0.7036267965640458,-0.7741287600987438
1.637781494973576,-1.8119920171220107,-1.313666139657319
0.5469067879232143,-0.06503450761780696,-0.6197947506484273
0.45326947401331424,-1.1880786208705094,1.7102697999408312
-0.7640156068154134,0.5538875814636869,-0.7982368693512146
0.823136863957427,-1.2679395355907,1.3296459178346793
-0.7265606812514533,0.6836615678839947,-0.754389587675869
-0.014917095536196127,0.1196438576726397,-1.2679238974293774
-1.218156579278438,1.147853134695115,-0.17863740644545945
-0.8201979951613534,0.7036267965640458,-0.9897857985427909
-0.6844238899919958,0.3442526803231816,0.6488287015214484
-1.133882996759526,1.1728096705451736,-0.1227360701438781
-0.6610145615145216,0.4790179739135039,1.8183878270250569
1.1180944027736197,-0.8586523476497183,-0.6984882513742878
-0.9138353090712568,0.8134355543043095,1.8607086126997003
-0.6563326958190274,0.573852810143731,0.3510040680051147
0.7997275354799528,-1.2479743069106486,3.279349775283424
0.6779990273970777,-1.2829134571007363,0.7050458645817955
-1.377340012925273,1.1927748992252178,-0.3466572421089689
-0.6188777702550641,0.5439049671236578,-0.4583020013327483
1.0665938801231705,-1.3627743718209269,-0.1255785109727722
-0.6422870987325416,0.6287571890138628,0.9945010889908303
-0.6656964272100158,0.5988093459937897,-0.08231024502183071
1.3802788817213432,-0.9484958767099309,-0.6174786877508099
-0.6891057556874933,0.5888267316537675,-0.3326029513438822
0.5609523850097001,-0.09997365780788764,0.6278788598566377
-0.773379338206405,0.7585311754341776,0.08802565353929585
1.0150933574727246,-1.4326526722010953,0.2184621049096523
0.9682747005177763,-0.7338696683994181,-0.2984936613971547
1.356869553243869,-0.9385132623699088,-1.1050099276992515
1.0759576115141622,-0.8436784261396818,-1.2698188579819734
1.750146271665456,-0.8336958117996527,-0.7801294685152976
-0.7312425469469475,0.6387398033538848,-0.796920924523023
-0.6469689644280358,0.5339223527836358,0.49781087303817495
1.4364612700672867,-0.8536610404797038,-0.0470429236262947
-0.899789711984771,0.8883051618544854,1.7034795246273626
-1.2977482961018554,1.327540192815547,-0.7022781724794797
-0.7218788155559558,0.6736789535439726,-0.7102791170348849
-1.3352032216658154,1.1877835920552102,0.28373296838795786
-0.9325627718532369,0.8284094758143461,0.0315453015133106
1.0525482830366881,-1.3428091431408828,1.2484784408318184
1.2960052992024316,-1.522496201261315,1.3977592221418786
1.4224156729808008,-1.0982350918102897,-0.5451017222002693
-0.65165083012353,0.5688615029737164,0.07902459091446538
-0.881062249202791,0.8483747044943901,-1.5263228238930893
0.860591789521387,-1.287904764270751,0.931704201789525
-0.4877855307812007,0.4790179739135039,0.09855321216482928
-0.6984694870784817,0.5039745097635625,3.4578971695724667
-0.792106800988385,0.7685137897741997,0.2545189932021031
-0.899789711984771,0.7934703256242583,0.5213399665662419
1.0057296260817363,-1.4126874435210512,-0.6824337244703498
-0.6750601586010074,0.6986354893940312,0.11992415617466137
-0.7780612039018993,0.6537137248639214,-1.1972313412589222
-0.7499700097289275,0.6087919603338188,-1.0373177257370731
0.9963658946907447,-1.297887378610773,-0.7566003749872309
1.3475058218528775,-1.447626593711132,-0.16847831237181976
-1.1572923252370038,1.127887906015064,0.9079645570889479
-0.7171969498604617,0.7635224826041851,0.4900731174484083
1.0244570888637163,-1.3478004503108902,-1.1031149671466556
-0.7874249352928876,0.6038006531638042,-0.5240992427423307
-0.7171969498604617,0.6936441822240167,0.5286566198109873
-0.65165083012353,0.25940045843297654,0.8206910960832777
-0.7967886666838793,0.7984616327942728,0.1376104546655575
-0.6610145615145216,0.254409151262962,-0.38218775247014336
-0.6891057556874933,0.7285833324141044,0.17677297275254084
-0.6844238899919958,1.1079226773350197,-0.4665134970606642
-0.4690580679992206,-0.4493651597087298,-0.041568593141017345
1.427097538676295,-0.8686349619897404,-0.9315683993435923
1.0853213429051538,-1.4925483582412418,1.1968407657735782
0.9401835063448046,-1.2679395355907,0.7161524389317334
-0.7218788155559558,0.7086181037340533,-0.5603140444141648
0.841864326739407,-1.2829134571007363,4.589767635196666
0.9729565662132704,-1.4426352865411174,-0.11615634600292
1.0057296260817363,-1.352791757480905,-0.7141743137263322
0.8652736552168813,-1.3378178359708683,0.6398802766897451
2.288560826647396,-1.1731046993604728,-0.8271350177783031
1.1040488056871338,-0.883608883499777,0.047810379589759325
-0.7312425469469475,0.8982877761945145,-0.528784006330693
-0.6797420242965017,0.5688615029737164,0.01049018426224422
-0.9512902346352169,0.8533660116644047,1.4506075664420555
-1.358612550143293,1.2676445067754007,-0.19005980755416296
1.3662332846348575,-0.968461105389982,-0.5416276278538434
0.00849223294127806,-0.09997365780788764,-0.665379079496986
-0.7452881440334334,0.903279083364522,-0.5453122733727799
-0.5814228446911041,0.1346177791826763,0.4312767025248056
-0.8670166521163051,0.7984616327942728,0.04065163972439685
-0.810834263770365,0.818426861474317,3.1774430077882627
0.7482270128295037,-0.16985195818805607,-0.12931579428483644
-0.8389254579433334,0.8783225475144634,3.5411701583004347
1.4036882101988208,-0.8935914978397991,0.4514369772927014
0.7294995500475236,-1.0832611703002533,0.17540439013122144
-0.12260000653258538,0.27437437994301317,-1.131381462056212
0.26131298049801327,0.10966124333261766,-1.492687274084511
1.4177338072853034,-1.0932437846402823,0.17319360281985946
-0.7874249352928876,0.7086181037340533,0.06807592994391068
0.7060902215700494,-1.0583046344501945,0.7497879887403116
-1.1619741909324979,1.2376966637553275,-0.207535554872548
-0.5673772476046182,0.40913967353333547,-0.7653382486464234
-0.9419265032442286,0.8583573188344192,5.858285811780286
-0.9138353090712568,0.9332269263845951,-0.5534711313075683
0.823136863957427,-1.2180264638905827,0.07165529987659204
-0.9138353090712568,0.8683399331744412,0.15503356419081452
0.949547237735793,-0.7139044397193669,-0.3197593298207317
1.1695949254240656,-0.808739275949594,-0.05367528556038057
2.2370603039969463,-0.5342173815989348,-1.2443948039013109
-0.10855440944609952,0.29433960862305725,-0.5428909348889073
1.0712757458186681,-1.2529656140806633,1.2234754890961772
0.26131298049801327,-0.12493019365794628,-0.9730469803281931
1.3615514189393632,-0.9584784910499529,-0.6878554171624993
-0.65165083012353,0.5638701958037089,0.11808183341519315
-0.773379338206405,0.6986354893940312,-0.5411012499225668
0.5141337280547484,-0.11494757931792424,-1.1420142962680004
1.2866415678114431,-0.5991043748090887,-0.8201868290854514
-1.4007493414027472,1.242687970925342,-1.0246320175933057
-0.862334786420811,0.903279083364522,2.3132357202182443
1.4224156729808008,-0.8037479687795865,-0.8092381681148969
-1.077700608413586,0.6237658818438553,-0.25269878137608526
-0.792106800988385,0.6636963392039505,-0.9442014696942321
0.9074104464763387,-1.3627743718209269,0.6118243329526996
-0.6610145615145216,0.5389136599536503,0.611561143987061
-0.8201979951613534,0.6337484961838774,0.09628978706033976
-0.8482891893343251,0.7884790184542508,-0.530678966883289
-0.810834263770365,0.6038006531638042,0.45759559908863845
-0.8482891893343251,0.7235920252440898,-0.3112320073340498
-0.24432851461545713,-0.5242347672589128,-0.9693096970161289
-0.7593337411199192,0.7435572539241411,-0.20242968893916438
1.033820820254708,-1.352791757480905,-1.1491730361333632
1.8250561227933795,-0.9934176412400406,-1.2072851597463066
-0.8342435922478393,0.6387398033538848,-1.0347384738738175
0.949547237735793,-1.1331742420003776,0.9322305797208018
-0.6891057556874933,0.7086181037340533,-0.8391364346114111
0.8137731325664354,-1.2379916925706267,-0.24627697061451004
-0.6656964272100158,0.5988093459937897,0.21940958518594994
-1.358612550143293,1.2227227422452909,-0.23980252205980726
1.0946850742961423,-0.5491913031089715,-0.6410604190720043
-0.810834263770365,0.7186007180740824,0.017438372955096055
-0.8155161294658593,0.583835424483753,2.257597572882301
1.389642613112335,-0.9235393408598722,-1.1188536672918277
0.42517827984034257,0.13960908635268376,-1.0673739056129703
-0.7452881440334334,0.6387398033538848,-0.7552317923659115
1.0993669399916364,-1.063295941620209,0.6492498038664698
-0.7312425469469475,0.6287571890138628,-0.7912886806583628
-0.7265606812514533,0.9282356192145877,-0.6703270320509865
-0.9138353090712568,0.8883051618544854,2.5604754345388905
-0.16473679779203956,-0.5242347672589128,1.2863250140906102
1.370915150330355,-0.9285306480298868,-0.36213275328850264
1.4224156729808008,-0.7039218253793449,0.9018585730861383
0.518815593750246,-0.0600432004477924,-0.1883753981740776
-1.377340012925273,1.2277140494153056,-1.1987578372596244
0.39708708566737083,0.059748171632493303,-0.36781763494629066
-0.8155161294658593,0.6487224176939139,0.3133154081257063
-0.65165083012353,0.5488962742936724,-0.8209237581892386
-0.6610145615145216,0.4740266667434893,0.9290196743400142
-0.8014705323793734,0.8833138546844779,0.4004835935451208
1.0197752231682222,-1.3378178359708683,-0.6796439214345834
-0.12260000653258538,0.2993309157930718,-1.1322236667462549
1.923375302398777,-1.138165549170385,-1.2145491751979243
-0.8248798608568509,0.8284094758143461,-0.5069393221827116
-0.7499700097289275,0.6986354893940312,-0.7653382486464234
-1.3539306844477954,1.157835749035137,-0.4633552294730041
-0.5111948592586781,1.1927748992252178,-0.026987924444653977
-0.11791814083708788,0.22945261541290338,-0.4870948741735815
-0.6422870987325416,0.4041483663633209,0.8070052698700847
2.049785676177143,-0.8287045046296452,-1.1820716568381544
-1.3305213559703213,1.1877835920552102,-0.2628578754497247
-1.1432467281505179,1.1129139845050273,0.7397341702529274
1.3240964933754031,-0.9534871838799455,0.09523703119778609
-0.7780612039018993,0.658705032033936,-1.1053257544580175
1.2351410451609974,-1.3627743718209269,-0.12199914104009087
-1.3024301617973497,1.317557578475518,-0.7010675032375433
-0.6891057556874933,0.7235920252440898,-0.5303631401245228
0.8652736552168813,-1.3378178359708683,1.7325355864338339
-0.7171969498604617,0.7086181037340533,0.04096746648316281
0.6264985047466318,-1.213035156720568,-0.5140454242549465
-0.810834263770365,0.7235920252440898,-0.49120062203753945
-0.8061523980748709,0.6038006531638042,-0.037199656311421206
-0.8716985178117993,0.8683399331744412,0.1286620298338541
-1.4241586698802213,1.2576618924353786,0.20909257773292764
0.766954475611487,-1.1780960065304873,0.6525659848335129
-1.358612550143293,1.2576618924353786,-0.16726764312988346
-0.7359244126424417,0.6337484961838774,-1.0954298493500163
0.5984073105736601,-1.2180264638905827,-0.38924121674925055
1.4177338072853034,-0.9435045695399163,0.06354907973493144
0.9448653720402987,-1.2579569212506778,0.444067686254828
0.500088130968266,-0.1199388864879388,-1.3845166092071572
1.2210954480745115,-1.5125135869212858,0.4496999301194882
1.2632322393339657,-1.3977135220110146,0.5023377232471544
0.8933648493898529,-1.3677656789909414,0.15387553274200622
1.0525482830366881,-1.4775744367312051,0.3093149358480037
0.8278187296529211,-1.2579569212506778,0.668567873944323
-1.3211576245793297,1.317557578475518,-0.6462715605916431
-0.5673772476046182,0.16955692937275696,0.9892373096780639
1.0759576115141622,-0.8536610404797038,-0.9009332037432908
0.8840011179988646,-1.1980612352105313,0.34795107600371017
1.6330996292780784,-0.9085654193498356,-0.9350424936900182
1.2960052992024316,-1.3577830646509195,0.48038776351291745
-1.2134747135829438,1.9714188177470926,-0.8283983248133673
1.0010477603862422,-1.2928960714407585,0.4738080393719596
-0.6891057556874933,0.7685137897741997,3.1262264350750435
-1.3071120274928438,1.3325314999855546,-0.612583372989937
-0.9606539660262086,0.9282356192145877,0.401588987200802
-0.6984694870784817,0.8134355543043095,0.8107951909752767
-0.6656964272100158,0.5588788886336944,-0.885299779184374
1.356869553243869,-0.9734524125599895,-0.156318982159329
-0.9231990404622484,0.8034529399642875,1.9471925068084552
-0.6844238899919958,0.6387398033538848,-0.5109397944604143
2.9440220240167094,-2.2911575054431608,-0.9143558409908457
-0.6376052330370441,0.45905274523345274,1.1620471845161908
-1.3071120274928438,1.307574964135496,-0.23269641998757232
-0.8201979951613534,0.6337484961838774,-0.5401537696462687
0.8980467150853471,-1.2180264638905827,0.5506065795452237
-0.8951078462892768,1.1428618275251006,-0.8969327314655882
1.4036882101988208,-0.8636436548197258,-0.40713806641265704
1.0900032086006481,-1.467591822391183,-0.09704882709757717
-1.1385648624550204,1.147853134695115,0.17619395702813645
-0.8014705323793734,0.7635224826041851,-0.20000835045529178
1.6143721664960984,-0.7638175114194842,-0.6748012444668382
-0.792106800988385,1.053018298464888,-1.1394876821978728
-0.8576529207253167,1.1728096705451736,0.10581722761644706
0.631180370442126,-1.1531394706804217,0.5393420918159033
0.841864326739407,-1.1531394706804217,-0.25385681282489403
-0.7078332184694733,0.6537137248639214,-0.5978974287073183
1.319414627679909,-1.5574353514513957,0.02549195530362887
0.12085700963316148,0.1495917006927129,-1.11248449432338
-0.843607323638831,0.8084442471342949,0.6259838993040414
-0.7967886666838793,1.1628270562051517,-0.31591677092241194
1.0010477603862422,-0.6490174465092131,-0.14463339208498727
-0.7359244126424417,0.7285833324141044,-0.4707245205108775
-0.7827430695973934,0.6736789535439726,-0.5635775875880802
-0.7359244126424417,0.8334007829843535,0.9316515639963974
0.7950456697844553,-1.2379916925706267,0.7611577520558875
-0.7686974725109076,0.6537137248639214,-1.2204446080282227
0.6686352960060894,0.12463516484265426,0.6636199213903228
0.7997275354799528,-1.1930699280405168,0.7983200340040195
0.9729565662132704,-1.2779221499307218,-0.4002425155129328
-0.7640156068154134,0.6337484961838774,-0.9342529267931032
-0.7593337411199192,0.658705032033936,-1.3849377115521786
0.9916840289952504,-1.4226700578610734,-0.862139150208201
-0.9044715776802651,0.8334007829843535,0.40932674279056863
1.4224156729808008,-1.1132090133203263,-0.35960613921837475
-0.843607323638831,0.8284094758143461,-1.448418890064144
-0.7640156068154134,0.6487224176939139,-1.0625838664383527
1.5394623153681783,-1.522496201261315,-1.0680055591305024
-0.7312425469469475,0.5788441173137455,5.858285811780286
-0.7359244126424417,0.6287571890138628,-1.1570687051025128
-0.7171969498604617,0.6636963392039505,-0.36929149315386534
-0.562695381909124,-0.0899910434678656,-0.2595416944826818
0.4392238769268284,-1.1731046993604728,0.15966568998604955
-0.8061523980748709,0.7735050969442142,0.4818616217204924
0.23790365202053906,-1.0233654842601139,-0.3332872426545419
0.9542291034312904,-1.2779221499307218,-0.3670280680493756
-0.8061523980748709,0.7735050969442142,0.6552505122830238
-0.843607323638831,1.0080965339347783,0.19366970434652148
0.4579513397088084,-1.1731046993604728,0.22598930932690828
-0.6844238899919958,0.5039745097635625,1.716796886288662
-0.6891057556874933,0.6636963392039505,-0.2828602368382379
-0.59546844177759,0.254409151262962,-0.5661568394513357
-0.8248798608568509,0.6936441822240167,0.102711597821915
-0.7125150841649674,0.8982877761945145,-0.06351855287525406
-0.792106800988385,0.6187745746738408,-1.0210526476606243
-0.7593337411199192,1.0580096056348955,-0.5846327048391465
1.3240964933754031,-1.542461429941359,-0.6676425046014756
0.841864326739407,-1.2679395355907,1.8063337723988215
-0.810834263770365,0.583835424483753,1.813071409919163
-0.7452881440334334,1.2077488207352542,1.9536669553631585
-0.36137515700283473,0.6986354893940312,-0.5972131373966586
-0.014917095536196127,0.9432095407246172,1.148835098441147
-0.7312425469469475,1.0879574486549686,-0.007827767746183597
-0.65165083012353,0.5538875814636869,-0.006511822917991978
0.6452259675286118,-1.0034002555800627,0.26246729996438084
-0.07578134957763367,-0.5342173815989348,-0.9239359193400807
-0.5861047103865983,0.5089658169335771,1.2788504474664817
-0.6469689644280358,0.3791918305132623,0.9713404600146576
-0.8342435922478393,0.6986354893940312,-0.42145554614338226
-0.8061523980748709,1.0480269912948734,-0.866718638210308
-0.7125150841649674,1.157835749035137,-0.59131770456636
0.8886829836943587,-0.6190696034891399,-1.0504771740189895
-0.49714926217219235,0.733574639584119,-0.2958617717407712
1.3615514189393632,-1.1930699280405168,-0.34134082500307467
-0.6376052330370441,0.5488962742936724,-0.5976342397416798
0.7529088785250011,-1.22301777106059,3.5860701958383334
-0.7406062783379391,0.6836615678839947,-1.0265269781459017
0.6779990273970777,-0.6090869891491179,-0.5076236134933713
1.1087306713826282,-1.22301777106059,0.4036418611327809
-0.792106800988385,0.6886528750540092,-0.25585704896374534
-0.4316031424352606,0.903279083364522,-0.48246274837834696
-0.773379338206405,0.8633486260044267,1.177470057902597
-0.8342435922478393,0.6337484961838774,-0.7771817521001483
-0.15537306640105122,0.23943522975292542,-0.09762784282198154
2.283878960951898,-0.723887054059389,-0.2984936613971547
-0.7874249352928876,1.532183786786038,-1.1434881544755755
0.8184549982619328,-1.2379916925706267,-0.16095110795456355
1.0010477603862422,-1.4276613650310879,0.3023141093620241
0.4626332054043026,-1.1681133921904583,-0.3074947240219854
-0.8342435922478393,0.5988093459937897,1.330014382386573
1.427097538676295,-0.8536610404797038,-0.6680109691533692
2.6818375450689826,-2.251227048083065,-0.9764684368814913
0.804409401175447,-1.1581307778504362,-0.6860657321961586
1.1040488056871338,-1.128182934830363,0.5506065795452237
-1.3445669530568072,1.2826184282854374,0.27741643321263815
-0.7265606812514533,0.9531921550646464,-0.2984936613971547
1.0150933574727246,-1.4326526722010953,0.3970621369918225
0.5328611908367318,-0.1049649649779022,-0.7971841134886614
-1.3867037443162613,1.2526705852653641,0.09465801547338219
-0.7406062783379391,0.6137832675038262,0.024228648268565026
0.9916840289952504,-1.4226700578610734,-0.6071090425046599
0.19576686076108155,0.1495917006927129,-0.8311354900560058
-0.6750601586010074,0.6087919603338188,0.08455155919287005
-0.06173575249114783,0.14460039352269832,-1.1455410284075542
-0.8576529207253167,1.1228965988450563,0.11976624279527874
0.9916840289952504,-1.4326526722010953,0.35595202055911546
-0.792106800988385,1.06300091280491,0.02217577433658593
0.9355016406493104,-1.4775744367312051,-0.5063603064583072
1.4926436584132268,-0.8336958117996527,0.8312186547088107
0.9870021632997563,-0.6889479038693083,-0.45603857622825855
0.9448653720402987,-1.233000385400619,1.2565846609734792
-1.3258394902748272,1.167818363375159,-0.6476401432129626
-0.9653358317217027,1.2027575135652468,0.038756679171800854
-0.8061523980748709,0.6187745746738408,-0.7451779738785274
-0.7265606812514533,0.7235920252440898,-0.33491901424149945
1.7220550774924877,-1.787035481271952,-0.5197303059127343
-0.7265606812514533,0.8483747044943901,-0.32833929010054114
-0.7827430695973934,1.167818363375159,0.727627477833564
-0.7406062783379391,0.5239397384436137,0.5023377232471544
-0.7406062783379391,0.6487224176939139,-1.344248697464493
-0.7359244126424417,0.7984616327942728,-0.33128700651569054
0.8840011179988646,-0.6290522178291619,0.16592958736824168
-0.10855440944609952,0.3143048373031084,0.184616003928563
-1.3398850873613097,1.242687970925342,-0.5752631776624219
-0.9231990404622484,0.8084442471342949,1.5538302787654086
1.0104114917772304,-1.457609208051154,1.1948931674278545
-1.414794938489233,1.242687970925342,-0.27333279628213036
1.0244570888637163,-1.213035156720568,0.38611347602126783
-0.899789711984771,0.8533660116644047,-0.26091027710400116
0.5328611908367318,-0.12493019365794628,-0.5066761332170732
-1.3024301617973497,1.2776271211154229,0.8525369609255158
-1.1385648624550204,1.0929487558249833,-1.016999537589794
1.394324478807829,-0.9435045695399163,-1.3575134213326647
-1.4288405355757188,1.23270535658532,-0.8530854497902425
-1.3445669530568072,1.212740127905269,-0.8937744638779284
-1.2602933705378954,1.157835749035137,1.1106200606304615
-0.7218788155559558,0.5988093459937897,-0.3784504691580792
0.9167741778673304,-0.6939392110393158,-0.7820770668610212
-0.7499700097289275,0.7036267965640458,-0.36755444598065223
-0.7312425469469475,0.7385659467541265,-0.44003668711744826
2.457107991685219,-2.286166198273153,-1.1294338637104884
1.4739161956312468,-0.8336958117996527,-0.17995335127365106
-1.3445669530568072,2.086218882657371,1.255479267317798
0.949547237735793,-0.6639913680192496,-0.4697244024414518
-0.9091534433757626,0.8883051618544854,0.9689717593239126
-0.8716985178117993,0.7036267965640458,-0.5240992427423307
-0.5814228446911041,0.02480902144241263,-0.6479559699717286
-0.7780612039018993,0.6886528750540092,-1.1130108722546568
1.0712757458186681,-1.372756986160949,-0.31754854250936976
0.7950456697844553,-0.8586523476497183,0.06807592994391068
-0.7593337411199192,0.5488962742936724,0.4854936294463013
-0.8014705323793734,0.6437311105238994,-0.42935121511253194
-0.7499700097289275,0.5688615029737164,-0.33681397479409547
0.49540626527276843,-0.0600432004477924,-0.9024070619508655
-0.1132362751415937,-0.6440261393391985,-0.5981079798798289
0.7529088785250011,-1.1980612352105313,0.2819432834216172
1.6284177635825843,-1.033348098600136,-0.25864685199951143
1.2398229108564915,-1.2280090782306046,0.32505363599317555
1.1415037312510938,-1.2829134571007363,0.42396004928005976
-1.377340012925273,1.242687970925342,-0.09641717358004524
-0.6937876213829874,0.573852810143731,0.673199999739558
-0.8389254579433334,0.6487224176939139,0.027386915856224867
-0.810834263770365,1.0080965339347783,-0.22359008177648607
0.9635928348222788,-1.447626593711132,-0.2219583101895285
0.841864326739407,-1.3328265288008536,1.9904081349662692
1.0244570888637163,-1.3428091431408828,-0.6633788433581347
0.860591789521387,-1.3128613001208096,-0.5499970369611422
-0.6188777702550641,0.5588788886336944,0.09734254292289297
0.9542291034312904,-1.2829134571007363,0.19366970434652148
-0.8576529207253167,0.7535398682641631,-0.13105284145804932
-0.6376052330370441,0.1495917006927129,-0.14810748643141308
-0.7171969498604617,0.6038006531638042,-0.4709350716833879
-0.8155161294658593,0.7086181037340533,-0.3140744481629437
0.5281793251412343,-0.0899910434678656,-1.2948744475107423
-0.8014705323793734,0.7285833324141044,0.22598930932690828
0.8090912668709411,-1.2629482284206852,2.888724712483015
1.3428239561573831,-0.9235393408598722,-0.44514255305083184
-0.6422870987325416,0.5638701958037089,0.86416991320673
-0.7171969498604617,0.6287571890138628,-1.2306037021018623
1.0619120144276764,-1.352791757480905,0.13187293521464175
1.8110105257068936,-1.307869992950795,-0.8949324953267369
1.356869553243869,-0.9534871838799455,-0.7982368693512146
-0.862334786420811,0.6487224176939139,-0.37339724101782307
-0.7967886666838793,0.6137832675038262,-0.5475756984772696
0.860591789521387,-1.3328265288008536,0.36053150856122246
-0.7827430695973934,0.6437311105238994,-1.1873354361509207
-0.7546518754244217,0.5439049671236578,-0.8311354900560058
-0.9934270258946744,0.9182530048745585,1.214790253230112
-0.7593337411199192,0.6137832675038262,-1.1853878378051974
-0.8014705323793734,0.6686876463739581,-1.1722283895232808
-0.8342435922478393,0.8134355543043095,-0.27970196925057783
0.7716363413069811,-1.1980612352105313,0.614719411574721
0.5234974594457401,-0.1049649649779022,-1.38604310520786
1.731418808883476,-0.3145998661184075,-0.04556906541871998
1.1415037312510938,-1.3028786857807877,0.7675269250243353
-0.9512902346352169,0.9531921550646464,1.936085932458518
-0.7780612039018993,0.6636963392039505,-0.9094605262299726
0.6264985047466318,-1.2280090782306046,-0.33176074665383937
-0.7078332184694733,0.6736789535439726,-0.4099278694484234
1.3662332846348575,-0.9185480336898577,-1.028527214284753
0.860591789521387,-0.18981718686810722,-1.2478688982477368
0.6499078332241094,-1.0034002555800627,-0.35202629700799076
1.4224156729808008,-0.9035741121798211,-0.7763395474101057
0.7763182070024753,-1.1431568563403995,0.14408490322026027
0.2566311148025191,0.1495917006927129,-0.6636946701169006
0.5281793251412343,-0.1199388864879388,-0.8778778503533731
1.0150933574727246,-1.4326526722010953,-0.5784740830432095
1.0712757458186681,-1.3627743718209269,0.11039671561855408
1.2585503736384716,-1.3677656789909414,-0.0874687487483421
1.2351410451609974,-1.2479743069106486,0.2568350560997206
-0.7078332184694733,0.7784964041142217,0.03649325406731112
-0.67037829290551,0.5439049671236578,-0.754389587675869
-0.6048321731685783,0.26439176560298405,0.7830024362038689
-1.1900653851054661,1.1528444418651225,1.6694755102668903
0.9167741778673304,-1.4076961363510367,1.1904715928051306
-0.7967886666838793,0.7485485610941556,0.13387317135349305
-0.862334786420811,0.7884790184542508,-0.30791582636700693
-0.7125150841649674,0.8932964690244999,-0.41961322338391377
0.804409401175447,-1.22301777106059,2.23033119604217
1.0244570888637163,-1.3478004503108902,-1.4527351891006124
-0.8763803835072967,0.8334007829843535,-0.09231142571608729
-0.862334786420811,0.7984616327942728,0.16377143785000725
1.0806394772096564,-1.2180264638905827,1.3213291465205077
-0.7827430695973934,0.7685137897741997,0.09628978706033976
1.2538685079429774,-1.5624266586214102,0.17145655564664633
1.801646794315902,-1.108217706150319,-0.25148811213414896
1.0385026859502022,-1.3428091431408828,-0.41882365648699876
0.49072439957727426,-1.0183741770900994,-0.5350479037128851
-0.35669329130734057,-0.42939993102868573,0.41801197865663337
-0.4924673964766982,0.7485485610941556,0.07581368553367777
0.4579513397088084,-1.1231916276603484,-0.036410089414506186
-0.7406062783379391,0.583835424483753,-0.09231142571608729
0.00849223294127806,0.3492439874931891,-0.20606169666497326
-0.9278809061577427,0.8234181686443315,-0.22580086908784802
-1.3492488187523013,1.23270535658532,-1.2807675189525278
0.4579513397088084,-1.1731046993604728,-0.7255967148350357
-0.8201979951613534,0.6387398033538848,0.23493773415861166
1.408370075894315,-0.9435045695399163,-1.1632799646915775
0.5047699966637601,-0.12992150082796083,-0.7653382486464234
-0.7686974725109076,0.8134355543043095,0.5908744912878883
0.823136863957427,-1.2579569212506778,-0.0766780011571705
1.0385026859502022,-1.352791757480905,-0.7653382486464234
-0.9231990404622484,0.7984616327942728,-0.5603666822072926
-1.3305213559703213,1.2876097354554519,0.102711597821915
-0.9512902346352169,0.9282356192145877,-0.5845800670460187
-0.7546518754244217,0.7136094109040678,-0.589896484151913
-0.09919067805510785,0.27437437994301317,-0.8411366707502624
-0.6610145615145216,0.6786702607139872,2.8296124708006465
-0.8389254579433334,0.7235920252440898,0.6323004344793616
-0.8670166521163051,0.6836615678839947,-0.9914175701297484
-0.7499700097289275,0.5638701958037089,0.19498564917471334
-0.7499700097289275,0.583835424483753,-0.24469783682068
-0.7265606812514533,1.242687970925342,-0.42540338062795713
-0.881062249202791,0.8084442471342949,1.4553449678235455
-0.7780612039018993,0.733574639584119,-0.4677241663026005
1.389642613112335,-0.9235393408598722,-0.8556120638603705
1.0104114917772304,-1.4326526722010953,0.298366274877449
-0.8155161294658593,0.7136094109040678,0.5474483119575642
1.1695949254240656,-0.8486697333096892,-0.8805097400097563
-0.10387254375060535,0.26439176560298405,-1.3222460999371288
1.2960052992024316,-1.5374701227713516,1.572779884291368
0.5234974594457401,-0.0600432004477924,0.4609117800556811
0.9167741778673304,-0.6889479038693083,-1.0654263072672467
-1.0636550113271002,1.157835749035137,-0.815502065497089
1.7876011972294195,-0.9884263340700261,-1.3209827929020648
1.2772778364204516,-0.8137305831196086,0.010016444124095164
-1.3820218786207672,1.23270535658532,-1.100377801904017
-0.8482891893343251,0.8633486260044267,0.4863358341363439
0.7950456697844553,-0.7588262042494768,-1.1326974068844038
-0.7406062783379391,0.5488962742936724,0.4370142219757209
-0.6984694870784817,0.6537137248639214,-1.2259189385135
-0.8014705323793734,0.6337484961838774,-0.4509853480880027
1.431779404371789,-0.8786175763297625,0.4324873717667419
-0.7359244126424417,0.8932964690244999,-0.8658237957271376
2.38688000625279,-2.2612096624230875,0.050126442487376605
1.0010477603862422,-0.6939392110393158,-0.00909107478124744
-0.8014705323793734,0.6038006531638042,-0.6337437658272587
-0.7406062783379391,0.903279083364522,-1.0357912297363707
-0.8576529207253167,0.6886528750540092,-0.8801939132509904
-0.8295617265523451,0.7435572539241411,-0.18100610713620427
1.033820820254708,-1.307869992950795,4.0694430501296885
1.0619120144276764,-1.3627743718209269,-0.4994121177654554
0.5234974594457401,-0.1349128079979754,-1.2083905534019872
1.394324478807829,-0.9534871838799455,-0.803711199836492
1.2960052992024316,-0.5441999959389568,-0.36618586335933306
-1.3492488187523013,1.212740127905269,-0.6257954590649812
-0.6797420242965017,0.6237658818438553,-0.24775082882208474
-0.7780612039018993,1.0929487558249833,-1.174755003593409
-0.810834263770365,0.8334007829843535,1.6155744101041603
-0.67037829290551,0.5688615029737164,-0.5777897917325499
-0.5580135162136298,-0.15487803667801947,0.9078592815026922
-0.6656964272100158,0.5888267316537675,-0.09799630737387528
0.9776384319087646,-1.4076961363510367,-1.451840346617442
1.6003265694096127,-0.7288783612294035,0.025176128544862907
1.5441441810636725,-0.7538348970794622,-0.7594954536092525
0.823136863957427,-1.148148163510414,-0.0817838670905541
-1.358612550143293,1.1977662063952323,-1.0820598498955891
-0.7546518754244217,0.7435572539241411,-0.49404306286643335
-0.7312425469469475,0.8383920901543681,0.006858176536435324
0.32685910023494497,0.1046699361626031,-0.4665134970606642
-0.8482891893343251,0.8284094758143461,-0.4857262915522621
-0.63292336734155,0.21447869390286678,-0.8530854497902425
-0.937244637548731,0.9332269263845951,0.8883832980454559
0.5609523850097001,-0.1349128079979754,1.5758855140859
0.9448653720402987,-1.4426352865411174,0.7298909029380539
0.9589109691267846,-1.2529656140806633,-0.639218096312536
-0.5673772476046182,-0.07002581478781443,0.12397726624549202
-0.65165083012353,0.5588788886336944,-0.19079673665795022
0.9027285807808446,-1.2280090782306046,0.4353824503887633
0.785681938393467,-1.1880786208705094,-0.16079319457518068
0.8933648493898529,-1.2429829997406412,0.6385643318615537
0.5469067879232143,-0.08000842912784356,-0.0594128050112961
1.3802788817213432,-0.883608883499777,0.6427227175186394
-0.7265606812514533,0.9182530048745585,-0.5076236134933713
-1.2509296391469038,1.2227227422452909,0.7241007456940106
1.5300985839771868,-0.7538348970794622,-0.759758642574891
-0.7171969498604617,0.8883051618544854,-0.18500657941390689
0.9635928348222788,-1.2829134571007363,0.3133154081257063
-0.6469689644280358,0.6337484961838774,-0.3781346423993132
-0.7593337411199192,0.7485485610941556,-0.037936585415208446
1.0150933574727246,-0.8287045046296452,-0.8660343468996483
-1.0027907572856627,0.9182530048745585,3.1379646629425135
-0.8529710550298193,0.7235920252440898,0.18087872061649854
-0.6891057556874933,0.583835424483753,-0.8092381681148969
-0.7406062783379391,0.6287571890138628,-1.0196314272461775
-0.09919067805510785,0.24442653692293997,0.8713812908652198
0.9542291034312904,-1.4326526722010953,0.2917865507364906
-0.810834263770365,0.8583573188344192,0.9059643209500965
-0.38010261978481474,0.3192961444731159,-0.1951130356944188
-0.6891057556874933,0.6487224176939139,-0.4523012929161943
-0.7827430695973934,0.6836615678839947,-0.35960613921837475
0.841864326739407,-0.6989305182093304,-0.8859840704950337
-1.3726581472297754,1.1927748992252178,0.6674098424955147
-0.6750601586010074,0.6137832675038262,-0.38429326419525
-0.7312425469469475,0.6087919603338188,-0.1572664624356271
-0.773379338206405,0.5788441173137455,0.05370581242005795
0.785681938393467,-1.22301777106059,1.2891148171263767
-0.7686974725109076,0.6237658818438553,-0.08104693798676686
1.2445047765519857,-1.287904764270751,1.4309210318123085
-1.2462477734514095,2.0163405822772025,-1.2364464971390332
-0.810834263770365,0.7834877112842362,0.2697313154159986
-0.7593337411199192,0.5638701958037089,1.1631525781718721
1.394324478807829,-1.6422875733416007,-0.24706653751142504
-0.7125150841649674,0.8783225475144634,-0.13189504614809214
-1.3258394902748272,1.382444571685679,1.198788364119302
-0.5346041877361524,1.167818363375159,0.8155852301498939
1.0197752231682222,-1.4226700578610734,0.25083434768316665
-0.8014705323793734,0.6636963392039505,-0.8577702133786048
-0.8295617265523451,0.7235920252440898,0.5163393762191136
-1.3398850873613097,1.1827922848851957,-0.5308895180557996
-0.7780612039018993,0.658705032033936,-1.4249950721223326
-0.7031513527739758,0.6786702607139872,-0.32670751851358354
-0.12260000653258538,0.2793656871130206,-1.1256965803984242
1.1508674626420856,-1.2679395355907,-0.7778660434108079
-0.67037829290551,0.4790179739135039,0.8676966453462833
-1.3445669530568072,1.297592349795474,1.213895410746942
0.9963658946907447,-1.297887378610773,-0.6885923462662866
1.1134125370781223,-1.1581307778504362,-0.4560912140213863
0.785681938393467,-1.1731046993604728,0.7402079103910767
-0.6937876213829874,0.7036267965640458,1.8427591252431665
-0.918517174766751,0.8234181686443315,0.17708879951130654
-0.7125150841649674,0.7435572539241411,0.9062801477088622
0.5703161164006918,-1.1681133921904583,-0.37602913067420657
-0.6750601586010074,0.6337484961838774,0.2654676541726578
-0.9044715776802651,1.0979400629949907,-0.3277076365830092
1.0244570888637163,-1.3178526072908172,1.6761078722009761
1.2679141050294631,-0.9185480336898577,-0.41445471965740266
-0.5767409789956098,0.0298003286124201,-0.9517813119046161
1.0104114917772304,-1.4176787506910586,-1.1299602416417651
-0.7593337411199192,0.9082703905345365,1.1885766322525348
-0.7499700097289275,0.5538875814636869,-0.589896484151913
-0.10855440944609952,0.2843569942830352,0.2736791499005737
-0.8763803835072967,0.8383920901543681,-0.034251939896271774
1.0104114917772304,-0.8237131974596306,0.3189476519903665
-0.8857441148982851,0.8084442471342949,-0.08131012695240504
1.2819597021159457,-0.6490174465092131,-0.5569978634471219
-0.8389254579433334,0.6038006531638042,0.9973435298197242
0.7248176843520294,-1.1331742420003776,2.3755588672814003
-0.63292336734155,0.4340962093833941,-0.07994154433108588
-0.562695381909124,-0.15487803667801947,-0.06351855287525406
-0.862334786420811,0.8583573188344192,-0.09894378765017317
1.0806394772096564,-1.2529656140806633,0.4496999301194882
-0.8295617265523451,0.8932964690244999,1.1999990333612383
-0.792106800988385,0.7784964041142217,0.5518698865802881
1.0057296260817363,-1.4276613650310879,-1.3498809413291533
1.3100508962889175,-1.138165549170385,0.6398276388966175
-0.7640156068154134,0.6137832675038262,0.6158774430235298
-0.44564873952174644,0.7186007180740824,0.08123537822582734
1.1087306713826282,-1.1231916276603484,-0.5390483759905877
1.5488260467591668,-0.20479110837814382,0.09002588967814716
1.0806394772096564,-1.4925483582412418,3.556487756100585
-0.6984694870784817,0.6636963392039505,-0.7519682491919963
1.0150933574727246,-1.4176787506910586,-0.6754328979843701
1.1040488056871338,-1.5175048940913003,0.298366274877449
0.9214560435628246,-1.4226700578610734,1.0567715982608594
1.0993669399916364,-0.8786175763297625,-0.21485220811729355
0.556270519314206,-0.11494757931792424,-0.2192211449468897
1.9655120936582313,-1.0133828699200846,-0.822608167569324
1.3334602247663916,-1.542461429941359,-0.5504181393061636
-0.12260000653258538,0.2793656871130206,-1.0477926465694787
-0.8342435922478393,0.6936441822240167,0.005910696260137209
-0.6282415016460557,0.5289310456136211,1.3403840276327228
-1.0027907572856627,0.9631747694046684,0.9206502652327152
-0.6797420242965017,0.6786702607139872,4.362214455505767
1.0244570888637163,-1.3478004503108902,-1.3807793258950931
-0.8295617265523451,0.8583573188344192,0.42632874997080483
1.1415037312510938,-1.307869992950795,0.40527363271973843
0.5515886536187118,-0.0600432004477924,0.3277908012358144
-0.7967886666838793,0.6736789535439726,-0.449511489880428
-1.0168363543721486,0.9531921550646464,0.6406172057935325
-1.3492488187523013,1.2626531996053862,-0.18500657941390689
-0.7499700097289275,0.5988093459937897,-0.26691098552055514
-1.1432467281505179,1.0929487558249833,-0.7434409267053145
-0.7827430695973934,0.6836615678839947,-0.8151336009451955
0.9729565662132704,-1.43764397937111,0.47017603164615024
-0.7078332184694733,0.6886528750540092,0.09002588967814716
1.0946850742961423,-0.8336958117996527,-0.8798780864922244
-0.8389254579433334,0.8433833973243827,0.030492545650757163
-0.4924673964766982,1.0779748343149467,-1.1927571288430705
-0.7218788155559558,0.7635224826041851,-0.021197767200610666
0.7435451471340094,-1.148148163510414,2.204907141961508
-0.16941866348753373,0.24941784409295453,-0.6791701812964344
0.47199693679529425,0.0896960146525665,-0.794236397073512
-0.7967886666838793,0.5988093459937897,0.3239482423374948
-0.7499700097289275,0.5938180388237821,-0.49283239362449704
1.1274581341646082,-1.287904764270751,-0.6443239622459197
-0.7031513527739758,0.7136094109040678,0.5506065795452237
0.9729565662132704,-1.307869992950795,0.8819088494907531
0.9355016406493104,-1.2529656140806633,-0.05751784445870011
1.1649130597285682,-0.8586523476497183,0.04738927724473804
-0.10855440944609952,0.049765557292471264,-0.999523790271409
1.4598705985447609,-0.8536610404797038,-0.927831116031528
-0.6188777702550641,0.4790179739135039,0.6024021679828474
-0.810834263770365,0.6087919603338188,0.04096746648316281
-0.7452881440334334,0.7635224826041851,-0.4583020013327483
-0.1881461262695171,0.3592266018332182,-1.1080629197006562
-0.7218788155559558,1.1029313701650052,-0.30675779491819816
-0.8014705323793734,0.8084442471342949,0.06807592994391068
-0.5533316505181324,-0.08499973629785104,1.1522565549944452
0.5047699966637601,-0.00014751440764600325,-0.6447450645909409
-0.7499700097289275,0.8134355543043095,-0.021408318373121304
0.9635928348222788,-0.7288783612294035,-0.21448374356539981
-0.8295617265523451,0.6038006531638042,0.8802770779037951
0.7997275354799528,-1.128182934830363,0.17851001992575397
1.0150933574727246,-1.3378178359708683,-0.8634550950363926
-0.4596943366082323,-0.4493651597087298,-0.7434409267053145
-0.6376052330370441,0.19950477239283018,0.1157131327244481
-0.8014705323793734,0.8134355543043095,-0.42735097897368063
-0.6937876213829874,0.36421790900322565,2.407457369916766
-1.3258394902748272,1.157835749035137,-0.6915927004745636
0.9870021632997563,-1.4326526722010953,0.2087241131810339
1.1508674626420856,-0.8636436548197258,-0.9481493041788072
-1.3445669530568072,1.2526705852653641,-0.8259769863294947
-0.7031513527739758,1.1129139845050273,-0.9188826911998249
-0.7686974725109076,0.8483747044943901,0.5560809100305013
-0.5720591133001157,-0.075017121957829,0.5441321309905209
-0.8857441148982851,0.6237658818438553,3.297773002878107
-0.5861047103865983,0.254409151262962,0.03986207282748183
1.3662332846348575,-0.9534871838799455,0.14529557246219657
-0.7452881440334334,0.5089658169335771,2.627272794017899
-0.7171969498604617,0.7086181037340533,-0.39455763385514475
1.8110105257068936,-0.9335219551998942,-0.43482554559780934
1.8625110483573395,-0.9085654193498356,-0.5177300697738829
-0.6048321731685783,0.17454823654277155,-0.4677241663026005
1.0057296260817363,-1.4426352865411174,-0.5344688879884808
-1.2415659077559154,2.0113492751071878,-1.0128937897258363
-0.7827430695973934,0.7685137897741997,-0.3967157833733792
1.0150933574727246,-1.3178526072908172,-0.4155601133130836
0.5328611908367318,-0.07002581478781443,-0.9077761168498873
-0.16941866348753373,-0.5441999959389568,-0.5631038474499311
-0.5907865760820957,0.5189484312735991,0.021649396405309333
1.0900032086006481,-0.8436784261396818,-0.7091737233792039
-0.862334786420811,0.5638701958037089,4.102657497593246
-0.8342435922478393,0.7435572539241411,1.1208317924972286
-0.8295617265523451,0.6936441822240167,-0.10462866930796115
-0.1834642605740196,-0.47432169555878845,0.6085081519856564
1.1555493283375797,-1.3328265288008536,-0.4882002678292625
-0.7359244126424417,0.8982877761945145,-0.9969971762012811
-0.8342435922478393,0.8134355543043095,0.21282986104499207
1.2725959707249574,-1.5624266586214102,-1.1934940579468578
-0.8295617265523451,0.5938180388237821,1.5215633115781493
-0.8576529207253167,1.382444571685679,-0.23896031736976445
-0.4596943366082323,-0.4343912381986932,-0.9978393808913237
0.631180370442126,-0.31959117328841496,-0.6682215203258799
-0.7265606812514533,0.9581834622346538,0.44580473342804117
0.8512280581303987,-1.1731046993604728,-0.32054889671764675
-0.9325627718532369,0.9082703905345365,0.875644952108561
-1.3352032216658154,1.297592349795474,0.4861779207569608
-0.881062249202791,1.2876097354554519,-1.2812412590906768
1.2210954480745115,-1.5175048940913003,0.43654048183757205
1.4036882101988208,-0.9385132623699088,-1.2796094875037192
-0.8670166521163051,0.7884790184542508,-0.4030849563418267
0.537543056532226,-0.13990411516798287,-0.5711047920053364
1.2632322393339657,-1.6223223446615496,0.06370699311431431
-0.7827430695973934,0.6437311105238994,-1.0189997737286454
0.345586563016925,0.009835099932376032,-0.4385628289098735
0.949547237735793,-1.4276613650310879,0.22804218325888714
1.0197752231682222,-1.3577830646509195,-1.1047467387336132
-0.6891057556874933,0.5439049671236578,1.4936126434273584
1.0525482830366881,-1.3577830646509195,-0.16563587154292586
0.9963658946907447,-1.4526179008811464,0.055337584007015536
-0.67037829290551,0.6137832675038262,-0.43561511249472434
1.4551887328492668,-0.8636436548197258,-0.7946048616254057
-0.7686974725109076,0.7385659467541265,-0.15526622629677578
-0.8716985178117993,0.6237658818438553,1.5877290175396255
0.7997275354799528,-1.138165549170385,-0.6810125040559026
-0.6282415016460557,0.5389136599536503,2.85119396598299
-0.6937876213829874,1.7518013022665653,-0.8548751347565832
-1.3492488187523013,1.1628270562051517,-0.8771935590427135
-0.8248798608568509,0.7685137897741997,1.0839853373078623
1.9655120936582313,-1.0034002555800627,-0.8573491110335836
1.0385026859502022,-0.8636436548197258,-0.8588229692411581
-0.6937876213829874,0.48900058825352594,1.5258269728214902
-0.7686974725109076,0.6038006531638042,0.7625789724703345
-0.7078332184694733,0.6986354893940312,0.22304159291175932
0.26131298049801327,0.12463516484265426,-1.4604203068972517
-1.4382042669667072,1.2576618924353786,-0.9763105235021085
1.3475058218528775,-1.4526179008811464,-0.38924121674925055
-1.3492488187523013,1.1877835920552102,1.189734663701343
1.6892820176240217,-0.2247563370581879,-0.4553016471244713
0.9401835063448046,-0.6939392110393158,-0.5679465244176763
-0.15537306640105122,0.2793656871130206,0.01828057764513885
0.9963658946907447,-1.4326526722010953,0.01959652247333047
1.0853213429051538,-1.233000385400619,0.4464363869455731
-0.899789711984771,0.7735050969442142,1.0483495513604328
-0.7265606812514533,0.9382182335546098,0.3410028873108586
-1.147928593846012,1.1728096705451736,-0.277017441801067
-0.5767409789956098,-0.06503450761780696,-0.40892775137899773
0.7903638040889611,-1.1581307778504362,-0.9241991083057192
0.5656342507051977,-0.13990411516798287,2.6825424768019484
-1.3117938931883413,1.1728096705451736,-0.23101201060748697
1.1040488056871338,-0.8686349619897404,-1.0446870167749465
1.6892820176240217,-0.2696781015882977,-0.3955051141314429
-0.810834263770365,0.7036267965640458,-0.5983711688454671
-0.7967886666838793,0.7635224826041851,-0.35413180873309735
-0.7031513527739758,1.0879574486549686,0.1539808083282613
0.5515886536187118,-0.09997365780788764,-0.15984571429888256
-0.7125150841649674,0.8583573188344192,-0.39866338171910276
-0.773379338206405,0.6736789535439726,-1.1591742168276198
-1.2790208333198754,1.2227227422452909,-0.5326265652290125
0.8840011179988646,-0.6440261393391985,-0.204535200664271
-0.7218788155559558,0.9282356192145877,0.15961305219292152
-0.7359244126424417,0.5039745097635625,1.8067548747438427
1.0665938801231705,-1.372756986160949,-0.6478506943854733
-0.6001503074730841,-0.08499973629785104,0.5944538612205696
-0.7218788155559558,0.8383920901543681,-0.7653382486464234
-0.7640156068154134,0.6437311105238994,-0.9188826911998249
-0.13664560361906788,0.2693830727729986,-0.6027401056750635
1.375597016025849,-0.9385132623699088,-0.17863740644545945
-0.7171969498604617,1.1129139845050273,-0.7279127777326531
0.5281793251412343,-0.15986934384803403,0.15856029633036833
0.8371824610439128,-1.2679395355907,1.3813362306860473
1.9327390337897654,-1.128182934830363,-0.39818964158095393
1.6330996292780784,-1.0133828699200846,-1.334826532494641
0.785681938393467,-1.1681133921904583,0.451647528465212
0.7716363413069811,-1.213035156720568,2.3633468992757822
-0.7827430695973934,0.6337484961838774,-0.6415867970032808
-0.7780612039018993,0.7435572539241411,-0.1697942572000116
-0.8389254579433334,0.7285833324141044,0.5286566198109873
-0.7546518754244217,0.7036267965640458,-0.908776234919313
1.0104114917772304,-1.4226700578610734,-0.7208066756604181
1.1134125370781223,-0.3345650947984516,-0.3925047599231659
-0.8061523980748709,1.167818363375159,0.09297360609329659
-0.8763803835072967,0.7635224826041851,1.693478343933106
-0.7312425469469475,0.7485485610941556,-0.3925047599231659
-0.7265606812514533,0.8334007829843535,-0.3033889761580277
1.3615514189393632,-1.8369485529720693,-0.2721747648333216
0.9823202976042588,-1.287904764270751,-0.5448911710277586
1.3802788817213432,-1.627313651831564,-0.3292341325837115
2.2370603039969463,-0.5441999959389568,-0.8271876555714309
1.1415037312510938,-1.4176787506910586,1.143623956921508
2.31197015512487,-2.191331362042919,-0.8179760417740893
-0.881062249202791,0.6237658818438553,2.8405084939780734
0.9401835063448046,-0.5991043748090887,-0.6469032141091751
0.785681938393467,-0.4643390812187664,-0.6269008527206622
-0.8482891893343251,0.5988093459937897,1.1300960440876977
-0.792106800988385,0.6437311105238994,-1.2102855139545834
-0.7640156068154134,1.0979400629949907,-0.7580215954016779
-0.48310366508570646,0.7036267965640458,1.3769146560633234
-0.8529710550298193,0.8733312403444559,0.8257969620166612
0.8886829836943587,-1.203052542380546,0.3839026887099059
-0.44564873952174644,1.1428618275251006,-1.039528513048435
0.9776384319087646,-1.3927222148410001,-0.6118464438861497
-1.3305213559703213,1.167818363375159,-0.1696363438206285
-0.9419265032442286,0.9282356192145877,1.0628249444705409
-0.9231990404622484,1.6968969233964333,-1.0212105610400073
-0.8014705323793734,0.6187745746738408,-0.3177590936818804
0.3034497717574708,-0.1199388864879388,-0.4019269248930181
1.4364612700672867,-0.8336958117996527,0.9699192396002106
-0.8155161294658593,0.6237658818438553,0.3340546986180065
-0.6797420242965017,0.5638701958037089,-0.8551383237222214
-0.8576529207253167,0.7086181037340533,-0.4034534208937204
2.0825587360456086,-0.6689826751892571,-0.8758776142145218
-0.7218788155559558,1.043035684124859,-0.12173595207445244
-0.8295617265523451,0.5888267316537675,0.5402895720922014
0.9635928348222788,-0.7039218253793449,0.8936470773582224
-0.8155161294658593,1.467296793575884,-1.2359201192077567
-0.6984694870784817,0.7884790184542508,-0.6885923462662866
1.033820820254708,-1.3378178359708683,-0.0944695752343217
0.9214560435628246,-0.7338696683994181,-0.8859840704950337
1.750146271665456,-1.9018355461822232,-0.6465347495572816
-0.7780612039018993,0.6087919603338188,-0.8634550950363926
1.0619120144276764,-1.4925483582412418,0.662461889941514
-0.7686974725109076,0.6287571890138628,-1.1658065787617056
1.0806394772096564,-0.8536610404797038,-1.0175785533141986
1.0853213429051538,-1.2429829997406412,0.456858669984851
2.31197015512487,-1.4076961363510367,-1.295716652200785
-0.6563326958190274,0.5788441173137455,0.37911264953528867
-1.3445669530568072,1.2227227422452909,-1.029316781181668
0.9074104464763387,-1.382739600500978,2.310340641596223
-1.204110982191952,1.157835749035137,1.351911704327682
-0.7218788155559558,1.1228965988450563,-0.7784976969283398
1.0712757458186681,-1.372756986160949,-0.26912177283191707
1.0759576115141622,-1.4775744367312051,1.4432382754041821
1.8203742570978854,-0.9934176412400406,-1.1053257544580175
-1.3305213559703213,2.00635796793718,-1.4014133408011382
-0.7780612039018993,1.1029313701650052,-0.5848432560116572
-0.6422870987325416,0.1945134652228156,0.8721182199690072
-0.6376052330370441,0.38418313768327683,0.43575091494065704
0.8184549982619328,-1.233000385400619,0.17482537440681706
-1.3632944158387872,1.212740127905269,-1.1870196093921552
-0.8670166521163051,0.8134355543043095,-0.034251939896271774
-0.5580135162136298,-0.075017121957829,0.005910696260137209
1.2866415678114431,-1.0183741770900994,0.08755191340114703
-1.147928593846012,1.1428618275251006,-0.9212513918905699
0.8886829836943587,-1.3777482933309635,0.09002588967814716
1.427097538676295,-0.8336958117996527,-0.06741374956670138
1.4551887328492668,-0.6040956819791032,-0.9003015502257589
1.033820820254708,-1.352791757480905,-1.0049454829635587
-0.6891057556874933,0.1945134652228156,0.7409448394948637
1.5066892554997124,-0.7538348970794622,1.1208317924972286
1.4364612700672867,-0.9235393408598722,0.10097455064870187
1.5535079124546642,-0.7638175114194842,-0.9169350928541014
0.7950456697844553,-1.233000385400619,0.3692167444272872
-1.1619741909324979,1.1129139845050273,-0.2721747648333216
0.5422249222277201,0.329278758813145,-0.04472686072867742
-0.7452881440334334,0.6636963392039505,-1.470579400970891
1.1040488056871338,-1.118200320490341,0.499390006832005
-1.3820218786207672,1.2526705852653641,-0.9342002889999758
-1.377340012925273,1.2676445067754007,0.41801197865663337
0.5609523850097001,-0.09997365780788764,0.47886126751221547
0.7950456697844553,-1.213035156720568,0.9593390431815497
-0.8763803835072967,1.2027575135652468,-0.6556937255614954
1.1087306713826282,-1.3428091431408828,0.18751108255058443
1.0057296260817363,-1.3228439144608317,-1.1280652810891694
1.1040488056871338,-1.467591822391183,0.8992793212228831
-1.3539306844477954,1.2027575135652468,-0.35718480073450215
1.8203742570978854,-0.46933038838878094,-0.9504653670764245
0.9682747005177763,-1.297887378610773,0.06807592994391068
-0.8295617265523451,0.6886528750540092,-0.8593493471724346
0.9729565662132704,-1.1681133921904583,0.9751830189129771
1.1134125370781223,-1.532478815601337,-0.07294071784510626
0.40176895136286833,-1.1531394706804217,1.023030772866025
-0.8482891893343251,0.7984616327942728,-0.46403952078366384
-0.7546518754244217,0.6986354893940312,-0.9188826911998249
-0.792106800988385,1.0779748343149467,-0.7512313200882091
1.5488260467591668,-0.18981718686810722,-0.6754328979843701
-1.3164757588838354,2.00635796793718,-0.6865394723343077
-0.862334786420811,0.6986354893940312,-0.7872882083806602
0.7763182070024753,-1.1980612352105313,0.7678427517831009
0.8512280581303987,-1.2928960714407585,1.9324012869395815
-1.2415659077559154,1.2376966637553275,-0.8171864748771743
1.0057296260817363,-1.4226700578610734,-0.9048810382278657
-0.7406062783379391,1.1328792131850784,-1.1597005947588963
-1.3445669530568072,1.307574964135496,0.5696088228643112
0.4485876083178201,-1.1331742420003776,0.2401488756782506
-0.6610145615145216,0.6087919603338188,1.119252658703399
0.593725444878166,-1.0932437846402823,-0.9438856429354662
-0.8061523980748709,0.988131305254727,0.8509051893385577
-0.6844238899919958,0.6137832675038262,-0.3464466909364583
-0.8389254579433334,0.8084442471342949,-0.11615634600292
1.0057296260817363,-0.7338696683994181,-0.6876448659899888
-1.4382042669667072,1.2476792780953567,-0.4060853105501036
0.9963658946907447,-1.307869992950795,-1.0241582774551568
-0.7593337411199192,0.7235920252440898,-0.9916807590953869
1.4177338072853034,-0.6939392110393158,0.017333097368840734
-0.4924673964766982,0.7685137897741997,0.10644888113397899
-0.8201979951613534,0.6287571890138628,-0.7626010834037849
1.0291389545592105,-1.307869992950795,1.57025327022124
-0.7452881440334334,0.5189484312735991,2.756709127318829
2.120013661609569,-1.8219746314620326,-0.5387325492318218
-0.6844238899919958,1.1428618275251006,-0.3669227924631203
1.1649130597285682,-0.27466940875831225,-0.9517813119046161
-0.6563326958190274,0.20449607956284474,-0.5869487677367639
0.6218166390511377,-0.2547041800782611,-0.3985054683397199
1.6611908234510502,-1.0483220201101724,-0.2499616161334467
-0.005553364145207782,0.5588788886336944,-1.2930847625444017
0.804409401175447,-1.1631220850204507,-0.32670751851358354
1.9514664965717454,-1.0133828699200846,-0.7458622651891871
-1.3258394902748272,1.2576618924353786,1.373335286130642
-0.8389254579433334,0.8383920901543681,-0.16768874547490498
-0.5580135162136298,-0.11494757931792424,0.6099293724001034
-0.8670166521163051,0.7086181037340533,-0.9386218636226996
-0.7125150841649674,0.6437311105238994,0.17435163426866823
-0.7546518754244217,0.5688615029737164,0.2736791499005737
0.9916840289952504,-1.297887378610773,-0.37476582363914246
-0.7686974725109076,0.5588788886336944,0.16603486295449676
-0.6937876213829874,0.658705032033936,-0.5384167224730558
-0.7499700097289275,0.5439049671236578,-0.51193991252984
1.1602311940330738,-0.8436784261396818,-0.3907150749568252
0.5515886536187118,-0.0600432004477924,-0.6980145112361388
1.3053690305934231,-1.5774005801314468,0.25351887513267746
-0.8670166521163051,0.8833138546844779,1.607731378928138
-0.8295617265523451,0.6886528750540092,-0.08820567785212934
-0.8482891893343251,0.7635224826041851,1.0387168352180696
0.8465461924349013,-0.8686349619897404,-1.755297223998436
-0.7546518754244217,0.5389136599536503,0.13992651756317456
0.8980467150853471,-1.372756986160949,0.3093149358480037
-0.955972100330711,0.9631747694046684,2.258387139779216
0.7950456697844553,-1.1780960065304873,-0.1556346908486693
1.450506867153769,-0.5941130676390812,-1.2149702775429456
-0.3192383657433772,-0.42939993102868573,-0.8001318299038106
0.6030891762691577,-0.9484958767099309,0.4090109160318029
-0.08982694666411951,0.27437437994301317,0.07465565408486902
0.9729565662132704,-1.43764397937111,-0.006511822917991978
0.500088130968266,-0.15986934384803403,-0.678906992330796
-0.8763803835072967,0.8284094758143461,-0.5323107384702466
-0.43628500813075477,0.7136094109040678,-1.377778971686816
0.3409046973214308,0.15957431503273492,1.0509814410168161
1.782919331533922,-2.1114704473227284,-1.0263690647665187
1.1742767911195597,-0.8436784261396818,-0.177584650582906
-0.2490103803109513,0.7934703256242583,0.3693746578066703
-1.3539306844477954,1.2027575135652468,-0.6666423865320499
-1.2649752362333895,1.2077488207352542,0.6698838187725149
-0.67037829290551,0.5938180388237821,-0.45172227719179
-0.7546518754244217,0.5788441173137455,-0.4075065309645508
1.4551887328492668,-0.8436784261396818,-0.25085645861661704
-0.881062249202791,1.6569664660363381,-0.9715204843274908
-0.4081938139577864,0.6437311105238994,0.48259855082427944
-1.2134747135829438,1.1428618275251006,-0.18569087072456658
1.0197752231682222,-1.3328265288008536,-0.31475873947360344
0.6264985047466318,-1.1631220850204507,0.3041564321214923
-0.8295617265523451,0.658705032033936,1.148782460648019
1.3475058218528775,-1.5574353514513957,1.4816112265942505
1.3990063445033234,-1.6422875733416007,-0.5934758540845944
-0.7406062783379391,0.5688615029737164,0.7289434226617558
-0.6422870987325416,0.41413098070335,0.8097950729058506
-0.6844238899919958,0.6387398033538848,0.23914875760882495
-0.7218788155559558,0.8334007829843535,0.24751816671612395
0.9870021632997563,-1.3028786857807877,-0.8548224969634555
-0.8482891893343251,0.8234181686443315,0.33426524979051714
-1.3398850873613097,1.2826184282854374,0.8576428268588991
-0.7359244126424417,0.6137832675038262,-0.20500894080242008
2.8410209787158176,-1.672235416361674,-0.7967103733505123
-1.1807016537144779,1.2576618924353786,0.8463783391295787
2.527335977117645,-2.0915052186426846,-0.9507811938351904
-0.7874249352928876,1.5172098652760013,-0.6556937255614954
-0.7171969498604617,0.8833138546844779,1.250110212418776
-0.9512902346352169,0.8383920901543681,2.076944666868152
-0.65165083012353,0.5039745097635625,2.263808832471366
1.1695949254240656,-0.3445477091384807,0.09876376333733991
-0.8155161294658593,0.7285833324141044,0.2654676541726578
-0.7967886666838793,0.6686876463739581,-1.2551855514924823
0.879319252303367,-1.3478004503108902,1.0662990388169666
-0.67037829290551,0.6237658818438553,0.2654676541726578
0.5141337280547484,-0.09997365780788764,-0.9047757626416103
-0.7780612039018993,0.733574639584119,-0.46240774919670624
-0.12260000653258538,0.29433960862305725,-1.5281651466525574
0.9916840289952504,-1.3028786857807877,-1.1362767768170852
-0.8716985178117993,0.6986354893940312,-0.6293748289976625
-0.8342435922478393,0.733574639584119,0.7333649972844797
-1.1432467281505179,1.0979400629949907,-0.5204672350165218
1.516052986890701,-0.7787914329295208,-0.4100331450346787
-0.7874249352928876,0.7685137897741997,-0.11568260586477094
1.3802788817213432,-0.8636436548197258,-0.6440607732802812
0.6264985047466318,-1.2180264638905827,-0.7021202591000968
1.0104114917772304,-1.3128613001208096,-0.5466808559940993
0.3174953688439566,0.1196438576726397,0.8002149945566158
0.6358622361376235,-1.2180264638905827,1.3560700899847677
-0.7827430695973934,0.6437311105238994,-1.1870196093921552
-0.6797420242965017,0.5938180388237821,-0.7324396279416322
-1.358612550143293,1.307574964135496,0.7350494066645653
0.8090912668709411,0.583835424483753,-0.9993132390988984
1.413051941589809,-0.8736262691597478,-0.40819082227521025
-0.843607323638831,0.7635224826041851,0.4197490258298465
-0.7499700097289275,0.7086181037340533,-1.090429259002888
1.1180944027736197,-1.183087313700495,-0.5684729023489529
-0.10387254375060535,0.27437437994301317,-1.000471270547707
0.9448653720402987,0.29433960862305725,0.3510040680051147
0.7622726099159894,-1.1681133921904583,0.8405355440924078
-0.8061523980748709,0.6886528750540092,-0.5789478231813585
-0.6984694870784817,0.3692092161732402,3.3104060732287475
0.9870021632997563,-1.4276613650310879,0.4595431974343617
-0.6797420242965017,0.6137832675038262,-0.002037610502140285
-0.9793814288081886,0.903279083364522,1.6080998434800318
0.7810000726979694,-1.2429829997406412,3.6119679900571446
-0.7265606812514533,0.7735050969442142,-0.09278516585423635
1.0946850742961423,-1.372756986160949,0.05344262345441954
-0.862334786420811,0.5988093459937897,2.282232060066049
1.0431845516456963,-1.352791757480905,-0.25269878137608526
1.356869553243869,-0.9235393408598722,-0.5478915252360356
-0.918517174766751,1.6270186230162649,-0.2828602368382379
0.9027285807808446,-1.3677656789909414,-0.2898610633242175
-0.6937876213829874,0.5488962742936724,0.4060105618235259
0.949547237735793,-1.2529656140806633,-0.911934502506973
0.19576686076108155,0.2843569942830352,-1.2212341749251376
1.0104114917772304,-1.4426352865411174,0.7475772014289496
-0.7031513527739758,1.646983851696316,-0.07446721384580852
1.1087306713826282,-1.352791757480905,-0.22295842825895415
0.9682747005177763,-1.2529656140806633,-0.19858713004084483
0.949547237735793,-1.4276613650310879,0.3572153275941793
-1.3164757588838354,1.1528444418651225,2.43467110896377
0.9776384319087646,-1.2529656140806633,0.9204923518533321
-0.5907865760820957,0.5039745097635625,0.5173921320816669
-1.433522401271213,1.2526705852653641,-1.3340896033908536
0.949547237735793,-1.1780960065304873,2.349239970717568
0.5469067879232143,-0.13990411516798287,-0.4811994413432829
0.3221772345394508,0.15957431503273492,-0.589896484151913
-1.3258394902748272,1.9963753535971582,-1.0504771740189895
2.190241647041998,-1.7970180956119741,-1.755297223998436
-0.6610145615145216,1.1778009777151883,0.5944538612205696
0.9963658946907447,-1.4626005152211685,-0.08546851260949077
-0.4596943366082323,0.7136094109040678,0.4150116244483564
1.2679141050294631,-1.4326526722010953,-1.0116831204838999
-0.67037829290551,0.46903535957348186,1.5306170119961078
-1.1245192653685379,1.1129139845050273,-0.40240066503116717
-0.8295617265523451,0.7435572539241411,1.0541397086044761
-0.7546518754244217,0.7285833324141044,0.04175703338007783
0.32685910023494497,0.12463516484265426,2.7197573965432076
-0.7780612039018993,0.7285833324141044,-0.12157803869506958
0.7997275354799528,-1.148148163510414,-0.6337437658272587
0.9823202976042588,-0.7787914329295208,-0.29207185063557944
0.9167741778673304,-0.6839565966992938,-0.8187656086710043
-0.773379338206405,0.6487224176939139,-1.3109816122078082
1.3662332846348575,-0.8985828050098136,0.37416469698128796
0.518815593750246,-0.08000842912784356,-1.1913885462217513
-0.7031513527739758,0.7186007180740824,2.172324348015483
0.9448653720402987,-0.7089131325493524,-0.9064075342285681
-0.8529710550298193,0.6487224176939139,0.32184273061238794
0.9823202976042588,-1.2829134571007363,0.5944538612205696
1.712691346101496,-0.7438522827394402,-0.24627697061451004
0.8933648493898529,-1.352791757480905,0.6839907473307292
-0.7125150841649674,0.6237658818438553,-0.32870775465243485
1.5815991066276327,-0.9484958767099309,-0.7919729719690225
1.0853213429051538,-1.2180264638905827,1.1682584441052555
-0.8482891893343251,0.7485485610941556,1.0137138834824284
-1.0449275485451202,1.1628270562051517,-0.04472686072867742
0.4626332054043026,0.12463516484265426,-1.2140754350597753
-0.9044715776802651,0.8234181686443315,0.21061907373363012
-1.1619741909324979,1.2626531996053862,-0.5505760526855467
-0.8061523980748709,1.0580096056348955,-0.07230906432757435
-0.7452881440334334,0.7385659467541265,1.3516485153620437
-0.9793814288081886,1.2027575135652468,-0.06151831673640274
0.9916840289952504,-1.447626593711132,1.204631159156473
-1.204110982191952,1.147853134695115,-0.35460554887124646
-0.937244637548731,0.9432095407246172,1.24732040938301
-0.6984694870784817,0.7186007180740824,-0.21980016067129407
0.9542291034312904,-1.43764397937111,0.29368151128908687
-0.7452881440334334,0.5538875814636869,-0.4546699936069394
0.5281793251412343,-0.030095357427719203,0.5549755163748201
-0.8389254579433334,0.7186007180740824,1.2979053285786968
-0.7031513527739758,0.7934703256242583,0.07244486677350706
1.0057296260817363,-1.3228439144608317,-0.727281124215121
0.9963658946907447,-1.3028786857807877,-1.0418972137391802
0.8090912668709411,-1.1980612352105313,0.3707432404279897
-1.3352032216658154,1.3225488856455325,0.2947342671516401
-0.7874249352928876,0.7385659467541265,0.33126489558224015
-0.6656964272100158,0.5488962742936724,-0.47225101651157975
-0.67037829290551,0.5638701958037089,-0.4919901889344543
0.8886829836943587,-1.3378178359708683,2.0085155358021862
-0.9044715776802651,0.8134355543043095,1.182997026181002
0.7950456697844553,-0.5392086887689495,0.12376671507298138
1.0993669399916364,-0.8636436548197258,-0.6496930171449414
0.4485876083178201,-1.1880786208705094,1.0421382917713682
-1.255611504842398,1.1528444418651225,0.9409158155868665
-0.7546518754244217,0.5788441173137455,-0.2760699615247689
0.823136863957427,-1.148148163510414,1.1508353345799984
0.860591789521387,-1.3378178359708683,0.8412198354030673
-0.12260000653258538,-0.6590000608492351,-1.168912208556238
-0.7593337411199192,0.6287571890138628,-1.122275123845126
0.8090912668709411,-1.203052542380546,0.6400381900691282
1.0993669399916364,-1.4176787506910586,-1.2698188579819734
0.7622726099159894,-1.1231916276603484,0.6658307087016847
-0.9512902346352169,0.8483747044943901,1.4448174091980122
0.7950456697844553,-1.1681133921904583,-0.46603975692251515
-0.7546518754244217,0.5389136599536503,-0.3722392095690146
-1.3211576245793297,2.091210189827385,-1.039528513048435
-0.6610145615145216,0.36421790900322565,1.9166099490012816
1.960830227962737,-1.148148163510414,0.3329493049623253
0.9776384319087646,-1.4426352865411174,0.1132917942405755
-0.6469689644280358,0.49898320259355505,0.918123651162587
1.0057296260817363,-1.43764397937111,-0.10736583455059971
1.0197752231682222,-1.3428091431408828,-0.9814163894354919
1.1134125370781223,-1.2679395355907,-0.3682387372913119
-0.6984694870784817,0.6736789535439726,0.8729604246590498
1.942102765180757,-0.45435646687874437,-0.7872882083806602
0.6218166390511377,-0.24971287290824654,-0.13294780201064532
0.9589109691267846,-0.7089131325493524,-0.8617180478631797
-0.881062249202791,0.6337484961838774,0.3970621369918225
-0.5205585906496665,-0.40943470234863455,-0.6863815589549246
1.1087306713826282,-1.138165549170385,0.2074081683528425
-0.862334786420811,0.7834877112842362,-0.11452457441596242
-1.3211576245793297,1.1778009777151883,0.7437872803237576
-0.7780612039018993,0.7086181037340533,-0.9009332037432908
-0.8248798608568509,0.6337484961838774,-0.3742394457078659
0.860591789521387,-1.352791757480905,1.5882027576777742
1.3240964933754031,-1.5923745016414834,0.33926584013764544
-0.13196373792357372,0.23444392258291794,0.08528848829665753
-0.8201979951613534,1.6020620871662064,-1.098167014592655
-0.8061523980748709,0.6686876463739581,-0.674485417708072
-1.3305213559703213,1.2526705852653641,3.017003014335137
1.3615514189393632,-1.108217706150319,-1.2661342124630368
1.0525482830366881,-1.4775744367312051,1.5809913800192839
-1.414794938489233,1.2526705852653641,-0.95462375273351
-0.8342435922478393,0.6636963392039505,1.1041982498688863
-0.7312425469469475,0.6786702607139872,-0.7815506889297447
-0.13664560361906788,0.27437437994301317,-0.23269641998757232
-1.1619741909324979,1.2476792780953567,-0.35176310804235256
0.4579513397088084,-1.1880786208705094,1.3226977291418271
0.4626332054043026,-1.0583046344501945,1.1383075398156137
1.9280571680942713,-1.1431568563403995,-0.19269169721054621
-1.358612550143293,1.167818363375159,-0.7078577785510123
0.9916840289952504,-0.9335219551998942,0.21377734132128973
0.5422249222277201,-0.09997365780788764,-0.3192329518894549
-0.7686974725109076,0.5988093459937897,0.6836749205719634
1.1227762684691138,-0.8886001906697845,0.973498609532892
0.9635928348222788,-1.287904764270751,-0.10957662186196167
-0.7078332184694733,0.7086181037340533,-0.014723318645907889
-0.792106800988385,0.8234181686443315,0.9013321951548615
-1.4288405355757188,1.23270535658532,0.12224021907227889
-0.9840632945036827,0.8982877761945145,-0.31575885754302907
-0.6750601586010074,0.7186007180740824,-0.500412235834881
-0.773379338206405,0.6287571890138628,0.6542503942135981
-0.7312425469469475,0.5988093459937897,-0.3525000371461398
0.804409401175447,-1.22301777106059,0.7881083021372524
-0.862334786420811,0.8583573188344192,-0.7379139584269095
-0.63292336734155,0.5588788886336944,-0.6080565227809578
0.9401835063448046,-1.4426352865411174,0.8008992858672752
0.5656342507051977,-1.063295941620209,0.5474483119575642
-0.7452881440334334,0.6038006531638042,-0.1866383510008647
2.260469632474424,-1.3478004503108902,-0.838978521232028
-1.3679762815342813,1.2027575135652468,-1.3483018075353235
-0.7125150841649674,0.7685137897741997,1.0774056131669045
0.7810000726979694,-1.1930699280405168,0.08928896057436016
0.45326947401331424,0.059748171632493303,-1.0386336705652648
-0.12728187222807955,0.2843569942830352,-1.5422720752107721
-0.9278809061577427,1.3325314999855546,-0.9283048561696771
-0.0008714984497102839,0.9432095407246172,1.1552042714095943
-0.7499700097289275,0.6836615678839947,-0.8019215148701513
0.9589109691267846,-0.7139044397193669,1.63047090555929
2.283878960951898,-1.3328265288008536,0.36232119352756315
1.3006871648979257,-1.6023571159815053,-0.6732221106730082
0.7716363413069811,-1.2280090782306046,3.170389543509156
1.0478664173411905,-1.3378178359708683,-1.5379031383811759
-0.8061523980748709,0.7235920252440898,-0.041568593141017345
-0.7452881440334334,0.6836615678839947,-0.889405527048332
-0.792106800988385,0.6986354893940312,0.40437879023656786
-0.8295617265523451,1.7418186879265432,-0.7609693118168273
0.5469067879232143,-0.18981718686810722,-0.23211740426316793
-0.8857441148982851,0.8084442471342949,0.8305343633981512
0.7903638040889611,-1.1581307778504362,-0.3363402346559464
1.0057296260817363,-0.6390348321691839,-0.8590861582067965
-0.09450881235961368,0.27437437994301317,-0.3669227924631203
1.319414627679909,-1.5674179657914176,-0.8885106845651616
-0.7078332184694733,0.8334007829843535,0.09592132250844602
-0.7874249352928876,0.6537137248639214,-1.24013114265797
-0.8576529207253167,0.7285833324141044,0.27320540976242486
-0.7171969498604617,0.6686876463739581,-0.895879975603035
-1.2977482961018554,1.1877835920552102,1.2158430090926657
0.785681938393467,-1.108217706150319,0.6549346855242575
0.9682747005177763,-1.447626593711132,-0.05035910459333763
-0.8951078462892768,0.7884790184542508,0.8846986525265195
-0.7499700097289275,1.127887906015064,0.6111926794351672
-0.881062249202791,0.8334007829843535,-0.08231024502183071
2.3213338865158617,-2.236253126573029,-0.2262746092259971
-0.8295617265523451,0.8134355543043095,0.4628593784014049
0.9448653720402987,-0.6889479038693083,-0.8647184020714567
-0.7031513527739758,0.7884790184542508,-0.47909392961817626
0.4626332054043026,0.11465255050262514,-0.6658001818420073
-1.4241586698802213,1.242687970925342,-0.7778660434108079
1.3147327619844116,-1.552444044281388,-0.21906323156750684
0.7997275354799528,-1.22301777106059,1.0092923088597046
-0.6984694870784817,0.8334007829843535,-0.29812519684526095
2.012330750613183,-0.7039218253793449,-1.0418445759460524
1.431779404371789,-0.8137305831196086,-0.6070564047115321
-0.06173575249114783,-0.5691565317890155,0.7264694463847556
1.0010477603862422,-1.3478004503108902,-0.2862290555984084
-0.4596943366082323,-0.44437385253871525,-0.9415695800378489
-0.810834263770365,0.5788441173137455,1.9394547512186888
-0.6282415016460557,0.5488962742936724,0.22256785277361002
2.326015752211356,-1.4076961363510367,-1.2939269672344444
-0.899789711984771,0.8533660116644047,-0.378292555778696
0.49072439957727426,-1.0483220201101724,-0.5483652653741846
0.33154096593044247,0.13960908635268376,-1.2615547244609298
1.960830227962737,-0.40444339517862,-0.8969327314655882
-0.7452881440334334,0.6786702607139872,-0.8555067882741151
1.6892820176240217,-0.23473895139821704,-0.642534277279579
0.8980467150853471,-1.382739600500978,5.0114489959423985
-0.9934270258946744,0.9432095407246172,1.2908518642995896
1.431779404371789,-0.9035741121798211,-0.6313224273433861
0.9963658946907447,-1.3328265288008536,-0.4205080658670841
1.6611908234510502,-0.9285306480298868,-0.8969327314655882
-0.7078332184694733,1.7817491452866383,-0.9188826911998249
0.7575907442204953,-1.148148163510414,-0.045411152039336884
-0.6563326958190274,0.5588788886336944,-0.7960260820398527
-1.3024301617973497,1.317557578475518,-0.39818964158095393
-0.7125150841649674,0.7285833324141044,1.494507485910529
-0.12260000653258538,0.3093135301330938,-1.15691079172313
1.6143721664960984,-0.7338696683994181,-0.21458901915165515
-0.810834263770365,0.7285833324141044,-0.19237587045178026
-0.9278809061577427,0.8284094758143461,-0.8677187562797337
-1.3492488187523013,1.2376966637553275,-1.0504771740189895
0.6452259675286118,-1.1980612352105313,0.36716387049530835
0.6920446244835636,-0.3445477091384807,-1.3639878698873678
0.6264985047466318,-1.183087313700495,-0.7124372665531193
0.6218166390511377,-1.233000385400619,-0.3300236994806265
-0.7452881440334334,0.6836615678839947,-1.0781646532041418
0.7763182070024753,-1.1930699280405168,0.5944538612205696
-0.8061523980748709,0.6636963392039505,-1.1342765406782338
0.7810000726979694,-1.2529656140806633,1.6900042495866798
1.5862809723231301,-1.5574353514513957,-0.9270941869277408
-0.7827430695973934,0.733574639584119,0.08686762209048755
-0.9419265032442286,0.8134355543043095,1.4328686301580322
-1.3024301617973497,1.3375228071555691,0.6568296460768538
1.3240964933754031,-1.5624266586214102,0.616298545368551
1.3662332846348575,-0.9484958767099309,-1.5137950291287048
1.0244570888637163,-1.2729308427607144,1.4712415813481006
-0.7827430695973934,0.6636963392039505,-0.9279363916177834
-0.7967886666838793,0.7884790184542508,0.516707840771007
2.443062394598733,-2.236253126573029,-0.18690153996650288
-0.792106800988385,1.0180791482748002,0.1871952557918187
1.5020073898042183,-1.118200320490341,-0.5350479037128851
0.7810000726979694,-0.7338696683994181,-0.2570150804125539
1.4224156729808008,-0.883608883499777,-0.4363520415985116
-0.862334786420811,0.7235920252440898,0.1568758869502832
-0.6844238899919958,0.19950477239283018,-0.6337437658272587
-0.7640156068154134,1.0779748343149467,-1.262660118116611
-0.862334786420811,0.658705032033936,-0.600002940432425
-0.6656964272100158,0.25940045843297654,-0.45203810395055616
-0.9466083689397227,0.7934703256242583,1.5913610252654342
1.0291389545592105,-1.3178526072908172,1.5933086236111575
-0.7640156068154134,1.2526705852653641,-0.7026992748245011
0.8933648493898529,-1.3677656789909414,0.10629096775459636
-0.6797420242965017,0.6187745746738408,0.9616024682860391
-0.8951078462892768,0.8334007829843535,0.27331068534867997
1.8203742570978854,-1.0183741770900994,-1.0551619376073518
0.9589109691267846,-1.2579569212506778,-0.5466282182009717
-1.3726581472297754,1.2227227422452909,-1.3429327526363013
1.4177338072853034,-0.8636436548197258,-0.083520914263767
1.0759576115141622,-1.3877309076709856,-1.1290653991585948
1.1087306713826282,-1.372756986160949,0.09107864554070083
-0.9934270258946744,0.9232443120445731,0.6644621260803648
-0.7593337411199192,0.818426861474317,0.1873531691712018
0.4813606681862826,-1.033348098600136,0.7147312185172864
-0.843607323638831,0.6537137248639214,-0.16784665885428784
0.537543056532226,-0.11494757931792424,-0.16658335181922398
-0.6891057556874933,0.6387398033538848,-0.08546851260949077
-1.1385648624550204,1.1528444418651225,-0.5523130998587595
1.9327390337897654,-1.0133828699200846,-1.077059259548461
-0.8482891893343251,0.818426861474317,-0.4488798363628961
0.860591789521387,-1.3228439144608317,-0.3601851549427791
0.5234974594457401,-0.09498235063788016,-1.0562146934699053
-0.7265606812514533,0.8234181686443315,-0.16689917857798994
1.6846001519285243,-0.7588262042494768,-0.5734208549029537
1.2819597021159457,-1.637296266171586,0.30162981805136413
-1.152610459541506,1.1079226773350197,-0.7330712814591641
1.3802788817213432,-0.9285306480298868,0.024228648268565026
-0.8389254579433334,1.3524967286656058,-0.5747367997311453
-0.7967886666838793,0.8284094758143461,1.2498996612462652
1.408370075894315,-0.8636436548197258,0.11192321161925657
1.5722353752366443,-1.627313651831564,-1.1513838234447251
1.3990063445033234,-0.9085654193498356,-1.08069126727427
-0.843607323638831,0.8034529399642875,1.2900096596095467
1.1321399998601023,-1.2928960714407585,0.42474961617697476
-0.7359244126424417,0.5538875814636869,1.6826875963419345
-0.7967886666838793,0.6038006531638042,-0.45135381263989643
1.216413582379014,-1.532478815601337,-0.41782353841757314
-0.810834263770365,0.7285833324141044,0.6340901194457023
-0.7312425469469475,0.7934703256242583,-0.505307550595754
-0.36137515700283473,-0.4144260095186491,-0.9579399337005529
-0.773379338206405,0.6736789535439726,-0.9658882404628306
0.9729565662132704,-1.4276613650310879,0.08039317353578432
-0.3286020971343689,-0.42939993102868573,-0.3082842909189004
-0.7499700097289275,0.5339223527836358,2.105421712950219
-0.5392860534316498,-0.13990411516798287,1.2780608805695668
-0.8155161294658593,1.167818363375159,0.17087753992224197
-0.562695381909124,0.5688615029737164,0.17529911454496636
-0.09919067805510785,0.25940045843297654,-0.5428909348889073
1.2772778364204516,-1.4825657439012196,-0.03883142789837878
-0.7312425469469475,0.818426861474317,-0.24896149806402104
0.9401835063448046,-1.2529656140806633,-0.037199656311421206
0.8371824610439128,-1.3278352216308462,1.8862905801597463
-0.67037829290551,0.6237658818438553,1.64241968459927
-0.7171969498604617,0.6986354893940312,-0.39797909040844326
-0.1600549320965454,-0.5441999959389568,-1.1409615404054472
-0.918517174766751,0.988131305254727,1.3915479625528147
1.0057296260817363,-1.4176787506910586,-1.2713453539826758
-1.3258394902748272,1.2376966637553275,-0.9057232429179085
-0.8295617265523451,0.818426861474317,0.3720065474630535
0.5328611908367318,-0.13990411516798287,-0.4943588896251993
1.6471452263645643,-1.8219746314620326,-0.26527921393359755
1.0478664173411905,-1.2280090782306046,2.314288476080798
-0.8155161294658593,0.7385659467541265,-0.09641717358004524
-1.1245192653685379,1.1628270562051517,0.1089228574109796
-0.7031513527739758,0.9482008478946318,2.0279915192594227
-0.7171969498604617,0.6187745746738408,-0.8864578106331827
1.2304591794654998,-0.8686349619897404,-1.0454239458787338
-0.8155161294658593,0.8783225475144634,1.0283471899719197
0.7482270128295037,-1.0932437846402823,0.8164800726330645
1.7595100030564477,-2.1364269831727873,-0.36144846197784297
-0.7640156068154134,0.8633486260044267,1.5818335847093266
-0.7967886666838793,0.6686876463739581,-1.3531444845030687
-0.35201142561184307,-0.4194173166886566,-0.17995335127365106
1.0946850742961423,-1.3478004503108902,1.1558885627202542
0.9963658946907447,-1.4126874435210512,0.28252229914602156
1.6471452263645643,-1.8119920171220107,-0.9807847359179599
-0.6422870987325416,0.6337484961838774,-0.1652147691979046
-0.6797420242965017,0.7285833324141044,1.0686677395077118
-0.7031513527739758,0.7735050969442142,0.03986207282748183
-0.8670166521163051,0.7585311754341776,1.4505549286489279
1.6471452263645643,-1.0533133272801871,0.26983659100225416
1.0010477603862422,-1.3428091431408828,-0.47240892989096284
-0.9044715776802651,1.157835749035137,-0.15300280119228604
-0.35669329130734057,-0.42939993102868573,0.06128565463044171
-0.3239202314388747,-0.4244086238586712,-0.6063194756077449
-0.7218788155559558,0.6187745746738408,-0.9893646961977695
1.7267369431879818,-1.7670702525919009,-0.2777017331117265
-0.6797420242965017,1.7717665309466164,0.2270947029825895
-1.3820218786207672,1.2576618924353786,-0.16016154105764877
-0.7359244126424417,0.7235920252440898,-0.7425987220152717
1.4411431357627809,-0.8536610404797038,-0.5123610148748612
0.7622726099159894,-1.1930699280405168,-1.061425834989544
0.7622726099159894,-0.7139044397193669,-1.1393297688184898
1.375597016025849,-0.9484958767099309,-0.8956694244305243
-0.6891057556874933,0.6487224176939139,0.249044662716826
-0.8529710550298193,0.8683399331744412,0.8206910960832777
1.375597016025849,-0.9484958767099309,-1.4036241281125001
1.675236420537536,-1.2180264638905827,-0.6922243539920955
0.6826808930925753,-1.2729308427607144,0.13387317135349305
0.9729565662132704,-1.4276613650310879,0.33126489558224015
-0.67037829290551,0.6786702607139872,1.3205395796235933
-0.7125150841649674,0.46903535957348186,1.0542449841907313
-0.7359244126424417,0.6437311105238994,-1.1321183911599995
-0.6797420242965017,0.45905274523345274,0.5549755163748201
-0.7218788155559558,0.7435572539241411,-0.08636335509266112
-0.8295617265523451,0.6487224176939139,1.4260783548445632
-0.7406062783379391,0.6886528750540092,-1.1601216971039177
-0.9091534433757626,0.8084442471342949,1.6083103946525426
2.0731950046546204,-0.9834350269000186,-0.772654901891169
2.424334931816753,-2.286166198273153,-1.116274415428572
0.9261379092583187,-0.723887054059389,-1.1371189815071276
0.5047699966637601,-1.0982350918102897,-0.18879650051909888
0.7482270128295037,-1.128182934830363,1.1676267905877236
-0.7171969498604617,0.6137832675038262,-1.2252872849959682
-0.5486497848226382,-0.1199388864879388,1.73600968078026
0.9401835063448046,-1.2579569212506778,0.018754317783287674
1.3802788817213432,-0.9734524125599895,-1.1731232320064513
-0.899789711984771,1.2376966637553275,-0.9994185146851537
-0.6656964272100158,0.3592266018332182,0.5541333116847775
-0.8155161294658593,0.6038006531638042,0.6101925613657415
-0.8763803835072967,0.8583573188344192,0.35553091821409416
-0.792106800988385,1.4273663362157887,-0.4473533403621938
-0.7780612039018993,0.6686876463739581,-1.1918096485667726
0.8746373866078729,-0.6490174465092131,-0.4034534208937204
-0.7265606812514533,0.6287571890138628,-0.5124662904611165
0.9729565662132704,-1.3028786857807877,-0.26091027710400116
-0.7593337411199192,0.6137832675038262,-0.6915927004745636
-0.6422870987325416,1.1428618275251006,-0.2650160249679591
-0.7265606812514533,0.6137832675038262,0.9034903446730963
-0.5392860534316498,0.8034529399642875,0.37174335849741535
-0.6937876213829874,0.583835424483753,-0.4373521596679372
-0.7406062783379391,1.1927748992252178,-0.662062898529943
-0.7686974725109076,0.5488962742936724,-0.9072497389186107
-1.0683368770225945,1.9165144388769606,-1.3988340889378825
0.9167741778673304,-0.6590000608492351,-0.9051968649866319
-0.7967886666838793,0.7834877112842362,0.045704867864652686
-0.8482891893343251,0.7585311754341776,2.4958888623712445
-0.7640156068154134,1.0330530697848368,0.2819432834216172
-0.5720591133001157,-0.075017121957829,0.2372537970562287
1.0712757458186681,-1.2080438495505534,2.7127565700572283
2.0216944820041745,-0.6639913680192496,-0.1731630759601821
-0.8389254579433334,0.8733312403444559,3.294720010876702
-0.6797420242965017,0.46903535957348186,1.5407234682766193
-0.9419265032442286,0.8533660116644047,2.140267932000734
-0.8342435922478393,1.1328792131850784,-0.4824101105852192
0.5422249222277201,-0.10995627214791677,-0.8499271822025827
1.693963883319516,-0.7438522827394402,0.04370463172580137
0.20513059215207322,0.25940045843297654,-1.1027991403878896
1.0712757458186681,-1.372756986160949,0.6042971285354432
-1.3352032216658154,1.2576618924353786,0.4860726451707057
-0.8342435922478393,0.8383920901543681,0.002278688534328311
0.4485876083178201,0.08470470748255193,-0.19121783900297148
-0.7827430695973934,0.6437311105238994,-1.0651104805084808
-0.8014705323793734,0.6786702607139872,-1.0359491431157537
2.246424035387938,-1.87188770316215,-1.7742994673175232
0.9776384319087646,-1.4276613650310879,-0.08431048116068202
-0.810834263770365,0.733574639584119,0.4793350076503643
-0.8576529207253167,0.6936441822240167,-0.9542026503884887
2.29324269234289,-1.3478004503108902,-0.5240992427423307
-0.7218788155559558,0.733574639584119,0.21719879787458798
0.8137731325664354,-1.2180264638905827,0.16529793385070976
1.8391017198798654,-0.6739739823592718,-1.0504771740189895
-1.2134747135829438,1.1528444418651225,1.4534500072709493
-0.6188777702550641,0.5538875814636869,0.21061907373363012
-0.6469689644280358,0.6387398033538848,-0.7358610844949305
0.9823202976042588,-1.3328265288008536,0.34247674551843305
0.8559099238258929,-1.3128613001208096,3.168020842818411
1.3849607474168408,-0.9135567265198502,-0.9619404059782555
0.8512280581303987,-1.3028786857807877,0.06807592994391068
1.5394623153681783,-0.18482587969809267,0.3839026887099059
0.5141337280547484,-0.10995627214791677,-0.9978393808913237
-0.7265606812514533,1.06300091280491,-0.14115929773856123
0.8465461924349013,-1.1681133921904583,0.6369851980677237
-0.7640156068154134,0.658705032033936,-1.2067587818150296
1.1087306713826282,-1.2679395355907,0.9945010889908303
-0.9793814288081886,0.9232443120445731,0.5850316962507175
-0.8951078462892768,0.8433833973243827,0.010174357503478261
-0.6563326958190274,0.4840092810835185,-0.32333869975341284
0.766954475611487,-1.118200320490341,0.249044662716826
0.9074104464763387,-1.3777482933309635,-0.23022244371057193
-0.8201979951613534,0.658705032033936,-0.8730351733856279
-0.65165083012353,0.5389136599536503,0.7491563352227796
-0.7312425469469475,0.6786702607139872,-1.0175785533141986
2.1621504528690263,-0.7887740472695499,-0.2760699615247689
0.9916840289952504,-1.4176787506910586,-0.24390826992376496
-1.2275203106694295,1.2626531996053862,2.422090676406257
-0.8857441148982851,1.5771055513161476,-0.26675307214117205
-0.937244637548731,0.9182530048745585,0.8648542045173894
-0.2021917233559996,0.4540614380634453,0.09865848775108435
-1.1385648624550204,1.157835749035137,-0.9517813119046161
-0.8155161294658593,0.5788441173137455,2.742707474346871
-0.10855440944609952,0.28934830145304974,-0.1575296514012653
1.0572301487321822,-1.3627743718209269,0.11413399893061853
-0.12728187222807955,0.25940045843297654,-0.11362973193279209
-0.8904259805937826,0.7535398682641631,3.511850907528325
1.7220550774924877,-2.116461754492743,-0.265963505244257
-1.4241586698802213,1.2277140494153056,-0.8913531253940558
-0.8389254579433334,0.7036267965640458,-0.11894614903868635
0.9823202976042588,-1.4276613650310879,0.06807592994391068
1.5722353752366443,-1.4725831295611906,-1.1632799646915775
0.804409401175447,-1.183087313700495,-0.3705548001889292
1.2772778364204516,-1.552444044281388,0.24062261581639943
-0.8482891893343251,0.6187745746738408,1.4293418980184784
1.2725959707249574,-1.5574353514513957,1.7661711362424126
-0.7265606812514533,0.7685137897741997,-0.4747249927885801
0.35495029440791664,0.1495917006927129,0.24078052919578252
-0.7546518754244217,0.5588788886336944,1.3061694620997404
-0.6610145615145216,0.35423529466320364,0.6394591743447239
-0.7312425469469475,0.7784964041142217,-0.8499798199957103
-1.3305213559703213,1.1827922848851957,0.3832183973992464
0.8512280581303987,-1.3278352216308462,2.0647326988625334
-0.792106800988385,1.5421664011260598,-1.0899555188647392
1.3147327619844116,-1.5474527371113735,-0.33118173092943526
-0.67037829290551,0.7285833324141044,1.5561463416630261
-0.8389254579433334,0.8134355543043095,-0.35913239908022565
1.0057296260817363,-1.457609208051154,-0.13468484918385845
-0.6610145615145216,0.5588788886336944,-0.5786319964225926
-0.6937876213829874,0.16955692937275696,-0.06457130873780727
-0.3754207540893206,1.2077488207352542,-0.40619058613635894
1.338142090461889,-0.9584784910499529,-0.5977921531210629
1.0057296260817363,-1.4226700578610734,-1.0669001654748214
1.3475058218528775,-0.968461105389982,1.4425539840935226
-0.7171969498604617,0.7635224826041851,0.1464009661178773
-0.7827430695973934,0.6786702607139872,-0.9115660379550793
2.307288289429376,-1.6422875733416007,-1.1219066592932323
-0.8576529207253167,0.6137832675038262,0.0369143564123324
-0.7499700097289275,0.5588788886336944,-0.6410604190720043
-0.7265606812514533,0.6287571890138628,-0.5876330590474232
-0.6891057556874933,0.7136094109040678,-0.6820126221253282
-0.7406062783379391,0.6886528750540092,-0.5934758540845944
-0.7546518754244217,0.5938180388237821,0.047810379589759325
1.2304591794654998,-1.233000385400619,-0.5696309337977616
0.5796798477916801,-0.44437385253871525,-1.3328262963557895
0.930819774953813,-1.4226700578610734,0.5047064239378994
1.2257773137700056,-1.233000385400619,-0.5405222341981625
-1.3539306844477954,1.2177314350752835,-0.6370599467943017
-0.7078332184694733,1.0879574486549686,0.5521330755459263
0.5281793251412343,-0.0899910434678656,-1.3385111780135774
0.8980467150853471,-1.1980612352105313,-0.3698705088782695
-0.7827430695973934,0.7385659467541265,-0.26770055241747015
-0.8529710550298193,0.6237658818438553,0.43980402501148724
-0.6610145615145216,0.5888267316537675,-0.0924693390954704
-0.7312425469469475,0.5688615029737164,3.4088387463774823
0.7529088785250011,-1.1531394706804217,2.3349224909868425
1.1227762684691138,-0.8786175763297625,0.5512908708558837
-0.7499700097289275,0.6337484961838774,-0.6096356565747878
-0.6984694870784817,0.5538875814636869,2.6007433462815555
-0.7265606812514533,0.5938180388237821,-0.48725278755296464
-0.6937876213829874,0.7385659467541265,-0.1652147691979046
0.841864326739407,-1.1531394706804217,0.9445478233126754
-1.133882996759526,1.1179052916750418,-0.8329778128154742
-0.6937876213829874,0.7086181037340533,-1.4233106627422472
0.574997982096186,-0.1049649649779022,2.3635048126551648
-0.792106800988385,0.7235920252440898,0.7252587771428194
-0.9419265032442286,1.4123924147057523,-0.5035178656294134
-1.3492488187523013,1.2077488207352542,-0.6593257332873043
0.9823202976042588,-0.7738001257595133,-0.7781292323764464
-0.8529710550298193,0.7834877112842362,-0.18100610713620427
1.0057296260817363,-1.4276613650310879,-1.4705267631777634
-0.7499700097289275,0.5289310456136211,-0.007143476435523899
-0.843607323638831,0.8234181686443315,-0.6918032516470742
-0.810834263770365,0.9981139195947561,-0.1674781943023941
1.0291389545592105,-1.3378178359708683,-0.4110859008972319
1.0946850742961423,-1.372756986160949,0.4332243008705289
1.2538685079429774,-1.4526179008811464,-0.5779477051119329
-0.7967886666838793,0.658705032033936,-0.7214909669710777
0.804409401175447,-0.5092608457488762,-0.17442638299524615
0.3409046973214308,-0.03508666459773377,0.7067829117550087
1.0010477603862422,-1.3178526072908172,0.11566049493132055
-0.8389254579433334,1.5271924796160232,0.10644888113397899
-1.3305213559703213,1.2926010426254593,-0.002090248295268062
-0.7967886666838793,0.7186007180740824,-0.18316425665443867
1.1695949254240656,-1.5075222797512784,0.792108774414955
0.5328611908367318,-0.05505189327778493,1.1277799811900806
-0.7546518754244217,0.6237658818438553,-0.25269878137608526
1.2304591794654998,-1.22301777106059,-0.6743275043286892
1.2772778364204516,-1.5624266586214102,0.18440545275605236
0.9729565662132704,-1.2429829997406412,0.402325916304589
-0.8716985178117993,0.8084442471342949,0.1689825793696462
1.0946850742961423,-1.3627743718209269,-0.26091027710400116
-0.6844238899919958,0.5988093459937897,-0.8396101747495601
1.693963883319516,-1.8918529318422013,-0.6754328979843701
-0.6891057556874933,0.4840092810835185,0.15524411536332564
-0.5299223220406581,1.1079226773350197,-0.26091027710400116
0.5422249222277201,-0.1199388864879388,-0.7653382486464234
-1.0168363543721486,1.1129139845050273,0.8784347551443273
-1.166656056627992,1.2077488207352542,-0.8235030100524943
0.9823202976042588,-0.9285306480298868,-0.46067070202349336
1.0010477603862422,-1.3328265288008536,-0.7803400196878083
-0.8482891893343251,0.7435572539241411,-0.5585769972409519
0.7529088785250011,-1.1930699280405168,0.8409566464374292
-1.166656056627992,1.0929487558249833,-0.3482890136959265
0.9963658946907447,-1.3028786857807877,0.018754317783287674
-0.7452881440334334,0.7285833324141044,0.7232059032108406
-0.810834263770365,0.6237658818438553,-0.10957662186196167
-0.6656964272100158,0.4939918954235405,0.08455155919287005
-1.236884042060418,1.2376966637553275,0.6949394083012839
0.9963658946907447,-0.9335219551998942,0.6177724035761255
-0.9325627718532369,0.8284094758143461,-0.12110429855692052
-0.773379338206405,0.6337484961838774,-1.163069413519067
-0.8201979951613534,0.8883051618544854,1.164468523000064
0.5469067879232143,-0.12992150082796083,-0.007143476435523899
-0.8857441148982851,0.8234181686443315,-0.36497519411739676
-0.7171969498604617,0.8334007829843535,-0.08546851260949077
1.0993669399916364,-0.39945208800861254,-1.1941257114643897
0.8090912668709411,-1.2529656140806633,2.2928648942778374
1.1836405225105482,-0.7837827400995354,-0.15437138381360543
-0.8670166521163051,0.8084442471342949,-0.07388819812140415
1.890602242530311,-0.3345650947984516,-0.7938679325216185
-1.218156579278438,1.2526705852653641,1.6952680288994468
-0.8670166521163051,0.818426861474317,0.2736791499005737
-0.6001503074730841,0.254409151262962,-0.9487809576963391
1.2491866422474798,-1.4526179008811464,-0.6414815214170255
0.9401835063448046,-1.2429829997406412,-0.02356646789135572
0.8980467150853471,-0.7288783612294035,-0.9989974123401323
0.9027285807808446,-1.3627743718209269,0.454647882673489
0.6920446244835636,-1.0882524774702678,1.5826231516062415
-0.8716985178117993,0.6986354893940312,-0.6274798684450665
1.3802788817213432,-0.9335219551998942,0.029702978753842146
-0.6891057556874933,0.6137832675038262,-0.0940484728893002
0.631180370442126,-1.233000385400619,1.5405655548972363
0.4439057426223226,-0.020112743087697168,-0.6175839633370653
0.5422249222277201,-0.12992150082796083,-0.2860711422190255
0.9635928348222788,-1.2629482284206852,-0.07815185936474521
-0.5580135162136298,-0.075017121957829,0.43654048183757205
1.0150933574727246,-1.3328265288008536,-0.7089631722066932
-0.35669329130734057,-0.4244086238586712,0.5080752426980697
1.2445047765519857,-1.4426352865411174,-0.7930783656247035
0.7575907442204953,-1.1231916276603484,0.039704159448098734
-0.36137515700283473,-0.43938254536870774,-0.8377678519900916
0.5656342507051977,-0.10995627214791677,-1.0938507155561863
-0.773379338206405,0.6287571890138628,-0.14342272284305096
-0.67037829290551,0.5938180388237821,-0.7580215954016779
0.6218166390511377,-1.2280090782306046,-0.14573878574066826
0.9916840289952504,-0.9285306480298868,-0.38813582309356953
0.7575907442204953,-0.7188957468893815,-0.5995818380874036
1.0993669399916364,-0.8586523476497183,-0.6556937255614954
-0.6891057556874933,0.7036267965640458,1.157678247686595
0.9542291034312904,-0.6989305182093304,0.2707840712785523
0.7997275354799528,-1.1731046993604728,-0.4509853480880027
-0.862334786420811,0.6936441822240167,-1.1750181925590473
-0.65165083012353,0.583835424483753,0.47601882668332157
2.279197095256404,-0.5491913031089715,-0.14447547870560418
-0.8904259805937826,0.7735050969442142,0.8891728649423709
-1.3117938931883413,1.1927748992252178,-0.26091027710400116
-0.8014705323793734,0.5788441173137455,-0.12199914104009087
-0.7686974725109076,0.5938180388237821,0.3984833574062695
-0.46437620230372645,-0.43938254536870774,-0.048885246385762915
1.0572301487321822,-1.3428091431408828,1.3213817843136357
-0.7686974725109076,0.6636963392039505,-0.7684965162340835
0.766954475611487,-1.148148163510414,0.6098240968138483
0.3174953688439566,-0.05505189327778493,-0.461670820092919
-1.1385648624550204,1.157835749035137,-0.565630461520059
-0.1132362751415937,0.30432222296308636,-0.39003078364616556
1.6518270920600584,-1.8219746314620326,-0.6525354579738356
-1.040245682849626,0.9831399980847195,0.35632048511100917
-0.8529710550298193,0.6038006531638042,0.6880438574015598
-0.8201979951613534,0.6786702607139872,-0.3398669667955
-1.0308819514586345,0.978148690914705,0.06149620580295235
-0.7125150841649674,0.8334007829843535,-0.8969327314655882
-0.8670166521163051,0.8334007829843535,-0.2673847256587042
-0.8389254579433334,0.6137832675038262,1.2670595818058845
0.26131298049801327,0.5988093459937897,-0.3925047599231659
-0.7171969498604617,0.7685137897741997,-0.4887266457605391
-0.8014705323793734,0.7735050969442142,-0.34134082500307467
0.8840011179988646,-1.3178526072908172,-0.5952129012578072
0.8137731325664354,-0.4643390812187664,-0.7734971065812118
-0.918517174766751,0.8084442471342949,-0.4363520415985116
-0.7359244126424417,0.6387398033538848,-1.2187601986481376
-1.4054312070982413,1.2526705852653641,0.18408962599728618
1.370915150330355,-0.8985828050098136,-0.9372532810013803
-0.7406062783379391,0.7984616327942728,-0.3705548001889292
1.6518270920600584,-0.9984089484100481,-0.6181103412683419
-0.9934270258946744,0.9531921550646464,0.07686644139623097
-0.8155161294658593,0.8234181686443315,0.8426936936106418
-0.7078332184694733,1.0031052267647635,-0.03862087672586814
1.427097538676295,-0.883608883499777,0.21246139649309834
-0.7452881440334334,0.9482008478946318,-0.42682460104240405
-0.8763803835072967,0.8034529399642875,-0.051201309283380195
1.4598705985447609,-0.5641652246190081,-0.5109397944604143
0.5047699966637601,-1.0283567914301213,0.05849585159467537
-0.7359244126424417,0.5938180388237821,1.2442147795884775
-0.7359244126424417,0.6237658818438553,0.13387317135349305
1.427097538676295,-0.8237131974596306,-0.2211161054994857
1.0993669399916364,-1.2579569212506778,0.9563386889732727
-1.2134747135829438,1.477279407915906,0.002278688534328311
-0.7452881440334334,0.6836615678839947,-0.9478334774200412
-0.7218788155559558,0.5988093459937897,-0.4500905056048324
-0.6376052330370441,0.49898320259355505,3.018266321370201
1.0900032086006481,-0.8736262691597478,-0.5816849884239971
0.9776384319087646,-1.4126874435210512,0.2116191918030558
-0.7406062783379391,0.6087919603338188,-0.6790649057101791
1.4598705985447609,-0.8037479687795865,0.4860726451707057
0.5094518623592543,-0.12992150082796083,0.25230820589074116
-0.7125150841649674,0.6886528750540092,-0.8341358442642828
-0.8014705323793734,0.733574639584119,0.10881758182472404
-0.7640156068154134,1.327540192815547,0.8576428268588991
-1.2322021763649238,1.127887906015064,1.5652526798741115
-1.3398850873613097,1.1977662063952323,0.3565836740766474
1.4224156729808008,-0.8636436548197258,0.516707840771007
0.7810000726979694,-1.22301777106059,1.4957707929455928
-0.6984694870784817,0.7735050969442142,-0.1488970533283281
-0.7265606812514533,0.7685137897741997,-0.7497048240875066
0.8886829836943587,-1.3627743718209269,1.1208317924972286
1.3240964933754031,-0.8886001906697845,0.27225792948612676
1.2725959707249574,-0.4992782314088471,-0.8476111193049651
-0.7546518754244217,0.8284094758143461,-0.31096881836841145
1.1695949254240656,-1.3328265288008536,0.11745017989766124
0.9401835063448046,-0.7139044397193669,-1.4123620017716927
-0.773379338206405,0.5289310456136211,-0.8048165934921729
1.0104114917772304,-1.1980612352105313,1.5344069331012997
-1.1432467281505179,1.1528444418651225,0.1923537595183301
-0.6376052330370441,0.573852810143731,-1.2548697247337164
2.25578776677893,-1.3977135220110146,-0.2838077171145358
1.0104114917772304,-1.447626593711132,0.05165293848807886
-0.7265606812514533,1.1877835920552102,-0.6406393167269829
-0.10855440944609952,0.3093135301330938,-0.09641717358004524
-0.8716985178117993,0.5938180388237821,1.2821139906403969
0.7622726099159894,-1.203052542380546,0.41832780541539955
0.9542291034312904,-1.2579569212506778,-0.39961086199540086
-0.7827430695973934,0.7285833324141044,0.27241584286550985
-0.8014705323793734,0.7585311754341776,-0.3334977938270525
-0.8482891893343251,0.7884790184542508,-0.37734507550239815
-1.218156579278438,1.2476792780953567,1.5471452790381945
-0.8576529207253167,0.8034529399642875,0.4716498898537252
-0.7265606812514533,1.072983527144932,-0.5862644764261041
-0.7499700097289275,0.5988093459937897,-0.9188826911998249
-0.8342435922478393,0.733574639584119,0.40648430196167473
-0.8014705323793734,0.6087919603338188,-0.589896484151913
0.5609523850097001,-0.08499973629785104,0.1258722267980878
-1.3632944158387872,1.2177314350752835,-0.73091313194093
1.1087306713826282,-1.3478004503108902,1.0375588037692611
-0.8904259805937826,0.6337484961838774,-0.5924757360151687
1.5394623153681783,-0.21477372271816586,-0.2848604729770892
-0.7546518754244217,0.6087919603338188,-0.32670751851358354
-0.7452881440334334,0.9482008478946318,0.4135377662407819
-1.152610459541506,1.1778009777151883,-0.06351855287525406
-0.7171969498604617,0.6337484961838774,-1.108852486597571
1.0806394772096564,-1.4176787506910586,-0.3069683460907088
-0.8155161294658593,0.5888267316537675,1.8238621575103344
1.1134125370781223,-0.8586523476497183,-0.06351855287525406
-0.7125150841649674,0.7535398682641631,-0.41334932600172164
-0.7078332184694733,1.7567926094365798,-0.3925047599231659
0.7575907442204953,-1.118200320490341,0.16945631950779502
0.766954475611487,-1.2080438495505534,1.9619837266773297
-0.899789711984771,0.7585311754341776,2.6094812199407476
-0.5580135162136298,-0.075017121957829,1.3312250516285093
-0.7171969498604617,0.9681660765746829,-0.6382179782431103
1.0057296260817363,-1.447626593711132,-0.38503019329903726
-0.8857441148982851,0.8334007829843535,0.4722815433712571
-0.7874249352928876,0.6487224176939139,-1.2478688982477368
0.7763182070024753,-1.1731046993604728,0.6873595660908999
-1.3726581472297754,1.2177314350752835,-1.0504771740189895
0.930819774953813,-0.7039218253793449,-1.0264743403527739
0.37367775718989665,-0.14489542233799743,-1.1333290604019357
0.518815593750246,-0.10995627214791677,-0.9270941869277408
1.3100508962889175,-1.6672441091916592,0.42101233286491035
0.30813163745296496,0.22945261541290338,-0.6654317172901135
1.413051941589809,-0.883608883499777,0.3839026887099059
1.0104114917772304,-1.4276613650310879,0.17556230351060453
0.9916840289952504,-1.4226700578610734,-0.3197593298207317
-0.9138353090712568,0.8883051618544854,1.0080816396177683
1.1087306713826282,-0.8586523476497183,-1.0005765461339624
1.216413582379014,-1.5274875084313224,-0.4509853480880027
-0.5580135162136298,0.9731573837446904,-0.14300162049802945
-0.3754207540893206,2.4605669204082714,-1.1393297688184898
-0.12728187222807955,0.2793656871130206,-1.3975181441096909
-0.7499700097289275,0.6387398033538848,-1.644073567119678
1.352187687548375,-1.5923745016414834,-0.42935121511253194
0.823136863957427,-1.2529656140806633,0.491073235517834
-1.3398850873613097,1.1877835920552102,0.14008443094255765
1.7969649286204077,-2.1114704473227284,-0.5711047920053364
-1.358612550143293,1.1428618275251006,0.5251825254645615
-0.8061523980748709,0.6137832675038262,-0.6325857343784501
-0.773379338206405,0.6387398033538848,-1.2982959040640407
-1.147928593846012,1.1378705203550858,-0.582316641941529
0.6779990273970777,-1.233000385400619,0.48917827496523775
0.9823202976042588,-1.4426352865411174,2.1772196627763556
-0.6891057556874933,0.5988093459937897,-0.13573760504641166
-0.4596943366082323,0.6786702607139872,-0.4350887345634477
0.823136863957427,-1.2080438495505534,0.4968107549687493
-0.6656964272100158,0.49898320259355505,0.13024116362768415
-0.65165083012353,0.4790179739135039,1.128043170155719
-1.3726581472297754,1.2676445067754007,-0.8338200175055168
1.450506867153769,-0.8037479687795865,1.1367284060217837
0.930819774953813,-1.2280090782306046,0.4422780012884874
-1.2462477734514095,2.0213318894472168,-0.9893646961977695
-0.5580135162136298,-0.13990411516798287,1.134307067537911
0.879319252303367,-1.3627743718209269,0.8219544031183417
-0.8248798608568509,0.8383920901543681,-0.43382542752838366
-0.6563326958190274,0.5139571241035845,0.13387317135349305
1.6330996292780784,-0.3145998661184075,0.13734726569991884
-0.7031513527739758,0.8334007829843535,-0.3742394457078659
1.0150933574727246,-1.3178526072908172,-0.20242968893916438
0.6826808930925753,-1.0133828699200846,-0.12931579428483644
-0.65165083012353,1.3475054214955913,0.05165293848807886
-0.8201979951613534,0.6786702607139872,-0.22222149915516667
0.9589109691267846,-1.2729308427607144,0.09002588967814716
1.656508957755556,-0.8386871189696672,-0.9188826911998249
-0.63292336734155,0.5888267316537675,0.32168481723300485
0.4579513397088084,-1.1331742420003776,-0.8790358818021818
1.1508674626420856,-1.3128613001208096,0.7501038154990778
-0.7031513527739758,0.6636963392039505,-0.26691098552055514
-0.7312425469469475,0.6038006531638042,0.43754059990699773
-0.5486497848226382,0.16955692937275696,-0.3516578324560972
1.0104114917772304,-0.8237131974596306,-1.130591895159297
0.5703161164006918,-0.0600432004477924,0.352214737247051
0.8184549982619328,-1.1880786208705094,-0.36292232018541765
1.0104114917772304,-1.4176787506910586,-0.19163894134799278
1.2585503736384716,-1.372756986160949,0.5944538612205696
-1.3820218786207672,1.1927748992252178,-0.32670751851358354
-0.11791814083708788,0.27437437994301317,-1.4123620017716927
-0.12260000653258538,0.26439176560298405,-0.8889844247033106
-0.6750601586010074,2.625280057018667,-1.2512377170079074
-0.8248798608568509,0.8134355543043095,0.0351773092391195
-0.6984694870784817,0.7086181037340533,-1.1820716568381544
1.4879617927177324,-1.7221484880617912,-0.44514255305083184
0.7201358186565353,-1.2928960714407585,0.6031390970866344
0.9261379092583187,-1.4176787506910586,-0.025935168582100543
-0.7967886666838793,0.7685137897741997,0.002278688534328311
1.1321399998601023,-0.8486697333096892,-0.24211858495742453
-0.881062249202791,0.8034529399642875,0.39269320016222614
-0.6095140388640757,0.22945261541290338,-0.16663598961235154
0.5469067879232143,-0.14489542233799743,-0.6901714800601166
-0.67037829290551,0.6187745746738408,0.25920375679046564
-0.9325627718532369,1.4972446365959573,1.2630591095281818
0.20044872645657905,0.25940045843297654,-0.37276558750029115
1.1227762684691138,-1.4326526722010953,0.13592604528547192
0.2753585775844991,0.09967862899258853,-0.6130571131280859
-1.358612550143293,1.2277140494153056,0.008279396950882263
-0.7031513527739758,1.1079226773350197,-0.0747830406045745
-0.6656964272100158,0.19950477239283018,-0.4002425155129328
0.9589109691267846,-1.2579569212506778,-0.7132794712431618
1.0010477603862422,-1.2928960714407585,0.2654676541726578
0.7716363413069811,-1.128182934830363,0.015911876954393795
-1.3258394902748272,1.212740127905269,-0.7021202591000968
-0.7499700097289275,1.1877835920552102,3.680818223468132
0.949547237735793,-1.1032263989803044,-0.009670090505651818
-0.8763803835072967,0.7435572539241411,-1.2680291730156328
-0.6282415016460557,0.5538875814636869,-0.43061452214759605
1.2725959707249574,-1.1980612352105313,-0.0694139857055527
-0.8670166521163051,0.8134355543043095,0.4750187086138959
0.9401835063448046,-1.2429829997406412,-0.16663598961235154
-0.7967886666838793,0.6387398033538848,-0.2563834268950219
1.0104114917772304,-1.4426352865411174,5.4876104725752635
-0.12728187222807955,0.2793656871130206,-1.4815806997345733
-0.7686974725109076,0.7435572539241411,-0.555576643032675
1.0619120144276764,-1.4775744367312051,0.006963452122690644
-0.6891057556874933,0.6337484961838774,-0.5455754623384184
1.431779404371789,-0.8736262691597478,0.003647271155647707
-1.2275203106694295,1.2576618924353786,3.551960905891606
-0.8857441148982851,0.6936441822240167,0.11902931369149126
0.6686352960060894,-1.2180264638905827,0.6534608273166831
0.9589109691267846,-1.2729308427607144,0.26809954382904105
-0.8529710550298193,0.5938180388237821,0.9819206564333185
-1.1572923252370038,1.127887906015064,0.9421264848288028
-0.7171969498604617,0.9482008478946318,0.249044662716826
0.9027285807808446,-1.1980612352105313,0.49191544020787653
-1.4288405355757188,1.2177314350752835,-0.8165548213596424
1.1602311940330738,-0.8436784261396818,0.19693324752043664
0.4392238769268284,-0.020112743087697168,-1.2040216165723912
-0.6844238899919958,0.5588788886336944,-0.3327082269301375
-1.0215182200676427,0.978148690914705,0.4490156388088288
-0.7406062783379391,0.8034529399642875,-0.07625689881214921
-0.9325627718532369,1.7068795377364554,-1.165911854347961
-0.5767409789956098,0.5538875814636869,0.35337276869585976
-0.7312425469469475,0.7235920252440898,-0.9715204843274908
-0.792106800988385,0.6137832675038262,-0.8888791491170553
1.0946850742961423,-0.8436784261396818,-0.693277109854649
1.0759576115141622,-1.4825657439012196,0.8779083772130505
-0.7874249352928876,0.6736789535439726,-0.37776617784741945
-0.7312425469469475,0.5588788886336944,-1.204179529951774
-0.8389254579433334,0.8284094758143461,-0.480251961066985
0.6030891762691577,-1.0832611703002533,-0.40240066503116717
1.394324478807829,-0.9435045695399163,-0.7633380125075722
1.0993669399916364,-0.8736262691597478,-1.325193816352278
1.375597016025849,-0.9235393408598722,-0.05135922266276329
0.32685910023494497,-0.020112743087697168,-0.4509853480880027
-0.67037829290551,0.3492439874931891,1.6477361017051644
-0.10387254375060535,0.26439176560298405,-0.42540338062795713
-1.3164757588838354,1.1977662063952323,-0.39797909040844326
-0.6984694870784817,0.6686876463739581,-0.7763395474101057
1.2257773137700056,-1.203052542380546,0.5472377607850535
-0.8576529207253167,0.7485485610941556,1.7114804691827674
1.0806394772096564,-1.372756986160949,-0.07525678074272354
1.033820820254708,-1.3428091431408828,-1.4978984156041497
-0.6984694870784817,1.1378705203550858,-0.7609693118168273
0.5609523850097001,-0.1349128079979754,1.8683410927032118
1.1695949254240656,-1.3278352216308462,-0.31807492044064634
1.1695949254240656,-0.8586523476497183,-0.7784976969283398
-1.4007493414027472,1.2826184282854374,0.583505200250015
-0.7078332184694733,1.147853134695115,-1.5816977822633937
1.6471452263645643,-1.7970180956119741,0.2917865507364906
-1.3632944158387872,1.157835749035137,1.4008122141432837
1.534780449672681,-0.26468679441828313,-1.0504771740189895
1.427097538676295,-1.0932437846402823,-1.3035596833768073
-0.773379338206405,0.8334007829843535,-0.3251283847197535
-1.3445669530568072,1.2526705852653641,-0.4767252289274314
1.0150933574727246,-1.4126874435210512,0.47601882668332157
1.2351410451609974,-1.183087313700495,-0.6856446298511374
0.8886829836943587,-1.1980612352105313,0.8207437338764053
-0.7827430695973934,0.6287571890138628,-1.117853549222402
1.0525482830366881,-1.3577830646509195,0.010016444124095164
0.5281793251412343,-0.40444339517862,-1.2985064552365513
-0.6563326958190274,0.21447869390286678,-0.6839075826779243
0.9682747005177763,-1.2579569212506778,-0.46561865457749385
1.1040488056871338,-1.2429829997406412,-0.5613141624835905
-0.6235596359505616,0.5688615029737164,0.0798141578113804
1.0806394772096564,-1.3777482933309635,0.037388096550481455
-0.4316031424352606,0.7086181037340533,-0.7068576604815866
-1.3679762815342813,1.2776271211154229,-0.46830318202700466
1.0993669399916364,-1.213035156720568,0.6426174419323839
1.0057296260817363,-1.3478004503108902,-0.052569891904699594
0.6545896989196035,-1.2280090782306046,0.9225452257853114
0.8840011179988646,-1.2479743069106486,1.1642053340344252
1.0197752231682222,-1.3228439144608317,2.255913163502216
-0.6937876213829874,0.7186007180740824,-0.5569978634471219
1.0010477603862422,-1.3128613001208096,-0.7563371860215925
0.823136863957427,-1.2579569212506778,-0.6015294364331272
-0.7499700097289275,0.6087919603338188,-0.9978393808913237
-0.773379338206405,0.6437311105238994,-1.5211116823734503
1.3990063445033234,-0.9235393408598722,-0.9728890669488099
0.3128135031484591,-0.09997365780788764,-0.93004190334289
0.5234974594457401,-0.09997365780788764,-1.2359201192077567
-0.7171969498604617,0.8034529399642875,-0.3390247621054574
-1.3445669530568072,1.242687970925342,-1.1220119348794875
0.9682747005177763,-1.2729308427607144,-0.46240774919670624
0.5328611908367318,-1.0882524774702678,-0.30370480291679364
-0.8857441148982851,1.297592349795474,-1.0152098526234534
1.0010477603862422,-0.6440261393391985,-0.024040208029504545
-0.8061523980748709,0.7435572539241411,-1.5139003047149602
-0.8155161294658593,0.5888267316537675,1.3015899740976333
1.6799182862330302,-1.033348098600136,-0.005037964710417261
0.8184549982619328,-1.2280090782306046,0.001331208258030429
-0.8951078462892768,0.6387398033538848,-0.35660578501009776
-0.8857441148982851,0.733574639584119,0.3507408790394765
0.3221772345394508,0.14460039352269832,-1.0300537102854552
-0.7218788155559558,0.6487224176939139,-0.045253238659954016
2.6771556793734885,-0.46933038838878094,-0.7175957702796305
-0.7780612039018993,0.8334007829843535,0.8131638916660213
1.9186934367032795,-1.108217706150319,-0.42540338062795713
-1.2743389676243813,1.2177314350752835,0.06807592994391068
2.8925215013662635,-1.4775744367312051,-1.1089577621838265
-0.9138353090712568,0.6437311105238994,-0.07499359177708513
0.593725444878166,-1.0682872487902166,0.3904824128508642
-0.6891057556874933,1.562131629806111,-0.5146770777724784
-0.8904259805937826,1.2027575135652468,-0.6519038044563034
-0.4924673964766982,0.7435572539241411,-0.45298558422685403
-0.8576529207253167,0.6087919603338188,1.0966710454516302
0.823136863957427,-1.233000385400619,0.47259737013002334
-0.862334786420811,0.7385659467541265,1.4530815427190555
-0.4316031424352606,0.733574639584119,-0.7662330911295938
-0.7406062783379391,0.5938180388237821,-0.40798027110269963
-1.358612550143293,1.2526705852653641,-0.04293717576233674
-0.35669329130734057,0.6886528750540092,0.6235625608201688
1.0900032086006481,-0.8586523476497183,-1.3430906660156845
0.2987679060619766,-0.00014751440764600325,-0.6556937255614954
-0.7125150841649674,0.9731573837446904,1.198735726326174
-0.6797420242965017,0.6437311105238994,1.5861498837457952
-0.8670166521163051,0.6936441822240167,-1.2707663382582712
-1.3398850873613097,1.2626531996053862,-0.4780938115487506
-1.414794938489233,1.2676445067754007,0.6754107870509201
1.0010477603862422,-1.4176787506910586,-0.21243086963342098
-0.7827430695973934,0.6038006531638042,-0.6949615192347343
0.7810000726979694,-1.1581307778504362,1.0374008903898781
0.5469067879232143,-0.06503450761780696,-0.03256753051618642
0.9963658946907447,-1.4076961363510367,0.07028671725527263
0.7622726099159894,-1.1631220850204507,1.5465662633137902
0.6218166390511377,-0.2696781015882977,0.01291152274611682
-0.7967886666838793,0.6337484961838774,-0.03883142789837878
-0.6376052330370441,0.4191222878733575,0.3607420597337331
-0.7125150841649674,0.7735050969442142,0.3970621369918225
-0.7359244126424417,0.6087919603338188,-0.736124273460569
-0.21623732044248545,0.05475686446248583,-0.5465755804078439
0.8512280581303987,-1.287904764270751,1.5245636657864263
-0.810834263770365,0.658705032033936,-1.0054718608948354
0.8559099238258929,-1.3228439144608317,0.2372537970562287
-0.8529710550298193,0.7635224826041851,0.9548121929725703
1.6471452263645643,-1.033348098600136,0.7176262971393078
1.0853213429051538,-1.3777482933309635,-0.052569891904699594
-0.881062249202791,0.8783225475144634,0.6055077977773794
-1.3117938931883413,1.9963753535971582,-0.18026917803241702
-0.6844238899919958,0.583835424483753,-0.24706653751142504
-0.67037829290551,1.8566187528368214,-1.3230883046271713
-0.7359244126424417,0.6337484961838774,-1.0786910311354188
0.7763182070024753,-0.4343912381986932,-1.1309077219180632
1.356869553243869,-0.9185480336898577,-0.4721457409253244
-0.810834263770365,0.8683399331744412,1.4237622919469457
-0.9700176974171969,0.9332269263845951,0.140663446666962
0.8559099238258929,-1.2779221499307218,-0.07341445798325533
-1.0027907572856627,2.4406016917282205,-1.174439176834643
-0.7406062783379391,0.573852810143731,2.076944666868152
1.0244570888637163,-1.3428091431408828,-1.3960442859021165
1.0197752231682222,-1.2080438495505534,0.5427635483692016
-0.9653358317217027,0.9581834622346538,0.2545189932021031
-0.8576529207253167,0.7036267965640458,0.6895177156091343
0.6218166390511377,-1.2379916925706267,0.17572021688998762
-0.7078332184694733,0.733574639584119,1.2794294631908862
-0.7499700097289275,0.6437311105238994,-0.9492546978344881
1.352187687548375,-0.21477372271816586,-0.3793453116412495
0.9776384319087646,-1.2479743069106486,0.8489049531997064
1.6237358978870902,-0.9534871838799455,-0.6713797879135397
-0.43628500813075477,-0.42939993102868573,-0.00035320112205492794
-0.7312425469469475,0.6337484961838774,-0.7558108080903159
-1.3913856100117588,1.242687970925342,-0.5583138082753135
2.1293773930005604,-1.3228439144608317,-0.7995528141794063
-0.5861047103865983,0.5139571241035845,1.557672837663728
2.101286198827589,-2.1214530616627507,-0.9388850525883379
0.0038103672457838883,0.18952215805280814,-0.6306381360327263
1.3287783590708975,-0.9135567265198502,0.2606249772049126
1.0525482830366881,-1.3478004503108902,0.2161460420120348
-0.7312425469469475,0.6337484961838774,-1.046318788361904
0.5094518623592543,-0.2397302585682245,-1.0742168187195669
-0.7031513527739758,0.7834877112842362,-0.1697942572000116
-0.8389254579433334,0.8982877761945145,1.5037190997078704
0.3128135031484591,0.12962647201266173,0.07970888222512484
-0.7874249352928876,0.7235920252440898,0.9902900655406176
-0.6750601586010074,0.6886528750540092,5.858285811780286
-0.7078332184694733,1.1728096705451736,-0.55884018620659
-0.792106800988385,0.7235920252440898,-0.5995292002942759
0.841864326739407,-1.1681133921904583,0.5051801640760483
1.0150933574727246,-1.4276613650310879,-0.340656533692415
-0.7593337411199192,0.6287571890138628,-0.9627299728751706
-0.7827430695973934,0.6337484961838774,-0.5478388874429081
-1.3258394902748272,1.1877835920552102,-0.389662319094272
-1.4007493414027472,1.2376966637553275,-0.6047403418139148
-0.810834263770365,0.7086181037340533,-0.55884018620659
0.5234974594457401,-0.11494757931792424,-1.2334987807238837
-0.6797420242965017,0.6137832675038262,-0.33197129782635004
-0.6656964272100158,0.6686876463739581,-0.23996043543919013
1.1602311940330738,-1.3328265288008536,-0.4316146402170217
1.1180944027736197,-0.8886001906697845,-0.23301224674633828
-0.7359244126424417,0.6836615678839947,-0.8288194271583885
1.9186934367032795,-1.1331742420003776,-1.153278783997321
0.5141337280547484,-0.0899910434678656,-1.1781238223535793
-1.3258394902748272,1.2476792780953567,0.05902222952595221
-0.7546518754244217,0.5389136599536503,-1.2409207095548846
-0.6937876213829874,0.6487224176939139,-0.44782708050034287
-0.7359244126424417,1.1877835920552102,-0.6876448659899888
-0.7640156068154134,0.6287571890138628,-1.148278193650193
-0.8295617265523451,0.7136094109040678,0.6000334672921023
0.5515886536187118,-0.10995627214791677,0.19967041276307543
-0.6984694870784817,0.8284094758143461,-0.856138441791647
0.9776384319087646,-1.1731046993604728,0.7771070033735705
-0.6984694870784817,1.167818363375159,-0.6885923462662866
0.7622726099159894,-1.138165549170385,1.3492271768781712
-0.5720591133001157,1.1428618275251006,-0.4617760956791743
0.5094518623592543,-0.1199388864879388,-1.2040216165723912
0.5234974594457401,-0.10995627214791677,-1.5110578638860663
-0.7359244126424417,0.7635224826041851,-0.3460782263845646
-0.8295617265523451,0.7585311754341776,1.4110239460100509
-1.1572923252370038,1.1179052916750418,0.09886903892359547
-0.9466083689397227,0.9332269263845951,-0.11699855069296257
-1.4101130727937388,1.2376966637553275,-0.4199290501426797
1.356869553243869,-0.9484958767099309,-1.3191404701425962
0.9635928348222788,-0.7089131325493524,1.3728615459924927
-0.67037829290551,0.5688615029737164,-0.4466690490515341
0.7903638040889611,-1.128182934830363,0.5023377232471544
0.9355016406493104,-1.457609208051154,0.676042440568452
-0.792106800988385,0.8234181686443315,0.4793350076503643
0.5328611908367318,-0.13990411516798287,-0.9612034768744683
-0.59546844177759,0.254409151262962,-0.7643907683701255
0.8137731325664354,-1.2579569212506778,1.5616206721483026
-0.67037829290551,0.5189484312735991,-0.5266784946055864
-0.7312425469469475,0.6137832675038262,0.1532438792244743
1.3802788817213432,-0.8985828050098136,1.8231778661996747
1.5488260467591668,-0.5741478389590301,-0.05693882873429573
0.6639534303105918,-1.2080438495505534,0.725311414935947
-0.8155161294658593,0.7834877112842362,0.06075927669916511
-0.7499700097289275,1.2626531996053862,-0.6147415225081714
-0.8529710550298193,0.8084442471342949,0.08123537822582734
1.1040488056871338,-0.3645129378185248,-0.7125425421393746
-0.810834263770365,0.6337484961838774,-0.24775082882208474
-0.7125150841649674,0.7186007180740824,2.7722372762914906
-1.358612550143293,1.2476792780953567,-0.6450608913497069
-0.8155161294658593,0.6387398033538848,-0.14773902187951957
2.405607469034773,-2.2811748911031384,-0.503412590043158
-0.7593337411199192,0.5538875814636869,0.06807592994391068
0.9776384319087646,-1.447626593711132,-0.3499207852828841
-0.6891057556874933,0.7535398682641631,-0.1053655984117484
-1.3398850873613097,1.2077488207352542,-0.48062042561887874
-0.9934270258946744,0.9282356192145877,1.3203290284510822
-0.7452881440334334,0.573852810143731,1.4503443774764173
-1.3305213559703213,1.1927748992252178,-0.3182328338200294
-0.9512902346352169,0.9382182335546098,0.8377457410566416
-0.881062249202791,0.7735050969442142,0.9711825466352745
1.8203742570978854,-0.9784437197300041,-0.73091313194093
-0.525240456345164,1.127887906015064,-0.9718889488793844
-1.1245192653685379,1.1079226773350197,0.01322734950488278
1.370915150330355,-0.9484958767099309,-1.0420024893254354
0.7716363413069811,-1.1930699280405168,0.07723490594812471
-0.65165083012353,0.3143048373031084,2.6506439741665826
-0.49714926217219235,0.7385659467541265,0.3452665485541994
1.4224156729808008,-0.8636436548197258,-0.4197184989701691
0.7716363413069811,-1.0932437846402823,0.5469219340262873
1.0806394772096564,-1.22301777106059,0.20330242048888433
-0.7452881440334334,0.5538875814636869,-0.3072315350563472
-1.3211576245793297,1.2726358139454153,0.8336399931926833
1.2445047765519857,-0.9834350269000186,-0.5311527070214378
1.2538685079429774,-1.3478004503108902,-0.5080973536315201
-0.9091534433757626,0.7934703256242583,0.9690770349101681
-0.7125150841649674,0.6786702607139872,0.26873119734657297
-0.9138353090712568,0.7934703256242583,1.2510050549019465
0.7622726099159894,-1.128182934830363,0.9023323132242876
0.32685910023494497,-0.0450692789377558,0.1159236838969592
1.1883223882060456,-1.3378178359708683,0.22362060863616323
1.3334602247663916,-0.9435045695399163,-0.18316425665443867
-0.8295617265523451,0.7036267965640458,-0.7179115970383965
-0.6469689644280358,0.5788441173137455,-0.3380772818291593
-0.937244637548731,0.9432095407246172,0.030703096823267804
-0.8155161294658593,0.6237658818438553,0.2161460420120348
-0.6984694870784817,0.5888267316537675,1.4120767018726041
-0.9325627718532369,2.4955060705983594,-0.35739535190701277
-0.6984694870784817,0.7485485610941556,-0.26091027710400116
1.4177338072853034,-0.8736262691597478,0.04175703338007783
-0.7593337411199192,0.6087919603338188,-0.10936607068945103
1.3849607474168408,-0.9634697982199675,-1.1294338637104884
-0.6469689644280358,1.127887906015064,-0.5813165238721034
1.637781494973576,-1.7920267884419596,-1.0997987861796126
-0.8951078462892768,0.6337484961838774,-0.22280051487957106
-0.8155161294658593,0.6137832675038262,0.7907928295867631
0.7482270128295037,-1.1980612352105313,0.38732414526320413
0.8886829836943587,-0.6440261393391985,-1.1718072871782597
-0.862334786420811,0.7735050969442142,1.1809441522490232
0.8184549982619328,-1.2429829997406412,0.5220768956700289
1.782919331533922,-2.106479140152721,-0.1951130356944188
2.288560826647396,-1.542461429941359,0.35005658772881704
-0.8248798608568509,0.7136094109040678,0.6386696074478088
-0.12260000653258538,0.2793656871130206,-1.030738001596115
-0.6937876213829874,0.17454823654277155,-0.6030559324338295
0.9167741778673304,-1.4626005152211685,0.2545189932021031
-0.7312425469469475,0.6337484961838774,-0.842136788819688
-0.7640156068154134,0.6387398033538848,-0.9420959579691255
0.9870021632997563,-1.3028786857807877,-1.0669001654748214
0.804409401175447,0.6936441822240167,-0.9208829273386762
-0.6797420242965017,0.18952215805280814,0.3936933182316518
-0.7686974725109076,0.6487224176939139,-1.0874815425877389
-0.792106800988385,1.0480269912948734,-0.4221398374540417
0.9870021632997563,-1.4276613650310879,0.7677374761968458
-0.9091534433757626,1.532183786786038,-0.8530854497902425
1.9327390337897654,-1.1231916276603484,-0.4547226314000669
-0.5673772476046182,-0.0600432004477924,-1.365672279267453
1.1087306713826282,-1.467591822391183,0.04275715144950348
-1.3258394902748272,1.297592349795474,-0.7548106900208903
1.0665938801231705,-1.3028786857807877,3.7214019619695624
-0.7593337411199192,0.7435572539241411,-0.35139464349045885
1.0057296260817363,-1.447626593711132,0.07902459091446538
0.9448653720402987,0.28934830145304974,0.5997176405333361
0.9542291034312904,-0.7139044397193669,-1.445260622476484
2.279197095256404,-1.352791757480905,-0.6431659307971109
-0.8342435922478393,0.9831399980847195,0.7526830673623335
0.9963658946907447,-1.3278352216308462,0.9892373096780639
1.4364612700672867,-0.8486697333096892,0.40958993175620684
-0.7640156068154134,0.658705032033936,-0.8366098205412832
-0.7546518754244217,0.6287571890138628,-1.2630285826685046
0.21449432354306489,0.004843792762361468,-0.3084422042982835
-0.7359244126424417,0.658705032033936,0.7566309018469081
0.6218166390511377,-1.233000385400619,-0.6759592759156468
0.9261379092583187,-0.7188957468893815,-0.2107464602533356
-1.4241586698802213,1.2726358139454153,-0.43908920684115016
-0.5580135162136298,0.2094873867328522,0.7565782640537805
0.7529088785250011,-1.0982350918102897,0.4612802446075749
-0.562695381909124,0.5289310456136211,1.1777858846613631
-0.7406062783379391,0.5538875814636869,-0.64206053714143
0.8137731325664354,-1.118200320490341,1.7978064499121398
-0.7546518754244217,0.5788441173137455,-0.41445471965740266
1.1040488056871338,-1.4825657439012196,1.8325473933763992
-1.414794938489233,1.2576618924353786,-0.31970669202760393
1.0197752231682222,-0.6639913680192496,-0.08820567785212934
1.1087306713826282,-0.8686349619897404,0.05712726897335621
-0.7359244126424417,0.5888267316537675,-0.2848604729770892
-0.9466083689397227,0.9082703905345365,-0.30854747988453884
-0.8857441148982851,0.8284094758143461,-0.25585704896374534
1.0665938801231705,-1.2479743069106486,0.6150352383334872
-0.7218788155559558,1.1228965988450563,-0.7872882083806602
1.1180944027736197,-0.8786175763297625,-0.36213275328850264
-0.6610145615145216,0.5988093459937897,-0.5094659362528395
-0.6422870987325416,1.1728096705451736,0.5795047279723123
-0.8248798608568509,0.8084442471342949,0.31989513226666416
0.823136863957427,-0.5691565317890155,-0.3150745662323694
-1.4288405355757188,1.2626531996053862,0.07276069353227278
-0.8857441148982851,0.8433833973243827,-0.4539330645031519
-0.005553364145207782,0.9332269263845951,-0.14610725029256175
-0.63292336734155,0.15458300786272036,-0.4162444046237433
0.9589109691267846,-1.1032263989803044,-0.44661641125840634
0.912092312171833,-1.3927222148410001,0.6342480328250849
-0.8014705323793734,0.7385659467541265,0.3680587129784784
-1.3539306844477954,1.2676445067754007,-0.45172227719179
-0.6750601586010074,0.5039745097635625,0.047810379589759325
-0.7171969498604617,0.733574639584119,-0.031935876998654494
0.9870021632997563,-1.4226700578610734,-0.4629867649211106
-0.862334786420811,0.8633486260044267,0.7545253901218016
0.879319252303367,-0.6390348321691839,-0.864034110760797
0.6218166390511377,-1.0583046344501945,0.6698838187725149
-0.7452881440334334,0.9382182335546098,0.07312915808416652
1.1087306713826282,-0.8336958117996527,-0.7379139584269095
0.9870021632997563,-1.4076961363510367,3.3455154812449
-0.5580135162136298,0.1495917006927129,-0.6152152626463202
1.5300985839771868,-1.4526179008811464,-0.8812993069066714
-0.8670166521163051,0.7086181037340533,-0.3002307085703676
0.7997275354799528,-1.1980612352105313,-0.10657626765368469
-0.8763803835072967,0.7186007180740824,0.19967041276307543
-0.6984694870784817,0.33427006598315245,0.6711471258075787
-0.12260000653258538,0.26439176560298405,-0.5240992427423307
-1.396067475707253,1.242687970925342,-0.7008569520650326
1.0900032086006481,-0.3295737876284441,-0.9816795784011303
-0.7359244126424417,0.6886528750540092,-0.8201868290854514
2.405607469034773,-2.296148812613175,-0.8674555673140952
-0.9091534433757626,1.5870881656561697,1.6384192123215673
0.9916840289952504,-1.447626593711132,0.3876399720219703
-0.7686974725109076,0.6836615678839947,-0.8046060423196623
1.6658726891465443,-0.26468679441828313,0.0351773092391195
-0.7078332184694733,0.903279083364522,0.19519620034722396
1.4177338072853034,-0.883608883499777,-0.5587349106203348
-0.6656964272100158,0.43908751655340866,4.564396218909132
1.2960052992024316,-1.4626005152211685,0.13687352556177004
-0.9044715776802651,0.7784964041142217,1.7777514507304986
-0.6422870987325416,0.5538875814636869,0.644301851312469
-0.7499700097289275,0.7136094109040678,-0.7419144307046123
-1.0074726229811601,0.9581834622346538,0.8149009388392344
0.9074104464763387,-1.3677656789909414,0.06807592994391068
1.3475058218528775,-1.447626593711132,-0.20016626383467465
-1.4241586698802213,1.242687970925342,-0.613688766645618
-0.6797420242965017,0.4640440524034673,0.6808324797430696
0.9682747005177763,-0.7438522827394402,-0.21511539708293176
2.7614292618924003,-1.4925483582412418,-0.8781410393190116
-0.8482891893343251,0.5938180388237821,1.13704423278055
-0.7452881440334334,0.7086181037340533,-0.8823520627692248
-0.7265606812514533,0.5988093459937897,0.056653528835207155
-0.6891057556874933,0.6038006531638042,0.669357440841238
1.6471452263645643,-0.6490174465092131,-0.5318369983320975
1.2679141050294631,-1.1880786208705094,0.1904061611726063
-0.7546518754244217,0.5688615029737164,2.2594398956417696
-0.9419265032442286,0.9232443120445731,-0.3699231466713973
-0.07578134957763367,0.32428745164313044,1.2726918256705446
-1.3539306844477954,1.167818363375159,0.16313978433247533
1.2679141050294631,-1.5574353514513957,-0.30791582636700693
-0.7312425469469475,0.6686876463739581,-0.35597413149256585
0.20044872645657905,-0.6090869891491179,-0.7277548643532699
0.841864326739407,-1.2779221499307218,0.4562796542604466
-0.6844238899919958,0.4640440524034673,2.0602058486535544
0.8746373866078729,-1.447626593711132,-0.35634259604445934
-0.7265606812514533,0.6087919603338188,-0.319075038510072
-0.7780612039018993,0.9132616977045511,0.9366521543435257
0.9729565662132704,-1.2529656140806633,0.5016534319364945
-0.7359244126424417,0.9082703905345365,-0.9972077273737918
-1.3679762815342813,1.212740127905269,-1.3615138936103675
-0.7686974725109076,0.6237658818438553,-0.9963128848906214
2.4524261259897218,-2.246235740913051,-0.8721403309024576
1.637781494973576,-1.6472788805116152,-1.1758077594559622
-0.8014705323793734,0.5788441173137455,0.19087990131075513
-1.3726581472297754,1.2726358139454153,0.6875701172634106
1.1180944027736197,-1.1731046993604728,0.6481444102107891
0.6358622361376235,-0.5641652246190081,-0.49667495252281685
1.6846001519285243,-0.7887740472695499,-0.5582085326890581
-0.7312425469469475,0.7934703256242583,-0.44861664739725765
-0.8576529207253167,0.6686876463739581,-1.3356160993915558
-0.11791814083708788,0.2244613082428888,0.2889441099075968
-1.218156579278438,1.1179052916750418,-0.5314158959870763
1.2117317166835198,-1.5274875084313224,0.09002588967814716
1.0291389545592105,-1.3328265288008536,1.0654568341269242
1.3006871648979257,-1.4925483582412418,1.0839853373078623
2.489881051553685,-2.266200969593102,-0.4793571185838147
-0.67037829290551,0.5289310456136211,0.11671325079387376
-0.9419265032442286,0.818426861474317,1.674370825027763
-0.7406062783379391,0.7285833324141044,1.1177261627026966
-0.7452881440334334,0.5888267316537675,0.017438372955096055
1.0572301487321822,-1.3627743718209269,-0.5616826270354842
0.7810000726979694,-1.1531394706804217,-0.6286905376870029
-0.8201979951613534,0.5938180388237821,0.7523146028104397
-0.8061523980748709,0.8284094758143461,0.13387317135349305
1.6237358978870902,-0.9984089484100481,-1.068216110303013
-0.9138353090712568,0.8883051618544854,1.5799386241567308
-0.7218788155559558,0.6487224176939139,-0.47361959913289914
-0.6844238899919958,0.6487224176939139,1.6016780327184565
-0.7359244126424417,0.8134355543043095,0.08560431505542325
1.0244570888637163,-1.352791757480905,-1.2448685440394598
1.0010477603862422,-1.297887378610773,-0.5240992427423307
1.4692343299357524,-0.6789652895292863,0.86348562189607
1.6799182862330302,-0.7338696683994181,-0.8530854497902425
0.9167741778673304,-1.3927222148410001,-0.18853331155346048
1.450506867153769,-0.6190696034891399,-0.6018452631918931
-0.7827430695973934,0.6537137248639214,-1.1338028005400849
1.1227762684691138,-0.883608883499777,0.2819432834216172
1.6424633606690702,-0.29463463743835633,0.05344262345441954
2.0076488849176886,-0.2596954872482757,-1.128539021227318
-0.7967886666838793,0.658705032033936,-1.516900658923237
0.9401835063448046,-1.2629482284206852,0.4173276873459739
0.8137731325664354,-1.128182934830363,-0.33834047079479773
0.5656342507051977,-0.9185480336898577,-0.08725819757583145
-1.3258394902748272,1.9614362034070705,-0.3705548001889292
-0.7452881440334334,1.1778009777151883,1.2743762350506298
-0.7078332184694733,0.9482008478946318,0.780002081995592
-0.7359244126424417,0.6487224176939139,-1.340458776359301
0.5328611908367318,-0.08000842912784356,-0.4895688504505819
0.9729565662132704,-1.4326526722010953,0.045283765519631404
-0.8201979951613534,1.06300091280491,1.5466189011069182
1.0900032086006481,-1.3777482933309635,0.021649396405309333
-0.7031513527739758,0.8483747044943901,-0.2362231521271259
0.9870021632997563,-1.4626005152211685,0.25815100092791243
-0.1600549320965454,-0.5491913031089715,-0.41445471965740266
1.1087306713826282,-1.3577830646509195,0.08123537822582734
-0.8716985178117993,0.7735050969442142,0.7037825575467317
-0.7171969498604617,0.988131305254727,-0.795025963970427
0.912092312171833,-0.723887054059389,-1.1336975249538295
-0.7452881440334334,0.573852810143731,0.5549755163748201
0.9823202976042588,-1.4226700578610734,0.3970621369918225
-0.7546518754244217,1.2576618924353786,-0.6699059297059651
0.9542291034312904,-0.7089131325493524,-1.0733746140295242
0.6218166390511377,-0.23473895139821704,-1.3156137380030428
-0.810834263770365,0.8433833973243827,-0.177584650582906
0.6873627587880694,-0.13990411516798287,-0.26091027710400116
1.450506867153769,-0.9335219551998942,0.4573850479161278
1.0150933574727246,-0.8137305831196086,-0.16221441498962763
-0.5346041877361524,0.8383920901543681,-0.08757402433459742
-0.7171969498604617,0.6786702607139872,0.7377865719072041
-0.8670166521163051,0.8084442471342949,-0.4727247566497288
1.1040488056871338,-1.108217706150319,0.9369153433091639
-0.8295617265523451,0.7086181037340533,0.3277908012358144
2.6584282165915085,-1.372756986160949,-1.410256490046586
-1.3305213559703213,1.1628270562051517,-0.32012779437262523
-0.7031513527739758,0.5988093459937897,2.4724124066363062
1.0806394772096564,-1.2479743069106486,-0.19211268148614183
-0.7218788155559558,0.9332269263845951,-0.12931579428483644
0.7575907442204953,-1.1681133921904583,0.5526068156840751
0.345586563016925,-0.12992150082796083,-0.6078459716084471
-0.9466083689397227,0.8383920901543681,0.5944538612205696
0.766954475611487,-1.2429829997406412,3.531274253192433
-0.7686974725109076,0.9631747694046684,-0.754389587675869
-0.7265606812514533,0.7984616327942728,-0.4158759400718496
-0.8670166521163051,0.8533660116644047,-0.3925047599231659
-1.3539306844477954,1.297592349795474,0.18345797247975423
-0.7359244126424417,0.9082703905345365,-1.7742994673175232
0.7997275354799528,-0.3645129378185248,-0.7590743512642313
-0.7499700097289275,0.7036267965640458,-0.7957102552810867
-0.8342435922478393,0.7635224826041851,0.9152285725405656
1.0946850742961423,-1.372756986160949,0.33126489558224015
0.364314025798905,-0.0600432004477924,-0.8328198994360911
1.0806394772096564,-1.2180264638905827,1.1578887988591056
-0.773379338206405,0.6038006531638042,0.6244574033033394
-0.7499700097289275,0.5938180388237821,0.04370463172580137
-0.862334786420811,0.6736789535439726,-0.8267665532264097
-1.2134747135829438,1.1628270562051517,-0.3467098799020965
1.1087306713826282,-1.3428091431408828,0.7194686198987761
-1.3398850873613097,1.157835749035137,-0.36355397370294956
-1.2462477734514095,1.23270535658532,-0.7499680130531451
-0.8295617265523451,0.7685137897741997,0.3496881231769233
1.0010477603862422,-1.3478004503108902,-0.6101620345060644
-0.7640156068154134,0.5638701958037089,0.002278688534328311
-1.4288405355757188,1.23270535658532,-0.7833930116892128
0.9635928348222788,-1.4426352865411174,-0.22801165639920998
-0.7874249352928876,0.6686876463739581,-1.6778670303076395
-1.3258394902748272,1.2876097354554519,0.7474719258426945
1.3006871648979257,-1.3927222148410001,-0.08631071729953334
0.823136863957427,-1.1880786208705094,0.8170064505643408
-0.7031513527739758,0.7685137897741997,0.5725039014863331
-0.7640156068154134,0.7884790184542508,1.488664690873358
-0.7171969498604617,0.6038006531638042,-0.5240992427423307
-0.8482891893343251,0.5938180388237821,0.6780953145004308
-0.6282415016460557,0.40913967353333547,1.440501110161544
-1.1011099368910602,1.6220273158462575,-0.26749000124495953
-0.7593337411199192,0.6087919603338188,-0.1695310682343732
-0.773379338206405,0.6387398033538848,-1.3936755852113714
-0.8061523980748709,0.818426861474317,0.7006242899590717
1.427097538676295,-0.8985828050098136,-0.17253142244265016
-0.7780612039018993,0.6686876463739581,-0.6187946325790016
1.7361006745789735,-1.0483220201101724,-0.6369020334149188
1.1134125370781223,-0.8736262691597478,-0.6138466800250011
-0.8295617265523451,0.6287571890138628,1.4699256365199087
-0.792106800988385,1.0480269912948734,-0.3366560614147124
-0.6844238899919958,0.658705032033936,0.6598300002851307
1.394324478807829,-0.9285306480298868,-0.8955115110511412
-0.67037829290551,0.4939918954235405,0.6023495301897194
0.8652736552168813,-1.3278352216308462,-0.5652093591750378
1.2725959707249574,-1.203052542380546,0.298366274877449
-0.8014705323793734,0.8134355543043095,0.42053859272676153
-0.7546518754244217,0.6786702607139872,-0.6227951048567042
0.4111326827538567,-0.9385132623699088,-1.1031149671466556
-0.7874249352928876,0.7285833324141044,1.5156678787478504
-0.773379338206405,0.6986354893940312,-0.40892775137899773
-0.773379338206405,0.7285833324141044,-0.2508038208234893
-0.295829037265903,0.9581834622346538,-1.0316854818724128
0.860591789521387,-0.6340435249991765,-0.5711047920053364
-0.7406062783379391,0.5938180388237821,0.2886809209419586
1.2772778364204516,-1.3428091431408828,1.6435777160480787
0.39240521997187666,0.09967862899258853,-0.803711199836492
-0.6282415016460557,0.1346177791826763,-0.7915518696240011
-1.3305213559703213,1.2626531996053862,1.4996133518439123
1.370915150330355,-0.8886001906697845,0.33473898992866596
-0.7874249352928876,0.6786702607139872,-0.8273982067439416
0.9355016406493104,-1.2479743069106486,-0.7315974232515897
-1.2462477734514095,1.1528444418651225,1.3656501683340025
-0.7031513527739758,0.7535398682641631,-0.304599645399964
0.9916840289952504,-1.4426352865411174,1.0235045130041744
-0.8389254579433334,0.7086181037340533,0.4898625662758977
-1.3258394902748272,1.3125662713055106,-1.0406339067041162
1.712691346101496,-1.0533133272801871,-1.2330776783788624
-1.185383519409972,1.167818363375159,2.0393612825749985
0.7810000726979694,-1.1731046993604728,0.21346151456252402
-0.65165083012353,0.6487224176939139,1.3149599735520605
-0.7593337411199192,0.5788441173137455,-0.5216252664653303
1.4411431357627809,-0.8686349619897404,0.26999450438163725
-0.6844238899919958,1.1378705203550858,-0.3408144470717981
-0.8904259805937826,0.6287571890138628,0.16345561109124107
-1.199429116496458,1.23270535658532,2.5316825616980583
-0.7171969498604617,0.5938180388237821,2.8627216426779487
0.9682747005177763,-1.287904764270751,-0.2170629954286555
-0.7452881440334334,0.6986354893940312,-0.589896484151913
-0.8904259805937826,0.7735050969442142,0.6673045669092592
-0.7406062783379391,0.6487224176939139,-1.0970089831438463
0.7950456697844553,-1.1331742420003776,0.12839884086821593
0.01785596433226973,0.1645656222027495,-0.9833639877812156
-0.918517174766751,1.0929487558249833,-0.8571385598610727
-0.881062249202791,0.573852810143731,2.3226052473949683
-0.9138353090712568,0.8833138546844779,-0.1261575266971766
-0.7171969498604617,0.6038006531638042,-0.4488798363628961
-0.7546518754244217,0.6287571890138628,-1.3829374754133272
-0.7171969498604617,0.6936441822240167,0.48144051937547117
0.42517827984034257,-0.149886729508012,-0.7718126972011264
1.0104114917772304,-1.4176787506910586,-0.7127530933118853
1.1649130597285682,-0.8636436548197258,2.0098314806303783
1.0104114917772304,-1.3378178359708683,-0.12931579428483644
-0.7593337411199192,0.7036267965640458,-1.1765973263528773
0.9963658946907447,-1.307869992950795,-1.0121042228289212
1.3990063445033234,-0.9435045695399163,-0.9914702079228761
0.9261379092583187,-0.6889479038693083,0.42774997038525175
-0.7452881440334334,0.6886528750540092,-0.9305156434810391
-1.129201131064032,1.147853134695115,-1.0452660324993508
1.4411431357627809,-0.8736262691597478,0.3441611548985182
-0.7780612039018993,0.7086181037340533,-0.7602850205061676
0.804409401175447,-1.1581307778504362,-0.3486574782478203
-0.7874249352928876,0.7784964041142217,0.4324873717667419
-1.255611504842398,1.2576618924353786,-0.33360306941330786
-1.110473668282052,1.88157528868688,0.7720537752333142
-0.7780612039018993,0.583835424483753,0.9191764070251407
-0.8248798608568509,0.5988093459937897,0.6004545696371236
0.9401835063448046,-0.8037479687795865,-0.5240992427423307
0.9401835063448046,0.2993309157930718,-0.1402644552553909
0.16767566658811317,0.12962647201266173,-1.3175613363487664
0.9214560435628246,-1.3977135220110146,0.6197200019218493
-0.9746995631126943,0.8833138546844779,1.035084827492261
-1.4241586698802213,1.2526705852653641,0.10050081051055304
-1.4194768041847272,1.2476792780953567,-0.8318724191597933
-0.8295617265523451,0.6038006531638042,0.7417870441849063
-0.7780612039018993,1.082966141484954,0.6046655930873369
-0.8248798608568509,0.583835424483753,1.2909045020927172
-0.8155161294658593,0.7984616327942728,3.344883827727368
1.2725959707249574,-1.213035156720568,-0.13321099097628375
-0.6844238899919958,0.7485485610941556,0.9656029405637419
2.176196049955512,-0.6939392110393158,-0.7214909669710777
1.5441441810636725,-0.21477372271816586,0.05344262345441954
1.5441441810636725,-1.6572614948516373,-0.6063194756077449
-0.23496478322446546,0.059748171632493303,-0.82608226191575
0.9635928348222788,-1.2679395355907,-0.644429237832175
-0.7452881440334334,1.127887906015064,0.454647882673489
-0.8529710550298193,0.5988093459937897,1.6101527174120107
-0.6469689644280358,0.5638701958037089,0.539605280781542
-0.8061523980748709,0.7385659467541265,-0.23664425447214718
-0.8014705323793734,0.818426861474317,0.19667005855479844
-0.6984694870784817,0.5488962742936724,1.9783014425469059
0.8933648493898529,-1.2280090782306046,0.14208466708140896
0.8933648493898529,-1.3677656789909414,0.8781715661786886
-0.44096687382625227,0.7036267965640458,0.016911995023819456
-0.7452881440334334,0.6137832675038262,-0.6688531738434118
-0.773379338206405,0.6736789535439726,-0.640007663209451
-0.899789711984771,0.8783225475144634,1.8456015660720604
0.9635928348222788,-1.297887378610773,0.46859689785232067
2.419653066121256,-2.286166198273153,-1.1136425257721887
-0.7780612039018993,0.6537137248639214,-1.2215500016839038
-1.3117938931883413,1.317557578475518,-0.8160810812214934
0.8512280581303987,-1.2779221499307218,2.122476357923583
-1.0121544886766545,0.9282356192145877,1.3948641435198572
-0.7171969498604617,1.1877835920552102,0.07407663836046463
-0.6563326958190274,0.5688615029737164,0.047810379589759325
-0.7452881440334334,0.6936441822240167,-1.2215500016839038
-0.8576529207253167,0.6237658818438553,-0.3911888150949743
0.9635928348222788,-1.43764397937111,-0.42540338062795713
-0.8857441148982851,0.6337484961838774,-0.4906216063131351
1.0244570888637163,-0.8287045046296452,0.5560809100305013
-0.918517174766751,0.8334007829843535,1.2051048992946216
1.033820820254708,-1.3128613001208096,1.9041874298231525
0.7622726099159894,-1.1980612352105313,0.4274341436264856
2.227696572605958,-1.3478004503108902,-1.3230883046271713
-0.13196373792357372,0.23943522975292542,2.4538839034553677
1.0806394772096564,-0.8386871189696672,-1.1005883530765277
1.0478664173411905,-1.297887378610773,1.6035203554779254
1.0010477603862422,-0.8985828050098136,0.13639978542362122
1.2538685079429774,-1.3328265288008536,1.178154349213257
-1.3164757588838354,1.127887906015064,3.9145300249549684
-1.4007493414027472,1.2476792780953567,0.4090109160318029
1.0806394772096564,-1.4725831295611906,1.098829194969864
-0.8201979951613534,1.9913840464271437,-0.36213275328850264
-0.7359244126424417,0.573852810143731,1.2012097026031745
-0.6984694870784817,0.6237658818438553,0.11887140031210817
-0.8482891893343251,0.7984616327942728,-0.05535969494046593
0.04126529280974392,0.48900058825352594,-1.2897159437842312
-0.6422870987325416,0.27437437994301317,-0.03856823893274037
-1.147928593846012,1.1977662063952323,-0.4466690490515341
-0.8295617265523451,0.6137832675038262,0.7307857454212245
2.391561871948287,-2.296148812613175,0.08686762209048755
0.949547237735793,-1.2679395355907,-0.41092798751784904
0.7388632814385153,-1.148148163510414,2.742075820829338
-0.7967886666838793,0.6137832675038262,0.10097455064870187
-0.7780612039018993,0.6636963392039505,-0.9415695800378489
-0.6891057556874933,0.5688615029737164,0.09302624388642414
-0.862334786420811,0.8683399331744412,-0.4945168030045824
1.0057296260817363,-1.457609208051154,-0.11989362931498422
-0.7265606812514533,0.6387398033538848,-1.0638998112665445
1.1040488056871338,-1.128182934830363,0.9512854608330169
-0.6656964272100158,0.4790179739135039,0.931704201789525
-0.7078332184694733,1.562131629806111,-1.2045479945036677
0.2800404432799933,0.15957431503273492,-0.23164366412501888
1.2070498509880256,-0.7887740472695499,0.08728872443550884
-0.9138353090712568,0.7984616327942728,0.40769497120361103
-0.773379338206405,0.7585311754341776,-0.9769421770196404
-0.7171969498604617,0.6187745746738408,-0.93793757231204
0.9823202976042588,-1.4126874435210512,-0.7938679325216185
-0.773379338206405,1.1029313701650052,-0.7390193520825906
-0.6984694870784817,0.7136094109040678,-0.484041882172177
-1.3117938931883413,1.2626531996053862,1.1348334454691877
-0.810834263770365,0.658705032033936,-0.2580678362751073
2.4524261259897218,-2.251227048083065,-1.4332065678502484
-0.7218788155559558,0.658705032033936,-0.6511668753525162
0.9542291034312904,-1.2779221499307218,-0.3301816128600096
-0.899789711984771,0.7385659467541265,2.562949410815891
0.766954475611487,-1.2080438495505534,0.8076895611807442
1.0150933574727246,-1.3278352216308462,-0.3739236189490999
-0.843607323638831,1.0230704554448147,0.3102097783311738
-0.15069120070555372,-0.6240609106591474,-0.7124372665531193
1.534780449672681,-0.2247563370581879,-0.8764566299389261
-0.10855440944609952,0.28934830145304974,0.07902459091446538
1.1695949254240656,-0.8636436548197258,-0.3370771637597336
-0.4924673964766982,1.082966141484954,-1.29018968392238
-1.3913856100117588,1.23270535658532,-0.9035124556065465
-0.7078332184694733,1.1977662063952323,0.8122690491828513
-1.3820218786207672,1.2726358139454153,0.9730248693947428
-0.7499700097289275,0.6886528750540092,-0.9994711524782813
0.3502684287124225,-0.9135567265198502,-0.2851762997358552
0.6264985047466318,-1.22301777106059,-1.0222633169025606
1.408370075894315,-0.8786175763297625,-0.7561266348490818
-0.6797420242965017,0.43908751655340866,3.251188555960123
0.6405441018331177,-1.0533133272801871,1.5231950831651069
-0.7874249352928876,0.7285833324141044,1.3481744210156175
-0.67037829290551,0.583835424483753,-0.5412591633019497
-0.7827430695973934,0.5638701958037089,0.9331780599970999
-0.862334786420811,0.6337484961838774,-0.7214909669710777
1.2491866422474798,-1.352791757480905,-0.9776264683303001
-0.7874249352928876,0.733574639584119,-0.07362500915576597
-0.3660570226983289,-0.4144260095186491,0.4989162666938562
-0.7827430695973934,0.6686876463739581,-1.145225201648788
-0.7218788155559558,0.7235920252440898,-0.336866612587223
-1.0355638171541286,0.9731573837446904,-0.3848722799196544
-0.7031513527739758,0.4840092810835185,2.76481534746049
-0.6984694870784817,1.1628270562051517,-0.44987995443232176
-0.6797420242965017,0.5688615029737164,0.02064927833588367
-0.8061523980748709,0.6087919603338188,-0.024040208029504545
-0.6188777702550641,0.5638701958037089,-0.5913703423594877
0.7997275354799528,-1.2280090782306046,0.6787796058110902
0.9401835063448046,-1.2479743069106486,-0.7131741956569065
1.0525482830366881,-1.352791757480905,0.16871939040400802
-0.899789711984771,1.6769316947163893,-1.1382243751628087
1.370915150330355,-0.9385132623699088,-0.6556937255614954
2.265151498169918,-1.3777482933309635,-0.9188826911998249
-0.6984694870784817,0.3592266018332182,2.2295942669383835
-0.773379338206405,0.6237658818438553,-0.8585597802755198
1.1415037312510938,-0.8586523476497183,-0.35739535190701277
-0.8014705323793734,0.658705032033936,0.12292451038293835
-0.7171969498604617,0.6137832675038262,-0.6986461647536707
-0.8482891893343251,0.5688615029737164,0.386429302780034
-0.7265606812514533,0.8034529399642875,0.0544427415238452
-0.9934270258946744,1.1927748992252178,1.6435250782549506
1.923375302398777,-1.2928960714407585,-0.43361487635587304
-1.3632944158387872,1.167818363375159,-0.8986171408456736
1.1274581341646082,-0.808739275949594,-0.3398669667955
-0.7171969498604617,1.0180791482748002,-0.041568593141017345
0.3174953688439566,0.12463516484265426,-0.46430270974930227
-1.2696571019288838,1.2077488207352542,0.5430793751279678
-0.7359244126424417,0.7385659467541265,-0.8750354095244792
0.7763182070024753,-1.1531394706804217,0.14208466708140896
-0.7593337411199192,0.658705032033936,-1.1202222499131471
-0.8201979951613534,1.0280617626148223,0.13703143894115313
-0.6797420242965017,0.7036267965640458,-0.7670226580265088
-0.7967886666838793,0.7086181037340533,0.4145905221033351
-0.6563326958190274,0.6537137248639214,0.3712169805661385
-1.0730187427180886,0.6187745746738408,-0.5460492024765674
-0.6422870987325416,1.1827922848851957,1.2383719845513066
0.9870021632997563,-1.307869992950795,-0.7141743137263322
-0.8904259805937826,0.8733312403444559,0.6029811837072517
1.5769172409321384,-1.5624266586214102,-0.8201868290854514
-0.6797420242965017,0.5588788886336944,-0.09641717358004524
-0.8342435922478393,0.8583573188344192,0.18787954710247817
1.1836405225105482,-1.0583046344501945,-0.832661986056708
-0.43628500813075477,0.7086181037340533,0.047810379589759325
0.7622726099159894,-1.1880786208705094,0.8640119998273468
-0.810834263770365,0.6936441822240167,-0.1708470130625648
-1.2930664304063613,1.3025836569654885,0.5042326837997502
-0.7265606812514533,0.5888267316537675,5.858285811780286
0.9542291034312904,-0.6939392110393158,0.2243575377399507
-0.7359244126424417,0.5788441173137455,0.8745395584528798
-1.377340012925273,1.2526705852653641,0.298366274877449
-0.8857441148982851,0.8234181686443315,0.27241584286550985
1.408370075894315,-0.9185480336898577,-1.028527214284753
0.8886829836943587,-0.6340435249991765,-0.3781346423993132
-0.7078332184694733,0.573852810143731,4.4773859468690995
-0.792106800988385,1.5471577082960746,-0.3226017706496256
-0.7078332184694733,0.6886528750540092,0.19145891703515952
-1.358612550143293,1.157835749035137,0.5483957922338618
-0.7686974725109076,0.7635224826041851,-0.11747229083111162
0.5047699966637601,-0.08499973629785104,-0.8844049367012037
-0.7359244126424417,0.7585311754341776,-0.910671195471909
-1.3820218786207672,1.2526705852653641,-0.5372586910242471
0.5609523850097001,-0.08000842912784356,0.6380379539302768
-0.7171969498604617,0.6087919603338188,-0.2698587019357043
-0.773379338206405,1.0929487558249833,-0.9042493847103338
-0.773379338206405,0.7535398682641631,0.1841949015835417
-0.7499700097289275,0.583835424483753,-0.34134082500307467
0.9448653720402987,-0.6739739823592718,-1.3165085804862129
0.7529088785250011,-1.138165549170385,0.6590930711813433
1.5862809723231301,-1.60734842315152,-1.0461082371893933
-0.3286020971343689,-0.42939993102868573,-0.5294156598482249
0.7950456697844553,-1.1980612352105313,0.6737263776708344
0.9635928348222788,-1.2479743069106486,-0.40755916875767834
-0.7452881440334334,0.6437311105238994,-0.8671923783484571
-1.3492488187523013,1.1927748992252178,-0.6045297906414042
-0.7359244126424417,0.6537137248639214,-0.8030795463189598
-0.7125150841649674,1.1378705203550858,-1.4222579068796937
1.0431845516456963,-1.2479743069106486,-0.14810748643141308
-0.810834263770365,0.6237658818438553,-0.43061452214759605
-0.8951078462892768,0.8433833973243827,0.05986443421599477
0.766954475611487,-1.148148163510414,1.4926651631510608
-1.3258394902748272,1.1827922848851957,-0.008669972436226159
0.9635928348222788,-0.6989305182093304,-0.42040279028082883
-0.8155161294658593,0.7485485610941556,-0.41740243607255184
1.408370075894315,-0.9385132623699088,-1.0546881974692028
1.413051941589809,-0.9035741121798211,-0.3605009817015451
0.9589109691267846,-1.2379916925706267,1.178943916110172
-0.7452881440334334,0.5938180388237821,-0.8288194271583885
1.356869553243869,-1.6971919522117325,-0.9233569036156766
1.6799182862330302,-0.7089131325493524,-0.5139927864618188
-0.7171969498604617,0.9082703905345365,-0.3132322434729012
-0.6844238899919958,0.733574639584119,-0.3102318892646242
-0.7593337411199192,0.5439049671236578,-0.060886663218870825
0.9963658946907447,-1.1930699280405168,3.07037773656659
-0.7218788155559558,1.1179052916750418,-0.49556955886713583
-0.843607323638831,0.9082703905345365,2.2986024137287533
0.21449432354306489,0.004843792762361468,-1.0636366223009062
0.9074104464763387,-1.3677656789909414,0.4034313099602702
-1.433522401271213,1.2576618924353786,-0.36902830418822696
0.8325005953484154,-1.287904764270751,3.4768994128915547
0.7107720872655436,-1.3028786857807877,0.8989634944641168
-0.7359244126424417,0.8334007829843535,0.7873187352403374
1.3849607474168408,-0.9035741121798211,-0.3216542903733277
1.1040488056871338,-1.0483220201101724,0.2654676541726578
-0.8857441148982851,0.8483747044943901,-0.6302170336877051
1.801646794315902,-0.7588262042494768,-1.2161283089917543
-0.843607323638831,0.8084442471342949,0.5625553585852041
1.0010477603862422,-1.3428091431408828,-0.5240992427423307
-0.7967886666838793,0.658705032033936,-0.9590979651493616
0.2472673834115274,-0.3894694736685834,-0.5745262485586347
1.3615514189393632,-0.6090869891491179,-0.9583610360455744
-0.9840632945036827,0.9182530048745585,2.116475649507029
-0.6422870987325416,0.5488962742936724,0.008858412675286642
-0.12260000653258538,0.3192961444731159,-0.6213212466491295
-0.6376052330370441,0.5488962742936724,0.668567873944323
-0.7406062783379391,0.6736789535439726,-0.3712390914995889
0.2566311148025191,-0.42939993102868573,-0.9079340302292704
-0.8670166521163051,0.6886528750540092,-0.5355216438510342
-0.59546844177759,0.254409151262962,-1.0574253627118417
-1.1198373996730404,1.167818363375159,0.22956867925958963
-1.1385648624550204,1.1628270562051517,-0.7152270695888856
-0.46437620230372645,-0.4343912381986932,0.38511335795184215
1.4036882101988208,-0.9335219551998942,-1.1771763420772814
-0.5580135162136298,-0.08000842912784356,0.490283668620919
1.0806394772096564,-0.9584784910499529,-0.8325040726773252
1.0057296260817363,-1.3228439144608317,-1.2538696066642907
-1.3211576245793297,1.1628270562051517,0.810426726423383
0.9963658946907447,-1.297887378610773,-1.0675318189923533
-0.773379338206405,0.7385659467541265,-0.09641717358004524
-0.7125150841649674,0.6836615678839947,-0.7103843926211402
-1.3820218786207672,1.2626531996053862,-0.05035910459333763
1.3615514189393632,-0.9285306480298868,-0.47046133154523906
1.0431845516456963,-1.3627743718209269,-0.589896484151913
-0.843607323638831,1.2277140494153056,-0.03530469575882521
-0.44564873952174644,0.6986354893940312,1.477294927557782
1.2819597021159457,-1.213035156720568,-0.12931579428483644
-1.3305213559703213,1.9863927392571292,1.3215923354861465
-0.066417618186642,0.09468732182258106,-0.8756670630420111
-0.1132362751415937,0.2693830727729986,-0.4677241663026005
-0.792106800988385,1.043035684124859,-0.3538159819743314
-1.396067475707253,1.2476792780953567,-0.21085173583959094
1.1087306713826282,-0.4144260095186491,-0.6402182143819617
1.0291389545592105,-1.3328265288008536,1.0976711635210559
-1.236884042060418,2.0263231966172244,-1.0326855999418385
-0.6797420242965017,0.5788441173137455,0.017438372955096055
-0.42692127673976643,-0.23473895139821704,1.4395009920921182
-0.7452881440334334,0.5938180388237821,-0.9616772170126173
-0.6984694870784817,1.402409800365723,-1.755297223998436
1.413051941589809,-0.8486697333096892,-0.5100975897703715
-0.0008714984497102839,0.903279083364522,0.029176600822565544
2.4664717230762077,-2.2612096624230875,-0.5993186491217652
1.5628716438456527,-0.7588262042494768,0.7279433045923301
-0.6844238899919958,0.6237658818438553,-0.49483262976334835
0.7950456697844553,-1.2280090782306046,1.9031873117537268
-1.1947472508009638,1.1378705203550858,1.004344356305704
1.3428239561573831,-0.6789652895292863,-0.27970196925057783
-0.7780612039018993,0.8084442471342949,2.356451348376058
-0.7171969498604617,1.043035684124859,-0.6776436852957322
0.5469067879232143,0.1645656222027495,-0.6213738844422573
1.0150933574727246,-1.4176787506910586,0.15266486350006994
-0.7218788155559558,0.6087919603338188,-0.6981197868223942
-0.65165083012353,0.6537137248639214,1.2194223790253467
-1.2134747135829438,1.147853134695115,-0.16879413913058594
1.0104114917772304,-1.43764397937111,0.8910151877018392
1.0197752231682222,-1.1681133921904583,4.8843813633322135
-1.3305213559703213,1.2726358139454153,0.09392108636959472
-0.7078332184694733,1.1378705203550858,-1.4021502699049255
1.1368218655555997,-1.297887378610773,0.29952430632625776
2.405607469034773,-1.851922474482106,-1.1820716568381544
-0.8201979951613534,0.8533660116644047,1.4283944177421803
-0.7452881440334334,1.1628270562051517,0.771632672888293
-0.862334786420811,0.6936441822240167,-1.3949388922464352
-0.6984694870784817,1.127887906015064,-1.0555304021592455
-0.7874249352928876,0.5938180388237821,-0.31575885754302907
0.537543056532226,-0.0899910434678656,-0.7528104538820389
0.9963658946907447,-1.4276613650310879,0.20330242048888433
-0.7312425469469475,1.0879574486549686,-0.44366869484325716
-0.65165083012353,1.3425141143255837,0.4046419792022065
-0.7452881440334334,1.0330530697848368,0.6036654750179112
0.9355016406493104,-0.6739739823592718,-1.1068522504587197
1.0946850742961423,-1.213035156720568,0.6481970480039165
-0.7359244126424417,0.7635224826041851,-0.35960613921837475
0.6264985047466318,-1.233000385400619,0.3133154081257063
-0.6797420242965017,0.5538875814636869,0.33552855682558097
-0.7312425469469475,0.6387398033538848,-0.7011727788237987
0.9776384319087646,-1.4426352865411174,-0.289439960979196
0.8184549982619328,-1.22301777106059,-0.3228123218221362
1.0057296260817363,0.24442653692293997,-0.5816849884239971
0.7950456697844553,-1.118200320490341,1.804175622880587
-0.7406062783379391,0.6137832675038262,-0.8412419463365177
0.7903638040889611,-1.1431568563403995,0.25867737885918884
-0.4596943366082323,0.6886528750540092,0.06612833159818714
0.5328611908367318,-0.09997365780788764,-0.9549922172854037
-0.9934270258946744,0.9631747694046684,1.786594599975947
-0.7359244126424417,1.2077488207352542,0.102711597821915
-0.7967886666838793,0.6337484961838774,-1.4057822776307343
0.8090912668709411,-1.22301777106059,0.5771360272815678
-0.810834263770365,0.6736789535439726,-1.1288022101929565
-0.1132362751415937,0.22945261541290338,-0.32670751851358354
-0.7967886666838793,0.8084442471342949,-0.21079909804646316
-1.3679762815342813,1.2177314350752835,-1.222918584305223
1.0946850742961423,-0.8486697333096892,-1.4509981419273994
0.823136863957427,-0.0450692789377558,-0.5734208549029537
-0.7593337411199192,0.5788441173137455,0.7883188533097629
-0.7640156068154134,0.5488962742936724,-0.6086881762984897
-1.377340012925273,2.0363058109572534,-1.03784410366835
-0.862334786420811,0.6986354893940312,-1.11158965184021
-0.8014705323793734,0.6786702607139872,-0.6776436852957322
-0.44564873952174644,0.6487224176939139,-0.3464466909364583
-0.7452881440334334,0.6886528750540092,-0.8259769863294947
-0.67037829290551,0.6636963392039505,0.8974369984634144
-0.7406062783379391,0.9631747694046684,-0.4553016471244713
-0.6844238899919958,0.5139571241035845,0.9491273113147825
-0.7780612039018993,0.5339223527836358,0.6618302364239816
-0.7874249352928876,0.6636963392039505,-1.3268255879392354
0.5609523850097001,-0.1049649649779022,0.1814050985477754
1.0665938801231705,-1.0133828699200846,0.647986496831406
-0.46437620230372645,-0.43938254536870774,-0.9391482415539762
-0.8155161294658593,0.6537137248639214,-0.5376271555761408
1.0197752231682222,-0.8237131974596306,-0.12257815676449524
-0.7452881440334334,0.5888267316537675,0.9077013681233096
-0.5580135162136298,1.0929487558249833,0.19514356255409596
-0.7359244126424417,0.7685137897741997,-0.6980671490292664
-0.7593337411199192,1.0779748343149467,-0.6455872692809835
0.8652736552168813,-1.2729308427607144,-0.026987924444653977
-0.23964664891996296,-0.4992782314088471,-0.5202040460508833
1.2772778364204516,-1.203052542380546,-0.9285154073421877
0.949547237735793,-1.4176787506910586,0.31810544730032353
-0.9512902346352169,0.8483747044943901,0.6552505122830238
-0.6844238899919958,0.6038006531638042,0.10713317244463892
-0.9466083689397227,0.9631747694046684,1.0292420324550902
-1.377340012925273,1.2376966637553275,-1.3389849181517264
-0.5720591133001157,-0.0600432004477924,-0.6634314811512623
-0.9653358317217027,0.9482008478946318,2.1364253731024148
-0.8951078462892768,0.8084442471342949,1.098829194969864
-1.3164757588838354,1.3225488856455325,0.6006651208096343
-0.8529710550298193,1.6569664660363381,-0.2170629954286555
-0.8763803835072967,0.8483747044943901,0.12445100638364084
1.450506867153769,-0.6040956819791032,-0.4665134970606642
-0.8201979951613534,0.8383920901543681,0.7963724356582962
-0.792106800988385,0.8084442471342949,0.6356166154464042
2.2698333638654122,-0.9884263340700261,-0.5711047920053364
-0.7827430695973934,0.6487224176939139,-1.748191121926201
-1.3398850873613097,1.2227227422452909,-0.3925047599231659
1.450506867153769,-0.6190696034891399,-0.7160166364858004
-0.7452881440334334,0.6087919603338188,-0.6885923462662866
0.8840011179988646,-1.372756986160949,1.3256980833501042
-1.2696571019288838,1.2177314350752835,0.45054213480953126
-1.3492488187523013,1.2476792780953567,-0.7833930116892128
1.6050084351051102,-0.9884263340700261,-0.8530854497902425
-0.5673772476046182,1.0031052267647635,-0.2111675625983569
-0.7452881440334334,0.8134355543043095,-0.01567079892220577
0.8886829836943587,-1.3577830646509195,0.6007703963958894
-1.222838444973932,1.362479343005628,0.9457584925546118
-0.7171969498604617,0.6736789535439726,0.13192557300776928
-1.3211576245793297,1.3125662713055106,-0.5543659737907386
0.593725444878166,-0.20479110837814382,-0.6776436852957322
-0.8342435922478393,0.8284094758143461,-0.6154784516119587
0.7529088785250011,-1.118200320490341,0.33126489558224015
-1.4194768041847272,1.2476792780953567,-1.0232634349719862
-0.7265606812514533,0.8433833973243827,-0.5760527445593369
-0.5814228446911041,0.5089658169335771,1.5639893728390477
-0.7780612039018993,0.7036267965640458,-1.0128937897258363
-0.10387254375060535,0.27437437994301317,-1.3414588944287267
0.9916840289952504,-1.297887378610773,-0.719227541866588
1.356869553243869,-0.9285306480298868,-0.3947155472345279
-0.6235596359505616,0.33427006598315245,0.9063327855019903
-0.7967886666838793,1.3325314999855546,-0.8625076147600947
-0.7125150841649674,0.6936441822240167,-0.6377442381049613
-0.14132746931456538,0.2793656871130206,-0.7618115165068698
0.11149327824216981,0.30432222296308636,-0.04804304169572036
-0.7499700097289275,0.6487224176939139,-1.1365399657827233
1.431779404371789,-0.8985828050098136,-0.41445471965740266
1.4692343299357524,-0.5042695385788616,0.08386726788221058
0.7903638040889611,-1.1731046993604728,-0.7632327369213168
0.785681938393467,-1.2379916925706267,2.2118553306543594
-0.7827430695973934,1.5271924796160232,-1.265502558945505
0.823136863957427,-1.1231916276603484,1.1738906879699156
1.0010477603862422,-1.4426352865411174,0.0351773092391195
-1.1619741909324979,1.1378705203550858,0.10097455064870187
-0.3473295599163489,-0.4244086238586712,0.5996650027402086
-0.23496478322446546,0.32428745164313044,-1.024895206558944
1.1134125370781223,-1.2679395355907,-0.2566466158606601
-0.7312425469469475,0.5538875814636869,2.8170846760362624
-1.3071120274928438,1.2277140494153056,1.141886909748295
-0.7452881440334334,0.6437311105238994,-1.3547762560900263
-0.7640156068154134,0.5538875814636869,0.454647882673489
0.4626332054043026,-1.1731046993604728,-0.6885923462662866
-0.8670166521163051,0.6886528750540092,-1.088060558312143
-1.414794938489233,1.2676445067754007,1.1253586427062081
-0.8763803835072967,0.8134355543043095,0.19366970434652148
1.0010477603862422,-1.4326526722010953,-0.4179814517969562
-0.7218788155559558,0.7934703256242583,-0.1951130356944188
-0.8529710550298193,0.7834877112842362,-0.08673181964455462
0.9870021632997563,-1.297887378610773,-0.8530854497902425
-0.5907865760820957,0.5139571241035845,1.9661421123344154
-0.7452881440334334,0.7635224826041851,-0.1951130356944188
-0.792106800988385,0.6487224176939139,-1.1623324844152796
0.8559099238258929,-1.2928960714407585,1.2403195828970304
-0.24432851461545713,-0.5092608457488762,-0.15595051760743547
-1.091746205500072,1.157835749035137,1.2815876127091201
-1.3024301617973497,1.1827922848851957,-0.7632327369213168
0.7810000726979694,-1.233000385400619,1.607099725410606
-0.773379338206405,0.7685137897741997,-0.5857907362879551
-1.3164757588838354,1.147853134695115,0.33563383241183653
0.8980467150853471,-1.3627743718209269,0.05928541849159039
-0.7359244126424417,0.6237658818438553,0.3795863896734375
-0.8295617265523451,0.8134355543043095,0.4346455212849758
-0.6563326958190274,0.1945134652228156,-0.26091027710400116
-0.8763803835072967,1.2876097354554519,-0.8940376528435665
-0.7593337411199192,1.2776271211154229,0.4466995759112113
-1.358612550143293,1.1977662063952323,-1.1641221693816204
-0.8529710550298193,0.7435572539241411,-0.2922297640149623
1.0057296260817363,-1.447626593711132,-0.07446721384580852
0.28940417467098495,-1.1331742420003776,-0.6639052212894113
-1.3211576245793297,1.1977662063952323,0.4570692211573616
-1.1900653851054661,1.4523228720658474,-1.2000211442946884
-0.792106800988385,1.0979400629949907,0.11892403810523572
-0.8389254579433334,0.6387398033538848,0.4572271345367447
1.0104114917772304,-1.4176787506910586,-0.4427212145669593
0.6499078332241094,-1.128182934830363,-0.48151526810204887
-0.8904259805937826,0.8483747044943901,-0.2375917347484453
-0.8904259805937826,0.8533660116644047,-0.15858240726381873
1.2725959707249574,-1.213035156720568,0.17940486240892406
0.9870021632997563,-1.4176787506910586,-0.10631307868804651
-0.562695381909124,-0.11494757931792424,0.9420738470356753
1.1180944027736197,-0.34953901630848816,-0.35960613921837475
1.3147327619844116,-0.9934176412400406,-0.4583020013327483
0.9963658946907447,-1.4176787506910586,-0.6337437658272587
0.631180370442126,-1.1930699280405168,-0.6290063644457689
-0.7640156068154134,0.5488962742936724,0.2161460420120348
-0.8201979951613534,0.7036267965640458,-0.4523012929161943
-0.03832642401367364,1.8166882954767192,-0.24627697061451004
-0.7874249352928876,1.0879574486549686,0.13387317135349305
0.9542291034312904,-1.2529656140806633,-1.5301653827914088
0.5609523850097001,-0.1199388864879388,0.09386844857646717
-1.3539306844477954,1.242687970925342,-0.7840246652067447
1.3802788817213432,-0.9484958767099309,-1.1993368529840287
1.4177338072853034,-0.723887054059389,0.3442137926916462
-0.7406062783379391,0.9082703905345365,-0.8842470233218208
0.8090912668709411,-1.128182934830363,-0.35397389535371454
-0.63292336734155,0.20449607956284474,0.4697022915080014
-0.562695381909124,-0.07002581478781443,-0.6462715605916431
-0.792106800988385,0.7285833324141044,0.6779900389141752
0.6264985047466318,-1.1980612352105313,-0.585316996149806
-0.6984694870784817,0.3692092161732402,1.33143560280102
-0.8576529207253167,0.8084442471342949,0.40437879023656786
0.8559099238258929,-1.2779221499307218,-0.7060154557915441
-0.862334786420811,1.3025836569654885,-0.9775738305371723
-0.6469689644280358,0.573852810143731,-0.12710500697347446
1.637781494973576,-0.7089131325493524,-0.1196304403493458
-0.792106800988385,0.8084442471342949,0.3049459990184073
1.352187687548375,-0.9285306480298868,-1.3043492502737222
-1.3726581472297754,1.2177314350752835,-1.2672396061187177
-0.7874249352928876,0.6337484961838774,-0.3874515317829101
0.9214560435628246,-1.22301777106059,-0.09299571702674699
0.9682747005177763,-1.2579569212506778,1.123463682153612
-0.6984694870784817,0.7784964041142217,-0.5450490844071417
-1.171337922323486,1.2576618924353786,0.7167314546561377
-1.3211576245793297,1.2476792780953567,0.25725615844474187
-0.6937876213829874,0.6038006531638042,-0.13184240835496436
1.0572301487321822,-1.457609208051154,1.133359587261613
-0.7171969498604617,0.903279083364522,-0.6577992372866018
-0.773379338206405,1.043035684124859,-0.24954051378842543
1.4224156729808008,-0.8137305831196086,-0.46867164657889837
-0.7499700097289275,0.5888267316537675,-0.4280879080774681
-1.3539306844477954,1.2227227422452909,-0.04246343562418768
2.7052468735464568,-1.3977135220110146,-1.3689358224413684
1.0010477603862422,-0.6390348321691839,-0.7363874624262073
0.5094518623592543,-0.24472156573823906,-1.0899555188647392
-1.377340012925273,1.1977662063952323,0.7616841299871644
0.5984073105736601,-1.0882524774702678,-0.689960928887606
-0.63292336734155,0.5688615029737164,-0.45135381263989643
-0.8295617265523451,0.7884790184542508,-0.5109397944604143
0.7997275354799528,-1.1032263989803044,1.8446014480026347
1.5956447037141184,-0.7488435899094477,0.33347568289360213
1.0291389545592105,-1.3478004503108902,-1.313666139657319
-1.3679762815342813,1.212740127905269,-1.0659526851985233
0.5328611908367318,-0.09997365780788764,-1.3965180260402652
0.8559099238258929,-1.307869992950795,0.17256194930232754
1.0572301487321822,-1.2479743069106486,0.9396525085518027
-0.810834263770365,0.6287571890138628,-0.20606169666497326
0.8980467150853471,-1.372756986160949,0.40527363271973843
-0.8248798608568509,0.9631747694046684,1.2423198190358817
-0.792106800988385,0.8034529399642875,0.5368681155389032
-0.7874249352928876,0.6936441822240167,-0.17716354823788472
-0.9278809061577427,0.8334007829843535,-0.24117110468112643
1.0853213429051538,-1.2479743069106486,0.3782704448452457
-0.8061523980748709,0.6337484961838774,-0.6592730954941768
1.0900032086006481,-0.40943470234863455,-0.9270941869277408
-0.7874249352928876,1.06300091280491,-0.07173004860316998
0.8090912668709411,0.573852810143731,-1.1221698482588707
1.3990063445033234,-0.6689826751892571,0.1650873826781991
-0.8342435922478393,0.7834877112842362,0.09202612581699848
0.8137731325664354,-1.203052542380546,0.3707432404279897
0.6218166390511377,-0.2397302585682245,-1.2864524006103157
-0.7640156068154134,0.7285833324141044,-0.4473533403621938
-1.1198373996730404,1.1378705203550858,-0.35960613921837475
1.1134125370781223,-1.1780960065304873,0.7714747595089099
1.0572301487321822,-1.3028786857807877,2.251965329017641
0.8933648493898529,-1.183087313700495,1.5208263824743617
-0.8670166521163051,0.8284094758143461,0.08713081105612575
-0.8342435922478393,0.5938180388237821,0.5620289806539273
-1.1807016537144779,1.127887906015064,0.13555758073357818
-0.10387254375060535,-0.6490174465092131,-0.4484587340178748
-0.6469689644280358,0.6087919603338188,1.1978935216361315
0.7716363413069811,-0.4343912381986932,-0.7778660434108079
-0.8201979951613534,0.6636963392039505,-0.73091313194093
1.0619120144276764,-1.3577830646509195,0.7723696019920799
-0.8014705323793734,0.6487224176939139,-1.027579734008455
0.9635928348222788,-1.287904764270751,0.07381344939482645
-0.8201979951613534,0.583835424483753,1.9103986894122171
0.7763182070024753,-1.1731046993604728,1.9977247882110147
-0.862334786420811,0.6936441822240167,-0.9748893030876613
0.8559099238258929,-1.287904764270751,-0.10499713385985489
-1.3398850873613097,1.2277140494153056,0.27204737831361614
1.0946850742961423,-1.22301777106059,0.06807592994391068
0.8137731325664354,-1.1331742420003776,-0.816291632394004
0.804409401175447,-1.1431568563403995,-0.5635775875880802
-0.8061523980748709,0.7186007180740824,0.32852773033960136
-1.3071120274928438,1.1827922848851957,0.357583792146073
-0.6376052330370441,0.5638701958037089,-0.17684772147911876
-0.8342435922478393,0.7036267965640458,0.10565931423706397
1.033820820254708,-0.3145998661184075,-0.3220227549252212
-0.8389254579433334,0.7435572539241411,-0.039252530243400065
0.9261379092583187,-1.4226700578610734,0.14771691094606917
-0.7265606812514533,0.6337484961838774,-1.0493717803633087
1.033820820254708,-1.3328265288008536,0.6877806684359212
1.1555493283375797,-1.3278352216308462,-0.7635485636800827
1.9514664965717454,-0.9984089484100481,-0.8840364721493101
-0.8248798608568509,0.6087919603338188,0.8576428268588991
0.823136863957427,-1.2379916925706267,0.3065777706053649
0.7903638040889611,-1.213035156720568,0.4577008746748935
0.9635928348222788,-0.7338696683994181,-0.44687960022404477
-0.7499700097289275,0.6087919603338188,-0.8650342288302226
-0.7265606812514533,0.8234181686443315,0.9649712870462099
-0.6844238899919958,0.5339223527836358,0.14329533632334526
-0.8201979951613534,0.7036267965640458,-0.4699349536139625
2.25578776677893,-1.3677656789909414,-0.959992807632532
-0.8670166521163051,1.552149015466089,-1.3109816122078082
1.0900032086006481,-1.3128613001208096,1.5283009490984902
0.949547237735793,-1.43764397937111,0.7758436963385063
1.0010477603862422,-1.4626005152211685,0.06565459146003809
2.8597484414977976,-1.532478815601337,-0.2953880316026224
0.3128135031484591,0.12463516484265426,-0.5985290822248502
1.1742767911195597,-1.3428091431408828,0.07628742567182659
1.445825001458275,-0.8886001906697845,0.3540044222133917
1.0104114917772304,-1.43764397937111,-1.2581859057007594
0.4485876083178201,0.059748171632493303,-0.024040208029504545
-0.6891057556874933,0.573852810143731,-0.10873441717191912
-0.955972100330711,0.9382182335546098,2.13584635737801
-0.8155161294658593,0.7485485610941556,0.3507408790394765
1.1695949254240656,-0.8436784261396818,-0.9386218636226996
-0.7686974725109076,0.6287571890138628,-1.1382243751628087
-0.7359244126424417,0.8234181686443315,-0.16632016285358558
-1.3211576245793297,1.307574964135496,-0.6988567159261814
-0.7874249352928876,0.7186007180740824,-0.40018987771980524
0.9167741778673304,-1.2379916925706267,-0.06551878901410538
1.0197752231682222,-1.3328265288008536,-0.10299689772100358
0.8980467150853471,-1.1880786208705094,1.4618194163782483
-0.7078332184694733,0.7535398682641631,-0.10883969275817443
0.5515886536187118,-0.8935914978397991,0.6403013790347668
-0.7312425469469475,0.4840092810835185,0.3970621369918225
1.0478664173411905,-0.8287045046296452,-0.11615634600292
-0.5720591133001157,1.1228965988450563,0.22025178987599298
-0.7265606812514533,0.8034529399642875,-0.3576585408726512
-0.5720591133001157,0.33427006598315245,0.20488155428271435
0.8652736552168813,-0.1349128079979754,-0.7214909669710777
1.1883223882060456,-1.467591822391183,-0.12184122766070776
-0.7312425469469475,0.7036267965640458,-0.003300917537204361
0.8980467150853471,-0.6390348321691839,-0.6721167170173272
1.1602311940330738,-1.3178526072908172,-0.36523838308303497
-0.25837411170194297,0.8084442471342949,0.5286566198109873
2.508608514335665,-1.8868616246721865,-1.445260622476484
-0.7218788155559558,0.8483747044943901,-0.11699855069296257
0.949547237735793,-0.7188957468893815,0.33126489558224015
-0.5720591133001157,-0.08000842912784356,0.298366274877449
1.0385026859502022,-1.3328265288008536,1.7711190887964132
1.0057296260817363,-1.4326526722010953,-0.9051968649866319
-0.8248798608568509,0.6986354893940312,-0.46867164657889837
1.0759576115141622,-0.8686349619897404,-0.7390193520825906
1.0197752231682222,-0.8187218902896161,0.6138772068846785
-0.937244637548731,0.9631747694046684,2.5936372442093205
-0.7359244126424417,0.7036267965640458,1.030294788317643
-0.5299223220406581,1.147853134695115,1.136412579263018
1.0150933574727246,-1.3428091431408828,-0.9796267044691515
-0.9981088915901686,0.9332269263845951,0.8932786128063291
-0.63292336734155,0.13960908635268376,-0.8190287976366426
0.9916840289952504,0.009835099932376032,-0.1745316585815015
1.1134125370781223,-1.1231916276603484,-1.195862758637603
-1.3305213559703213,2.0113492751071878,-1.1632799646915775
-1.3305213559703213,1.212740127905269,0.4793350076503643
-0.7078332184694733,0.6786702607139872,-0.1615301236789679
-0.8155161294658593,0.8533660116644047,1.626786260040353
-0.7312425469469475,1.0979400629949907,0.13387317135349305
0.9916840289952504,-0.9335219551998942,-0.204535200664271
-1.3492488187523013,1.1877835920552102,-0.6750644334324765
-0.7780612039018993,2.5354365279584545,-1.1871248849784102
1.0478664173411905,-1.2379916925706267,1.4994028006714017
1.0619120144276764,-1.352791757480905,1.7395364129198134
-0.8763803835072967,0.7186007180740824,0.48259855082427944
0.3174953688439566,-0.09997365780788764,-0.6573781349415807
-0.7406062783379391,0.9232443120445731,0.1003955349242975
-0.6750601586010074,0.32428745164313044,-0.4219292862815311
0.7810000726979694,-1.2280090782306046,1.0429804964614109
1.9467846308762513,-1.0133828699200846,-0.6862236455755415
-0.9512902346352169,0.9531921550646464,1.577043545534709
1.445825001458275,-0.8336958117996527,0.541816068092904
0.7622726099159894,-1.128182934830363,0.903700895845607
0.912092312171833,-1.4076961363510367,2.1207919485434976
-0.6563326958190274,0.583835424483753,0.07065518180716637
-0.7312425469469475,0.583835424483753,-0.505307550595754
0.7903638040889611,-0.4493651597087298,-0.6909610469570314
-0.773379338206405,0.6736789535439726,-0.7029624637901393
0.4673150710998001,0.6936441822240167,-0.8491902530987953
-0.6797420242965017,0.30432222296308636,1.1895767503219605
-0.7967886666838793,0.658705032033936,-1.4402073943362281
-0.7686974725109076,0.8034529399642875,1.2533211177995636
0.7810000726979694,-1.1980612352105313,-0.4541436156756628
-0.8201979951613534,0.733574639584119,1.411129221596306
0.5422249222277201,-0.0600432004477924,-0.5949497122921689
-0.6937876213829874,0.733574639584119,-0.45324877319249246
0.8184549982619328,-1.128182934830363,-0.34134082500307467
-0.7125150841649674,1.082966141484954,0.17972068916769027
-1.3305213559703213,1.936479667557012,-0.8903530073246301
2.316652020820364,-1.3428091431408828,0.05554813517952618
-0.7171969498604617,0.7735050969442142,0.453910953569702
-0.6984694870784817,0.7435572539241411,-0.367291257015014
-0.7967886666838793,0.8034529399642875,0.46001693757251105
1.0385026859502022,-1.4526179008811464,1.370966585439897
-0.6469689644280358,0.5439049671236578,0.6506710242809167
-1.3445669530568072,1.2626531996053862,-0.0704667415681059
-0.3239202314388747,-0.4493651597087298,-1.0566357958149266
1.0525482830366881,-1.3478004503108902,-0.8842996611149484
0.9167741778673304,-1.4126874435210512,1.2422145434496261
0.5234974594457401,-0.0600432004477924,0.06949715035835762
1.0057296260817363,-0.8137305831196086,-0.26091027710400116
0.8184549982619328,-1.1581307778504362,0.9995016793379586
-0.8951078462892768,0.7934703256242583,1.1468348623022957
1.923375302398777,-1.1431568563403995,-1.4574199526889746
-0.7312425469469475,0.7036267965640458,-0.15463457277924364
-0.8155161294658593,1.1428618275251006,-0.7015412433756923
-1.3211576245793297,1.9913840464271437,-0.11105048006953638
-0.8014705323793734,0.7735050969442142,-0.03883142789837878
0.9401835063448046,-1.2529656140806633,0.03322971089339596
1.7922830629249136,-2.1114704473227284,-0.4981488107303913
0.7575907442204953,-1.2080438495505534,3.8823683333539645
-0.5533316505181324,-0.020112743087697168,0.8030574353855097
-1.3352032216658154,1.2077488207352542,0.7260483440397344
0.7997275354799528,-1.2180264638905827,1.281482337122865
-1.2977482961018554,1.1778009777151883,1.4041283951103263
-0.7967886666838793,0.6936441822240167,-0.8983013140869076
-1.3352032216658154,1.9963753535971582,1.2637434008388413
-0.6563326958190274,0.4790179739135039,1.1955248209453864
-0.7171969498604617,0.733574639584119,-0.8057114359753433
1.4177338072853034,-1.108217706150319,0.755736059363738
0.9916840289952504,-1.4326526722010953,0.06807592994391068
1.0946850742961423,-1.4875570510712273,1.7080063748363417
1.4177338072853034,-1.5624266586214102,0.018754317783287674
0.8933648493898529,-1.1930699280405168,0.06328589076929303
0.5515886536187118,-0.13990411516798287,-0.060886663218870825
-0.5392860534316498,-0.1049649649779022,2.134004034618542
-0.773379338206405,0.6137832675038262,-0.08631071729953334
0.059992755591723936,-0.5641652246190081,-0.8707191104880107
0.45326947401331424,-1.1631220850204507,-0.7392299032551012
-1.3867037443162613,2.0213318894472168,-0.9517813119046161
-0.8576529207253167,0.6886528750540092,-0.9926808771648126
0.9074104464763387,-1.382739600500978,0.053758450213185496
-1.1900653851054661,1.2626531996053862,1.2173695050933677
-0.1600549320965454,-0.554182610278986,-0.32670751851358354
1.0853213429051538,-1.2379916925706267,0.8303764500187681
-0.8670166521163051,1.5172098652760013,-0.695751086131649
1.0478664173411905,-1.3428091431408828,-1.2998750378578705
-0.7406062783379391,0.8234181686443315,0.41480107327584576
-0.7312425469469475,0.5538875814636869,5.482767795607518
1.0244570888637163,-1.1581307778504362,4.960706163367329
-0.6984694870784817,1.1179052916750418,-1.0150519392440704
-1.4054312070982413,1.2177314350752835,2.594216259933724
-0.8482891893343251,1.5222011724460158,-0.7103317548280127
1.356869553243869,-0.9385132623699088,-0.8963010779480562
-0.7406062783379391,0.6387398033538848,-1.0598993389888418
-1.3352032216658154,1.2876097354554519,0.822533418842746
-0.8389254579433334,0.7235920252440898,0.12566167562557715
0.8886829836943587,-1.1780960065304873,0.4617013469525962
-0.7640156068154134,0.5638701958037089,0.4628593784014049
0.930819774953813,-0.7388609755694255,-0.24117110468112643
-0.7312425469469475,0.5988093459937897,-0.3700284222576526
0.9589109691267846,-0.7188957468893815,-0.15431874602047765
-0.6797420242965017,0.33427006598315245,1.673739171510231
0.059992755591723936,-0.6789652895292863,-0.3372350771391167
-0.8014705323793734,0.6786702607139872,-0.3549213756300124
0.804409401175447,-1.1980612352105313,0.18772163372309505
1.0104114917772304,-1.4226700578610734,-0.687276401438095
1.0244570888637163,-1.3378178359708683,-0.6462715605916431
-0.7359244126424417,0.8084442471342949,0.4003256801657377
-0.7640156068154134,0.5888267316537675,0.09755309409540361
-0.67037829290551,1.1079226773350197,0.2979451725324277
-0.7265606812514533,0.8134355543043095,0.3129995813669401
1.431779404371789,-0.9335219551998942,-0.35607940707882113
-0.8857441148982851,0.8833138546844779,0.7522619650173121
0.5281793251412343,-0.09997365780788764,-1.2387099222435227
0.3221772345394508,-0.06503450761780696,-0.6437449465215153
-1.1760197880189838,1.2476792780953567,-0.6048456174001702
-0.44096687382625227,0.7136094109040678,-0.23053827046933792
0.9870021632997563,-1.4626005152211685,0.002278688534328311
0.5234974594457401,-0.09997365780788764,-1.1382243751628087
-0.7593337411199192,1.0679922199749174,-0.4104542473797
0.7950456697844553,-1.2479743069106486,2.181904426364718
0.4673150710998001,-0.05505189327778493,-0.4509853480880027
0.00849223294127806,-0.5591739174489935,-1.1792818538023881
0.9963658946907447,-1.3328265288008536,-0.6250058921680661
-0.7452881440334334,0.6786702607139872,-0.8379257653694747
-0.277101574483923,-0.4493651597087298,-0.49120062203753945
-0.7499700097289275,0.5389136599536503,0.16424517798815608
-0.7265606812514533,1.3425141143255837,0.016911995023819456
0.9027285807808446,-1.382739600500978,4.616876098657414
0.8652736552168813,-1.3328265288008536,-0.17816366630731037
1.338142090461889,-0.9035741121798211,-0.4768831423068143
-0.792106800988385,0.6287571890138628,-0.05035910459333763
0.9214560435628246,-1.233000385400619,0.27204737831361614
-0.7218788155559558,0.6038006531638042,-1.1132214234271676
-0.8389254579433334,0.7086181037340533,1.990723961725035
-0.7359244126424417,0.6337484961838774,-0.8744563938000749
1.7173732117969902,-0.6590000608492351,-0.1731630759601821
1.3662332846348575,-1.0882524774702678,-0.06604516694538198
-1.3632944158387872,1.2676445067754007,-0.14573878574066826
0.5281793251412343,-0.1199388864879388,-0.49483262976334835
-0.6844238899919958,0.2094873867328522,-1.1932308689812197
1.389642613112335,-0.9035741121798211,1.566621262495431
-0.7686974725109076,0.7535398682641631,0.2654676541726578
-0.6891057556874933,0.5339223527836358,1.720376256221343
1.4036882101988208,-0.8985828050098136,0.3905876884371198
-1.3867037443162613,1.2277140494153056,-1.1902831525660702
2.363470677775316,-1.3927222148410001,-0.9640985554964899
0.9542291034312904,-0.8736262691597478,0.2267788762238233
0.47199693679529425,-1.108217706150319,-0.8221870652243026
-1.3258394902748272,1.167818363375159,-0.4428791279463421
1.394324478807829,-0.9634697982199675,-0.6296380179633008
-0.7452881440334334,0.6087919603338188,-0.41324405041546636
-0.7874249352928876,0.6387398033538848,-0.9846799326094072
-0.7078332184694733,0.7186007180740824,3.6157052733692088
-0.562695381909124,-0.0600432004477924,-0.5240992427423307
-0.8529710550298193,0.7784964041142217,0.3093149358480037
0.00849223294127806,0.9132616977045511,-0.36592267439369464
-0.7967886666838793,0.6287571890138628,0.8990687700503724
-0.7312425469469475,0.733574639584119,-0.7251229746968867
0.4766788024907884,0.019817714272398066,-0.6919085272333295
-0.7359244126424417,0.7136094109040678,0.4664913861272138
-0.8342435922478393,0.7285833324141044,0.13387317135349305
-0.881062249202791,1.3375228071555691,-0.9765737124677467
-1.3211576245793297,1.3025836569654885,-0.5058339285270306
-0.7780612039018993,0.6636963392039505,-0.6776436852957322
-0.7171969498604617,0.8833138546844779,-0.16337244643843638
1.0946850742961423,-1.3777482933309635,-0.2938088978087924
1.1508674626420856,-0.8287045046296452,1.3609654047456403
-0.21155545474699128,-0.4992782314088471,0.08928896057436016
-0.7312425469469475,0.6437311105238994,-0.7408616748420588
0.9916840289952504,-1.4226700578610734,-0.9168298172678461
1.0993669399916364,-1.2280090782306046,-1.3060862974469352
-0.7078332184694733,1.1428618275251006,-1.3230883046271713
-0.843607323638831,0.7285833324141044,0.2889441099075968
-0.7499700097289275,0.6237658818438553,-0.36718598142875875
0.912092312171833,-1.2479743069106486,1.3901267421383672
-0.7125150841649674,1.0580096056348955,-0.5050443616301156
-0.792106800988385,1.0979400629949907,1.470083549899292
1.3802788817213432,-0.883608883499777,2.069943840382172
1.3240964933754031,-1.7471050239118497,-0.7946048616254057
-0.7452881440334334,0.6337484961838774,-0.9047757626416103
0.5047699966637601,0.15957431503273492,-0.8687715121422869
0.7763182070024753,-0.46933038838878094,-1.1068522504587197
-0.7499700097289275,0.5389136599536503,-0.10199677965157791
-0.9231990404622484,1.1428618275251006,-0.6188999081652569
-1.3305213559703213,1.2177314350752835,0.17851001992575397
1.5769172409321384,-1.2779221499307218,-0.8397154503358154
1.0197752231682222,-1.3378178359708683,-0.3925047599231659
-0.6656964272100158,0.5139571241035845,-0.5240992427423307
-0.7546518754244217,0.5538875814636869,-0.43324641180397927
0.949547237735793,-1.1631220850204507,1.383704931376792
-0.6563326958190274,0.5039745097635625,0.864275188792985
1.0150933574727246,-1.3378178359708683,-0.4504589701567261
0.9823202976042588,-1.4426352865411174,0.7043615732711361
0.9916840289952504,-1.297887378610773,-0.7234912031099291
0.42517827984034257,0.14460039352269832,-1.0813755585849294
-0.810834263770365,0.8334007829843535,0.5809259483867597
-0.8248798608568509,0.818426861474317,-0.2755435835934923
1.0010477603862422,-0.6390348321691839,-1.057056898159948
0.00849223294127806,0.8783225475144634,-1.0381599304271159
-0.8670166521163051,1.552149015466089,-0.6963827396491812
0.8137731325664354,-1.2280090782306046,-0.45582802505574793
1.0057296260817363,-1.4626005152211685,-0.15126575401907313
1.3475058218528775,-0.8636436548197258,0.14703261963540973
0.5328611908367318,-0.09498235063788016,-0.5714732565572299
1.6237358978870902,-0.9934176412400406,-1.3199300370395113
1.0525482830366881,-1.3577830646509195,-0.0018270593296296446
-0.843607323638831,0.6337484961838774,-0.1702153595450329
1.0431845516456963,-1.352791757480905,-0.6871711258518397
1.0993669399916364,-1.2080438495505534,0.3068409595710031
-0.8061523980748709,0.733574639584119,0.5803469326623554
-0.6797420242965017,0.5189484312735991,-0.35897448570084284
-0.810834263770365,0.6337484961838774,-0.48151526810204887
-0.7125150841649674,0.6137832675038262,-0.09120603206040631
1.0150933574727246,-1.4226700578610734,-0.6897503777150954
0.3830414885808883,-0.14489542233799743,-0.74917844615623
-0.7171969498604617,0.733574639584119,-0.06351855287525406
-0.7359244126424417,0.6437311105238994,-1.3924122781763073
2.6443826195050226,-1.43764397937111,-0.220431814188826
1.0900032086006481,-1.1880786208705094,1.1964196634285569
-0.7312425469469475,0.8084442471342949,-0.3486574782478203
1.464552464240255,-0.2247563370581879,0.2435176944384213
-0.7312425469469475,0.9581834622346538,-1.024895206558944
-0.7265606812514533,0.7136094109040678,-0.6143204201631501
-0.7546518754244217,0.9731573837446904,0.6171407500585936
-0.7640156068154134,1.1129139845050273,-0.36618586335933306
0.9355016406493104,-0.7139044397193669,-1.2004948844328376
-0.7218788155559558,0.7385659467541265,-0.45172227719179
1.2538685079429774,-0.489295617068825,-1.1820716568381544
-0.6376052330370441,0.14460039352269832,-0.45361723774438595
-0.8904259805937826,0.8883051618544854,1.7563805067206666
0.9776384319087646,-0.9385132623699088,0.9892373096780639
0.07403835267820978,0.16955692937275696,-0.8201868290854514
-0.6376052330370441,0.5439049671236578,0.5588180752731396
-0.8248798608568509,0.7235920252440898,-0.4369836951160435
0.8933648493898529,-1.213035156720568,1.0326634890083881
1.408370075894315,-0.8686349619897404,0.3997993022344613
2.190241647041998,-0.4593477740487518,-0.21390472784099546
0.7810000726979694,-1.1681133921904583,-0.12931579428483644
-0.6422870987325416,0.5389136599536503,-0.1689520525099688
0.9776384319087646,-0.2247563370581879,-0.7837088384479788
-0.67037829290551,0.7086181037340533,0.33126489558224015
-0.6656964272100158,0.48900058825352594,0.5067066600767508
1.6330996292780784,-1.7471050239118497,-0.019671271199908406
-0.9278809061577427,0.9432095407246172,1.0829325814453092
-0.7874249352928876,0.6337484961838774,-1.3818320817576466
-1.1807016537144779,1.242687970925342,-0.7040678574458203
-0.6844238899919958,0.6437311105238994,-0.12384146379955908
-0.8061523980748709,0.7485485610941556,0.08018262236327367
-0.7686974725109076,0.6137832675038262,0.4957579991061961
-0.7125150841649674,0.5988093459937897,2.48109764250237
1.6143721664960984,-1.6422875733416007,-0.9627299728751706
-0.7499700097289275,0.5588788886336944,0.08023526015640169
-0.7546518754244217,0.6387398033538848,-1.4287849932275245
-0.7827430695973934,0.6187745746738408,0.1785626577188815
-1.0168363543721486,0.9581834622346538,1.1667845858976809
0.7903638040889611,-1.22301777106059,1.3273298549370618
-0.7546518754244217,0.7136094109040678,-0.6688531738434118
1.0853213429051538,-1.3977135220110146,-1.5217433358909822
-0.8342435922478393,0.7685137897741997,-0.014775956439035431
-0.7874249352928876,0.7385659467541265,-0.1644252023009896
-0.7780612039018993,0.7685137897741997,-0.5509445172374403
0.9542291034312904,-1.148148163510414,0.8576428268588991
-0.63292336734155,1.0180791482748002,0.12508265990117276
-1.1245192653685379,1.1179052916750418,-0.675590811363753
-1.3539306844477954,1.1778009777151883,1.6115213000333302
0.9635928348222788,-1.2729308427607144,0.12292451038293835
1.2772778364204516,-1.2180264638905827,1.7026373199373197
-0.8904259805937826,0.8533660116644047,-0.05035910459333763
0.6358622361376235,-1.183087313700495,0.22062025442788624
-0.6844238899919958,0.5938180388237821,-0.5789478231813585
0.20513059215207322,0.27437437994301317,-1.1875459873234315
-0.6844238899919958,0.6686876463739581,-0.1540029192617117
-0.7265606812514533,0.6187745746738408,-0.3306027152050309
-1.3492488187523013,1.212740127905269,-1.492476722912
2.0170126163086772,-1.297887378610773,-0.864034110760797
0.1583119351971215,0.07472209314252991,-0.799605451972534
-1.3539306844477954,1.1728096705451736,1.7923847572199902
-0.9325627718532369,1.7268447664165065,-0.9388324147952103
1.1040488056871338,-1.1581307778504362,0.12155592776161941
0.804409401175447,-1.128182934830363,-0.08231024502183071
0.9963658946907447,-1.3378178359708683,-0.15984571429888256
-1.171337922323486,1.2476792780953567,-0.890668834083396
0.785681938393467,-0.44437385253871525,-0.5981079798798289
0.9963658946907447,-1.4126874435210512,0.13071490376583297
-0.8576529207253167,0.8583573188344192,-0.024040208029504545
-0.6656964272100158,0.5888267316537675,-0.6337437658272587
0.9916840289952504,-1.457609208051154,-0.07083520611999963
-0.15069120070555372,0.2843569942830352,-1.1677541771074293
-0.8061523980748709,0.6087919603338188,-0.00035320112205492794
0.5328611908367318,-0.4194173166886566,-1.0125779629670701
-0.31455650004788305,-0.4244086238586712,-0.13131603042368775
1.0057296260817363,-1.457609208051154,-0.44366869484325716
1.2351410451609974,-1.457609208051154,-0.16221441498962763
1.0385026859502022,-1.3328265288008536,2.9083586093196345
-0.9138353090712568,0.8883051618544854,1.7586965696182841
-0.7686974725109076,0.6636963392039505,-1.156752878343747
-0.7265606812514533,0.6287571890138628,-1.11406362811721
-1.3305213559703213,2.001366660767166,-1.4212051510171404
-0.7406062783379391,0.6836615678839947,-0.9380954856914231
-0.67037829290551,0.5638701958037089,-0.4994121177654554
-1.3258394902748272,1.2077488207352542,-0.7963419087986187
-0.6563326958190274,0.4939918954235405,0.1219243923135127
-0.9325627718532369,0.9282356192145877,2.232015605422256
-0.65165083012353,0.6537137248639214,1.4512392199595874
-0.7265606812514533,1.1927748992252178,-0.3474994467990115
0.9682747005177763,-1.4526179008811464,-0.4295617662850426
-0.5814228446911041,1.127887906015064,-0.041568593141017345
-0.7640156068154134,0.7036267965640458,-0.11178740917332364
0.8886829836943587,-1.352791757480905,0.4916522512422384
0.33622283162593664,0.13960908635268376,-0.682381086677222
-0.8857441148982851,0.6337484961838774,-0.7609693118168273
-0.46437620230372645,-0.43938254536870774,-0.4397734981518098
-0.8061523980748709,0.7285833324141044,-0.3862408625409738
2.316652020820364,-1.372756986160949,-0.4583020013327483
-0.6797420242965017,0.5239397384436137,-0.3570795251482468
-1.3164757588838354,1.4074011075357375,1.4556607945823112
-0.8061523980748709,0.6686876463739581,-0.39566302751082577
0.5094518623592543,-0.7438522827394402,-0.8724561576612235
-0.937244637548731,0.9282356192145877,1.0365586856998357
1.2960052992024316,-0.8935914978397991,0.1601920679173259
1.1461855969465882,-1.297887378610773,1.3435949330135104
1.1227762684691138,-0.883608883499777,0.5871372079758244
-1.2134747135829438,1.9814014320871216,-0.2755435835934923
0.5469067879232143,-0.05505189327778493,0.17682561054566837
-0.506512993563184,1.0130878411047857,-0.4857262915522621
1.0993669399916364,-1.4725831295611906,-0.5160456603937978
-0.12260000653258538,0.30432222296308636,-1.3189299189700856
1.0057296260817363,-1.447626593711132,0.1657716739888586
0.4626332054043026,-1.128182934830363,-0.5789478231813585
1.0150933574727246,-1.3328265288008536,-0.9024070619508655
-0.65165083012353,0.5389136599536503,1.171627262865426
-0.9466083689397227,0.8334007829843535,4.896961795889724
-0.8155161294658593,0.6636963392039505,-0.6601679379773471
1.1180944027736197,-0.8686349619897404,-0.5645777056575059
-0.8670166521163051,0.7685137897741997,0.650302559729023
-0.9325627718532369,0.818426861474317,-0.5876330590474232
1.0900032086006481,-1.1980612352105313,0.4834407555143225
-1.3679762815342813,1.23270535658532,-1.13864547750783
1.4036882101988208,-0.8985828050098136,-0.636059828724876
-0.9091534433757626,0.7934703256242583,1.6949522021406807
-0.7593337411199192,0.5788441173137455,0.43817225342452965
0.9214560435628246,-1.3677656789909414,-0.09978599234021596
-0.8155161294658593,0.8234181686443315,0.6080344118475076
-0.7686974725109076,0.5538875814636869,-0.18279579210254493
0.8137731325664354,-0.5891217604690666,-0.7233859275236738
-0.8529710550298193,1.5122185581059866,-0.379713776193143
-0.5720591133001157,0.019817714272398066,0.050126442487376605
1.619054032191596,-1.0233654842601139,-0.00909107478124744
1.370915150330355,-0.9285306480298868,-0.40892775137899773
0.8465461924349013,-1.2779221499307218,1.082774668065926
-0.8201979951613534,0.583835424483753,1.7867525133553301
-0.8716985178117993,0.7086181037340533,0.16098163481424094
0.9401835063448046,-0.7139044397193669,-1.3583029882295798
2.8737940385842835,-2.3161140412932193,-0.6796439214345834
-0.7171969498604617,0.9581834622346538,-0.6078459716084471
1.0900032086006481,-0.8436784261396818,-0.8238188368112602
-0.862334786420811,0.5888267316537675,3.699030899890304
-0.7406062783379391,0.9731573837446904,-0.548786367719206
-0.8201979951613534,0.7884790184542508,1.4737155576251006
1.9280571680942713,-1.138165549170385,-1.0849549285176108
-0.6891057556874933,0.44907013089343073,2.764604796287979
-0.6891057556874933,0.6287571890138628,-0.347130982247118
-0.6797420242965017,0.5688615029737164,-0.6496930171449414
0.860591789521387,-1.3328265288008536,0.030703096823267804
1.8110105257068936,-0.9734524125599895,-0.30917913340207076
-0.7125150841649674,0.6836615678839947,-1.0186313091767518
0.5515886536187118,-0.09498235063788016,-1.3680936177513254
1.4411431357627809,-0.8636436548197258,-0.5516814463412276
1.1087306713826282,-1.2579569212506778,0.7005190143728166
-0.8670166521163051,0.7036267965640458,-0.9764684368814913
-0.8716985178117993,0.7784964041142217,1.034611087354112
-0.7312425469469475,0.9082703905345365,-1.1949152783613048
-0.7874249352928876,0.6487224176939139,-1.4009922384561166
0.42986014553583674,0.0896960146525665,-0.25464637972180904
-0.5158767249541724,0.7934703256242583,0.11781864444955498
-0.8716985178117993,0.6886528750540092,-1.1858615779433463
2.316652020820364,-2.341070577143285,-0.7967103733505123
-1.3258394902748272,1.2576618924353786,2.1293719088233076
1.375597016025849,-0.8686349619897404,-0.7214909669710777
-0.6610145615145216,0.5239397384436137,0.8686441256225814
-0.8716985178117993,0.8134355543043095,0.334002060824879
-0.862334786420811,0.6886528750540092,-1.1535419729629595
0.8652736552168813,-1.3428091431408828,0.9122808561254162
0.8512280581303987,-1.2829134571007363,2.5447367343937186
1.431779404371789,-0.8436784261396818,0.7305751942487139
0.9401835063448046,-1.1531394706804217,3.7267183790754563
-0.6937876213829874,0.49898320259355505,3.710663852171518
1.8578291826618454,-0.9834350269000186,-0.9074602900911214
-0.8061523980748709,0.6986354893940312,0.032966521927757536
-0.8248798608568509,0.6038006531638042,0.5615552405157784
0.9916840289952504,-1.3028786857807877,-1.339985036221152
-0.7686974725109076,0.7235920252440898,-0.5554187296532918
-1.1760197880189838,1.242687970925342,-1.0504771740189895
0.8137731325664354,-1.1331742420003776,0.1530859658450912
-0.6282415016460557,0.5688615029737164,-0.10426020475606743
0.20044872645657905,0.2793656871130206,-1.1524892171004062
-0.7593337411199192,0.658705032033936,-1.2760827553641658
-0.5767409789956098,0.25940045843297654,-0.6166891208538949
1.2445047765519857,-1.203052542380546,0.8260075131891718
0.37367775718989665,-1.0233654842601139,0.4834407555143225
0.6264985047466318,-0.13990411516798287,0.31810544730032353
-0.48310366508570646,0.7235920252440898,-0.7763395474101057
-0.8061523980748709,0.7385659467541265,0.09528966899091411
-0.7406062783379391,0.6187745746738408,-0.26091027710400116
-1.3539306844477954,1.1628270562051517,0.09439482650774354
-1.396067475707253,1.297592349795474,0.9434950674501222
-0.9746995631126943,1.0679922199749174,2.9292558131913187
1.1040488056871338,-1.3777482933309635,0.02122829406028805
-0.7406062783379391,0.6886528750540092,-0.754389587675869
-0.7359244126424417,0.5938180388237821,-0.3806612564694411
-0.6656964272100158,0.38418313768327683,1.273112928015566
-0.7312425469469475,0.7086181037340533,-0.3069683460907088
1.1134125370781223,-1.1231916276603484,-0.6496930171449414
0.33622283162593664,0.14460039352269832,-0.3998214131679115
-1.3492488187523013,1.1728096705451736,-0.47225101651157975
1.693963883319516,-1.2529656140806633,-0.4493535765010451
1.9889214221357088,-2.0665486827926185,-1.2503955123178647
-1.0215182200676427,0.9681660765746829,0.7894768847585717
0.7388632814385153,-1.1880786208705094,3.2361867849187385
-0.7686974725109076,0.6437311105238994,-0.6768541183988172
2.194923512737492,-1.3278352216308462,-0.41445471965740266
0.6920446244835636,-1.22301777106059,0.721679407210138
-0.8248798608568509,0.5988093459937897,1.4237622919469457
-0.810834263770365,0.658705032033936,-0.7598639181611463
1.656508957755556,-0.6789652895292863,-0.11284016503587707
1.375597016025849,-0.9534871838799455,-1.2846627156439752
-0.8951078462892768,0.7635224826041851,0.4180646164497614
0.7903638040889611,-1.1331742420003776,0.7714747595089099
-0.7125150841649674,0.6437311105238994,-0.13294780201064532
-0.8670166521163051,0.8034529399642875,0.5286566198109873
-1.3492488187523013,1.2576618924353786,-0.5474704228910143
-0.9653358317217027,0.8234181686443315,1.8044914496393534
1.6284177635825843,-1.0233654842601139,-0.32854984127305176
-0.9044715776802651,0.7934703256242583,1.3181708789328481
1.0946850742961423,-0.37948685932856135,-0.9816795784011303
-0.6891057556874933,0.658705032033936,0.01828057764513885
-1.3492488187523013,1.2776271211154229,0.23062143512214284
-0.6469689644280358,0.583835424483753,-0.8784042282846497
-0.7874249352928876,1.082966141484954,-0.7526525405026561
0.8933648493898529,-1.3677656789909414,-0.36134318639158763
-0.6937876213829874,0.7685137897741997,0.1626660441943265
-0.6844238899919958,0.5139571241035845,1.187892340941875
-0.7406062783379391,0.5638701958037089,0.12813565190257728
-0.7780612039018993,0.7635224826041851,-0.685381440885499
0.42517827984034257,0.2244613082428888,-0.4673557017507068
0.9870021632997563,-0.9135567265198502,0.14703261963540973
-0.8155161294658593,0.7884790184542508,2.469464690221156
0.49072439957727426,-0.08000842912784356,-1.0906924479685265
-0.899789711984771,1.2726358139454153,-0.45603857622825855
0.9870021632997563,-1.4426352865411174,1.2556371806971809
-0.792106800988385,0.7435572539241411,-0.7253861636625251
-0.9934270258946744,1.572114244146133,-0.6885923462662866
-0.2677378430929313,-0.5192434600888982,0.39269320016222614
-0.8155161294658593,0.7984616327942728,-0.5294156598482249
-0.773379338206405,0.5638701958037089,0.7712642083363992
-0.792106800988385,1.3025836569654885,-1.2971905104083596
1.9374208994852629,-1.0233654842601139,-1.0833757947237808
1.394324478807829,-0.9335219551998942,-1.4864760144954463
-0.7171969498604617,0.7535398682641631,-0.003195641950949041
1.4973255241087209,-0.6090869891491179,-1.1309077219180632
-1.222838444973932,1.1778009777151883,3.3084584748830235
-0.5111948592586781,1.1228965988450563,-0.3925047599231659
-0.9138353090712568,0.8383920901543681,-0.27885976456053524
0.785681938393467,-1.22301777106059,1.164521160793191
0.9870021632997563,-1.287904764270751,-0.8794043463540754
-0.7359244126424417,0.6287571890138628,-0.5529447533762917
1.8203742570978854,-0.9584784910499529,0.016911995023819456
-0.7827430695973934,0.7635224826041851,-0.3398669667955
0.49540626527276843,-1.1132090133203263,-0.23517039626457245
1.0946850742961423,-0.8137305831196086,1.1514669880975303
1.923375302398777,-1.128182934830363,-0.6820126221253282
-0.773379338206405,0.5538875814636869,-0.03362028637873985
-0.7359244126424417,1.157835749035137,-0.9941020975792595
0.9729565662132704,-1.4027048291810222,0.21061907373363012
-0.8342435922478393,0.6836615678839947,-0.8246084037081752
-0.8389254579433334,1.0230704554448147,-0.16879413913058594
-0.7265606812514533,0.903279083364522,-0.4905163307268798
-0.7452881440334334,0.7036267965640458,-0.35855338335582154
1.0993669399916364,-1.2479743069106486,0.07618215008557104
1.0150933574727246,-0.8187218902896161,-0.6660633708076455
-0.9278809061577427,0.8234181686443315,-1.5267439262381106
-1.3164757588838354,1.1877835920552102,0.6189304350249343
1.0291389545592105,-1.3428091431408828,-0.9709941063962142
1.389642613112335,-0.8786175763297625,1.2691124557378635
0.879319252303367,-1.3577830646509195,1.173680136797405
-0.8201979951613534,0.5938180388237821,0.8982265653603294
-0.6937876213829874,0.6636963392039505,-0.38276676819454775
-0.44564873952174644,0.7235920252440898,0.4170118605872077
0.5422249222277201,-0.1199388864879388,-0.4843050711378152
0.9682747005177763,-1.1780960065304873,0.283206590456681
-1.129201131064032,1.1728096705451736,-1.007261545861176
-0.7546518754244217,0.6287571890138628,-1.14496201268315
2.307288289429376,-1.3927222148410001,-0.9710993819824696
-0.5861047103865983,0.009835099932376032,-0.6017399876056378
0.33622283162593664,-0.02510405025771173,-0.6612206938399003
-1.3726581472297754,1.212740127905269,-1.532691996861537
-1.3258394902748272,1.2826184282854374,-0.4483534584316195
0.949547237735793,-0.7139044397193669,0.05986443421599477
-1.236884042060418,1.1528444418651225,-0.5978974287073183
-0.843607323638831,0.6487224176939139,-0.3705548001889292
-0.7031513527739758,0.8733312403444559,1.1903663172188754
-0.8248798608568509,0.8034529399642875,-0.3840827130227394
-0.8951078462892768,0.8383920901543681,0.4102215852737392
-0.6563326958190274,0.4939918954235405,0.5380787847808395
-0.8014705323793734,1.0879574486549686,-0.7819717912747659
-0.7359244126424417,0.6387398033538848,-0.9749419408807891
-1.2322021763649238,1.23270535658532,1.0731419519235632
1.2585503736384716,-1.203052542380546,3.3455154812449
-0.8061523980748709,0.6437311105238994,-0.6401129387957064
-0.6656964272100158,0.6636963392039505,-0.15421347043422234
-0.9231990404622484,0.8833138546844779,0.06807592994391068
0.8559099238258929,-1.3378178359708683,1.7044796426967879
-0.6750601586010074,0.46903535957348186,0.6749370469127707
-0.23496478322446546,0.8084442471342949,0.19967041276307543
-0.48310366508570646,0.7036267965640458,0.5894006330803138
0.785681938393467,-1.203052542380546,1.3363835553550207
0.9823202976042588,-1.4276613650310879,0.12445100638364084
-1.255611504842398,1.1528444418651225,0.298366274877449
0.20513059215207322,0.28934830145304974,-0.47146144961466474
-0.562695381909124,-0.06503450761780696,-0.6580624262522404
0.9823202976042588,-1.4076961363510367,-0.5318369983320975
-1.0730187427180886,1.1628270562051517,0.3714801695317767
1.0806394772096564,-1.3927222148410001,-1.5275334931350255
0.9963658946907447,-0.8386871189696672,-0.2472770886839357
0.7716363413069811,-1.2180264638905827,2.7825542837445134
2.410289334730267,-2.286166198273153,-0.3682387372913119
-0.6797420242965017,0.7186007180740824,1.3431211928753617
0.9542291034312904,-1.4526179008811464,-0.25269878137608526
-0.8951078462892768,0.6337484961838774,-0.27949141807806716
1.033820820254708,-0.8287045046296452,0.07902459091446538
2.3400613492978417,-1.4226700578610734,-1.1726494918683021
1.0010477603862422,-1.3028786857807877,-0.955413319630425
-0.9840632945036827,0.9332269263845951,1.0728261251647975
-0.8155161294658593,1.2676445067754007,-0.3925047599231659
1.3849607474168408,-0.8736262691597478,-0.09947016558144976
-1.3164757588838354,1.1728096705451736,-0.03914725465714475
-1.152610459541506,1.1628270562051517,0.21683033332269472
-1.1572923252370038,1.4423402577258182,-0.8900898183589917
-0.9044715776802651,1.6819230018863969,-0.8273455689508138
0.9729565662132704,-1.0882524774702678,0.5220242578769014
-0.7827430695973934,0.6387398033538848,-1.3480912563628125
-0.15537306640105122,0.25940045843297654,0.10129037740746806
0.6358622361376235,-0.9834350269000186,-0.3207068100970296
-0.7078332184694733,0.4939918954235405,1.33233044528419
-0.67037829290551,0.6836615678839947,1.640366810667291
-0.8857441148982851,0.8334007829843535,-0.41445471965740266
1.6518270920600584,-1.0383394057701505,-0.7760763584444672
0.4626332054043026,0.03479163578243467,-0.8685609609697762
-1.3492488187523013,1.242687970925342,-0.9806268225385771
-0.562695381909124,-0.0450692789377558,-0.013196822645205395
0.9776384319087646,-1.4276613650310879,-0.10736583455059971
-0.6797420242965017,0.5888267316537675,-0.4937272361076674
-0.10387254375060535,0.30432222296308636,-0.4862000316904112
-0.8716985178117993,0.6986354893940312,-0.9121450536794837
-0.63292336734155,0.573852810143731,-0.3074947240219854
1.0806394772096564,-1.4775744367312051,0.454647882673489
0.7575907442204953,-1.2080438495505534,3.6254432650978274
0.8090912668709411,-1.2180264638905827,1.7142176344254063
0.8184549982619328,-0.075017121957829,-0.6651158905313476
1.413051941589809,-1.1331742420003776,0.25162391458008165
0.47199693679529425,0.7585311754341776,-0.9658882404628306
1.0150933574727246,-0.7089131325493524,-0.5065708576308179
-1.3492488187523013,1.2177314350752835,-1.0109988291732401
-0.8389254579433334,0.6736789535439726,0.0796036066388693
-0.773379338206405,0.5538875814636869,0.01201668026294648
-1.3398850873613097,1.2926010426254593,2.222540802659276
-1.3352032216658154,1.297592349795474,-0.08883733136966125
-0.8904259805937826,0.8433833973243827,-0.06351855287525406
-0.8951078462892768,0.7984616327942728,0.8200594425657458
0.5609523850097001,-0.05505189327778493,1.180470412110874
1.0010477603862422,-1.43764397937111,-0.43677314394353284
-0.5720591133001157,-0.14489542233799743,-1.384727160379668
1.0946850742961423,-1.467591822391183,-0.32870775465243485
1.1742767911195597,-0.7388609755694255,-0.4648817254737066
-0.6422870987325416,0.5688615029737164,-0.4836207798271555
0.6218166390511377,-1.1531394706804217,1.1356230123661029
-0.9091534433757626,0.8932964690244999,0.6628303544934078
-0.7218788155559558,1.082966141484954,0.28041678742091514
-1.3867037443162613,1.2277140494153056,-1.2560803939756526
0.631180370442126,-1.2280090782306046,-0.9029334398821421
0.8278187296529211,-1.2579569212506778,-0.22801165639920998
0.9682747005177763,-1.287904764270751,-0.16632016285358558
-0.9466083689397227,1.5421664011260598,-0.5021492830080939
-1.1245192653685379,1.167818363375159,-0.4648817254737066
-0.6563326958190274,0.658705032033936,0.2829960392841704
0.804409401175447,-1.1531394706804217,-0.5547870761357598
-1.3492488187523013,1.212740127905269,-0.8827205273211183
-0.4596943366082323,-0.43938254536870774,-0.38239830364265404
1.464552464240255,-0.5941130676390812,-0.6482191589373667
0.9870021632997563,-1.4526179008811464,-0.0972593782700878
-0.8061523980748709,0.733574639584119,0.20909257773292764
-0.7499700097289275,0.7036267965640458,-0.6666423865320499
2.461789857380713,-1.3677656789909414,-0.8487165129606461
-0.6610145615145216,0.5638701958037089,-0.5504181393061636
-0.7593337411199192,0.5788441173137455,0.38295520843360825
0.9870021632997563,-1.4226700578610734,-0.41445471965740266
-0.10387254375060535,0.18952215805280814,0.2852068265955323
1.2210954480745115,-1.522496201261315,1.228212890477667
1.0478664173411905,-0.8486697333096892,-0.48298912630962354
0.9916840289952504,-1.3128613001208096,-1.2052849236074552
1.0900032086006481,-1.352791757480905,0.8576428268588991
-0.9934270258946744,0.9631747694046684,1.0860382112398417
1.0665938801231705,-1.43764397937111,3.2679800119678486
1.3334602247663916,-1.552444044281388,0.7738960979927829
-0.7171969498604617,0.6087919603338188,-1.0662685119572894
-1.152610459541506,1.1728096705451736,-0.12931579428483644
0.8512280581303987,-1.1631220850204507,1.4459228028536935
-0.8342435922478393,0.8034529399642875,0.5122336283551555
0.9214560435628246,-0.7039218253793449,-0.8910372986352896
-1.1245192653685379,1.2277140494153056,0.5594497287906721
1.871874779748331,-0.5791391461290446,0.006279160812030946
-0.899789711984771,0.7136094109040678,0.6899914557472832
0.49540626527276843,0.009835099932376032,-1.135645123299553
-1.3164757588838354,1.317557578475518,0.2041972629720549
-0.6984694870784817,0.6636963392039505,-0.44745861594844916
-1.377340012925273,1.2576618924353786,-0.12931579428483644
0.4439057426223226,0.059748171632493303,-0.0470429236262947
0.9682747005177763,-1.0932437846402823,0.9664977830469124
1.0104114917772304,-1.3178526072908172,-0.5240992427423307
-0.12728187222807955,0.2793656871130206,-1.153278783997321
-1.4054312070982413,1.2476792780953567,-0.05914961604565769
1.0806394772096564,-0.8336958117996527,-0.5264679434330757
0.930819774953813,-1.233000385400619,-0.30791582636700693
1.3006871648979257,-0.9035741121798211,0.4658597326096819
-0.6750601586010074,0.5638701958037089,0.5944538612205696
0.912092312171833,-1.3977135220110146,4.504968150467997
-0.7640156068154134,0.6487224176939139,-1.116274415428572
-0.6610145615145216,0.4740266667434893,0.1159236838969592
0.8559099238258929,-1.3278352216308462,0.18556348420486113
1.1508674626420856,-0.8436784261396818,-0.9517813119046161
-0.8763803835072967,0.818426861474317,0.1510857297062399
-0.8295617265523451,0.7934703256242583,0.13582076969921683
1.5441441810636725,-0.1948084940381147,-0.5477862496497803
-0.9044715776802651,0.8334007829843535,0.37111170497988344
-0.7078332184694733,0.6487224176939139,-0.1556346908486693
1.394324478807829,-0.8586523476497183,0.305946117087833
0.9589109691267846,-1.1681133921904583,1.2140006863331976
-0.773379338206405,0.5988093459937897,0.249044662716826
2.227696572605958,-1.3977135220110146,-0.30012543298411226
-0.8857441148982851,1.307574964135496,-0.7449674227060168
0.9963658946907447,-1.447626593711132,-0.6723799059829654
0.9963658946907447,-1.4526179008811464,0.2835750550085747
-0.7593337411199192,0.8433833973243827,0.467544141989767
0.32685910023494497,0.12463516484265426,0.3806391455359907
0.6873627587880694,-1.1631220850204507,1.3585967040548954
1.464552464240255,-1.0982350918102897,-0.544364793096482
-0.7452881440334334,0.6387398033538848,-0.9416748556241041
0.9776384319087646,-1.4276613650310879,-0.10462866930796115
1.4364612700672867,-0.8736262691597478,-0.3296552349287327
1.2117317166835198,-1.352791757480905,1.9207683346583675
1.2585503736384716,-1.5574353514513957,0.40095733368326963
1.0900032086006481,-1.532478815601337,2.992157975978879
0.9916840289952504,-1.447626593711132,0.2950500939104058
-0.7967886666838793,0.6686876463739581,-1.5911725850263738
1.2304591794654998,-1.2779221499307218,-0.2855974020808765
-0.23496478322446546,-0.5092608457488762,0.42474961617697476
1.2398229108564915,-1.6622528020216518,-0.8013951369388747
-1.129201131064032,1.0979400629949907,-0.10247051978972674
-0.8155161294658593,0.6087919603338188,-0.11689327510670725
-0.7827430695973934,0.733574639584119,0.15813919398534704
0.23790365202053906,0.18952215805280814,0.015438136816244738
-0.792106800988385,0.6087919603338188,-0.6926980941302445
-1.3352032216658154,1.2027575135652468,-0.0697824502574462
-1.0262000857631401,0.988131305254727,0.27320540976242486
-0.7593337411199192,0.573852810143731,-0.49972794452422137
-0.7640156068154134,0.6387398033538848,-1.2668711415668243
0.7903638040889611,-1.3478004503108902,0.8024257818679777
0.6218166390511377,-1.2280090782306046,-0.7179642348315242
0.9401835063448046,-0.723887054059389,-0.9301471789291453
-0.810834263770365,0.8134355543043095,3.1187518684509157
1.338142090461889,-0.9235393408598722,-0.2672268122793211
0.949547237735793,-1.1531394706804217,-0.39897920847786894
-0.4877855307812007,0.7086181037340533,-0.07173004860316998
0.574997982096186,-0.1049649649779022,0.17708879951130654
-1.077700608413586,1.4123924147057523,-0.7349662420117602
-0.810834263770365,0.6936441822240167,-0.40503255468755045
-0.8014705323793734,0.7385659467541265,-0.06967717467119088
0.7622726099159894,-1.1132090133203263,-0.5240992427423307
-0.7967886666838793,0.6636963392039505,-1.2409207095548846
1.6471452263645643,-0.7638175114194842,0.08560431505542325
-0.7499700097289275,0.9831399980847195,0.8932786128063291
1.1274581341646082,-1.3428091431408828,-0.6193736483034059
0.6452259675286118,-1.0034002555800627,0.6744106689814944
-0.8904259805937826,1.5920794728261842,0.07223431560099641
-1.3492488187523013,1.3475054214955913,0.8662754249318363
1.375597016025849,-0.8985828050098136,-0.6354281752073441
0.9776384319087646,-1.4076961363510367,-0.11052410213825979
-0.7967886666838793,0.6487224176939139,-0.6447450645909409
-0.7265606812514533,0.7834877112842362,0.06491766235625085
0.4158145484493542,0.10966124333261766,-0.6454293559016007
-0.7171969498604617,1.2227227422452909,-0.31575885754302907
-1.4054312070982413,1.2376966637553275,-1.0680055591305024
-0.65165083012353,0.2693830727729986,0.9560755000076345
1.4224156729808008,-0.8935914978397991,-0.7908149405202137
-0.09919067805510785,-0.6839565966992938,-0.050990758110869554
1.427097538676295,-0.8137305831196086,-0.20058736617969616
2.6069276939410626,-1.3478004503108902,-1.1992842151909011
0.9823202976042588,-1.4176787506910586,-0.0033535553303319044
0.9027285807808446,-1.3677656789909414,0.22362060863616323
-1.110473668282052,1.1328792131850784,0.15824446957160213
1.9327390337897654,-1.0383394057701505,-0.4583020013327483
-0.6891057556874933,0.6087919603338188,-0.3522368481805016
0.949547237735793,-0.7288783612294035,-0.9042493847103338
-0.7312425469469475,0.35423529466320364,2.1811674972609305
-0.7125150841649674,0.6437311105238994,0.8114268444928087
-0.6797420242965017,0.6187745746738408,-0.0682033164636164
1.0104114917772304,-1.4326526722010953,5.858285811780286
-0.7640156068154134,0.658705032033936,-1.2588175592182913
0.8512280581303987,-1.3428091431408828,1.0831957704109474
-0.7078332184694733,1.1328792131850784,-0.953992099215978
1.6611908234510502,-1.0283567914301213,-0.9332001709305501
1.745464405969962,-1.063295941620209,-1.0320539464243066
1.5535079124546642,-0.18981718686810722,-0.6556937255614954
0.8886829836943587,-1.382739600500978,1.809386764400226
2.410289334730267,-2.296148812613175,-1.1758077594559622
2.0872406017411063,-1.4027048291810222,-0.3866619648859951
1.0806394772096564,-1.2280090782306046,0.8985423921190956
-0.8482891893343251,0.6287571890138628,0.14208466708140896
-0.6563326958190274,0.5588788886336944,-0.6776436852957322
2.194923512737492,-1.382739600500978,-0.6503246706624733
-0.7499700097289275,0.5638701958037089,-0.3925047599231659
-0.7967886666838793,0.7036267965640458,-0.07083520611999963
0.5796798477916801,-0.0899910434678656,0.6439860245537034
1.0993669399916364,-0.8336958117996527,-1.4076772381833307
0.804409401175447,-0.5192434600888982,-0.8677187562797337
-0.810834263770365,0.8234181686443315,1.3044850527196552
-0.8201979951613534,0.6237658818438553,0.8859619595615833
0.537543056532226,-0.1349128079979754,-1.3328789341489173
0.7575907442204953,-1.1980612352105313,1.189787301494471
-0.7406062783379391,0.6237658818438553,-1.2014423647091355
-0.8529710550298193,0.6836615678839947,-0.20521949197493072
1.431779404371789,-0.8985828050098136,-0.6157416405775971
-0.12260000653258538,0.2793656871130206,-1.2595018505289508
0.9027285807808446,-1.372756986160949,-0.3730287764659296
-0.67037829290551,0.4740266667434893,0.6107189392970184
-0.843607323638831,0.6487224176939139,0.25230820589074116
-0.7312425469469475,0.6237658818438553,2.597953543245789
1.0104114917772304,-1.4226700578610734,-1.0863761489320578
0.8184549982619328,-1.3428091431408828,2.101631791845027
0.5281793251412343,-0.09498235063788016,-1.2601861418396105
0.08808394976469562,0.4340962093833941,-0.7774449410657867
-0.792106800988385,0.6537137248639214,-0.9846799326094072
-1.3492488187523013,1.212740127905269,-0.7653382486464234
0.4485876083178201,-0.30461725177838544,-0.8253979706050902
-0.8061523980748709,0.7385659467541265,-0.03883142789837878
-0.8576529207253167,0.6137832675038262,0.6445124024849801
-0.6984694870784817,0.3592266018332182,2.576635237029085
1.0853213429051538,-1.1930699280405168,-0.13547441608077324
0.5422249222277201,-0.0600432004477924,0.12034525851968313
-0.7031513527739758,0.9981139195947561,1.0876173450336712
0.5515886536187118,-0.07002581478781443,-1.0915872904516968
-0.8482891893343251,0.7934703256242583,0.5533437447878625
-0.5814228446911041,0.11465255050262514,-0.7394404544276119
0.40176895136286833,-1.0832611703002533,0.2896284012182562
-0.3192383657433772,-0.4244086238586712,-1.119906423154381
0.8278187296529211,-0.6440261393391985,-0.3998214131679115
-0.792106800988385,0.7735050969442142,-0.20142957086973873
-0.7874249352928876,1.1079226773350197,1.9963035677965677
-0.7406062783379391,0.6886528750540092,-0.3464466909364583
-0.2021917233559996,-0.5441999959389568,1.103777147523865
1.3100508962889175,-1.1880786208705094,0.6752002358784094
0.804409401175447,-1.1880786208705094,-0.3102318892646242
-0.67037829290551,0.4939918954235405,0.19072198793137252
-1.058973145631606,1.1628270562051517,0.3518462726951577
-0.7452881440334334,0.5938180388237821,-0.24443464785504182
-0.562695381909124,1.127887906015064,-1.1539630753079808
-0.6797420242965017,0.329278758813145,-0.5131505817717762
0.556270519314206,-0.1049649649779022,-1.1053257544580175
-0.9419265032442286,2.4805321490883228,-0.6269008527206622
0.9167741778673304,-1.3977135220110146,0.975814672430509
0.2753585775844991,0.1046699361626031,-1.0186313091767518
0.8184549982619328,-0.5791391461290446,-0.5268364079849692
-0.7265606812514533,0.6437311105238994,-0.6594836466666874
-0.9091534433757626,1.0879574486549686,0.7668426337136753
0.42986014553583674,0.06973078597251534,-0.589896484151913
-0.7312425469469475,1.1728096705451736,-0.3336557072064354
1.5628716438456527,-1.672235416361674,-0.4617760956791743
-1.3211576245793297,1.2876097354554519,1.2675333219440332
1.5441441810636725,-0.20479110837814382,-0.8119753333575355
-0.792106800988385,0.6736789535439726,-0.6721167170173272
-0.7686974725109076,0.7385659467541265,-0.0940484728893002
-0.6844238899919958,0.733574639584119,-0.2050615785955476
-1.2275203106694295,1.167818363375159,3.811570501597254
0.20513059215207322,0.26439176560298405,-0.864823677657712
-0.3473295599163489,1.2826184282854374,-0.4635657806455148
0.631180370442126,-1.1980612352105313,-0.08546851260949077
1.0010477603862422,-1.3478004503108902,0.4731237480612997
-0.8763803835072967,0.8833138546844779,1.595308859750009
0.9542291034312904,-0.7588262042494768,-0.2750172056622157
-0.8061523980748709,0.7535398682641631,-0.35139464349045885
0.804409401175447,-1.1331742420003776,-0.8777725747671178
-0.7406062783379391,0.7984616327942728,-0.18569087072456658
-0.8389254579433334,0.7834877112842362,-0.5546818005495046
-1.3398850873613097,1.2776271211154229,-0.6331647501028543
1.5815991066276327,-0.24472156573823906,0.10565931423706397
1.7595100030564477,-0.5841304532990521,-1.3256149186972992
-0.7967886666838793,0.6038006531638042,-0.618268254647725
1.6330996292780784,-1.0283567914301213,0.27146836258921175
0.8325005953484154,-1.148148163510414,0.946232232692761
-0.8389254579433334,0.818426861474317,-0.20827248397633524
1.0853213429051538,-1.128182934830363,-0.5240992427423307
-0.7218788155559558,0.4840092810835185,1.9678265217145003
1.0806394772096564,-1.3677656789909414,-0.019144893268631804
-0.7078332184694733,0.6986354893940312,-0.5028335743187536
-1.3492488187523013,1.1728096705451736,-0.6624840008749644
-0.7359244126424417,0.8483747044943901,3.292035483427192
-0.7125150841649674,0.5938180388237821,1.706900981180661
-0.7686974725109076,0.6736789535439726,-0.6181103412683419
-0.792106800988385,0.6886528750540092,-0.2655950406923635
-0.8716985178117993,0.8683399331744412,0.21282986104499207
0.5984073105736601,-1.0982350918102897,-0.5452596355796524
-0.7593337411199192,0.7186007180740824,-0.9452015877636577
-0.8763803835072967,0.6137832675038262,5.858285811780286
-0.16941866348753373,-0.5392086887689495,-0.6579045128728573
-0.8295617265523451,0.6986354893940312,-0.7844457675517663
0.949547237735793,-1.4775744367312051,0.8415356621618335
-1.3352032216658154,2.001366660767166,-0.42656141207676584
-0.7546518754244217,0.6137832675038262,0.18482655510107365
0.500088130968266,-0.11494757931792424,-1.337142595392258
0.8465461924349013,-1.1581307778504362,2.096315374739133
0.5890435791826718,0.1196438576726397,-0.9846799326094072
-0.881062249202791,0.8483747044943901,-1.141593193922979
0.8325005953484154,-1.3028786857807877,3.607283226468782
1.0712757458186681,-1.4725831295611906,5.638891490024176
-0.6797420242965017,0.5588788886336944,-0.08083638681425621
0.33154096593044247,0.11465255050262514,0.07565577215429467
-0.8482891893343251,0.7934703256242583,0.883224794318945
1.5769172409321384,-1.637296266171586,-1.0528985125028623
-0.7359244126424417,0.9332269263845951,-0.505307550595754
-0.6844238899919958,0.16955692937275696,-0.09641717358004524
-0.7265606812514533,0.6337484961838774,-1.2118120099552856
-0.7499700097289275,0.6237658818438553,-1.0093670575862825
-1.2930664304063613,1.3125662713055106,0.7320490524562884
-0.7593337411199192,0.6437311105238994,-0.8105014751499607
1.1180944027736197,-0.8137305831196086,-0.25396208841114937
0.3221772345394508,-0.030095357427719203,-0.8618759612425628
0.3596321601034108,1.2726358139454153,-0.9320421394817413
0.949547237735793,-0.6889479038693083,0.6719893304976218
-0.7593337411199192,0.7435572539241411,-0.6704849454303694
0.5609523850097001,-0.005138821577660568,0.852115858580494
-0.6797420242965017,0.4540614380634453,2.3795067017659752
-0.6750601586010074,0.6187745746738408,-0.07173004860316998
-0.5907865760820957,0.9681660765746829,-0.07657272557091517
-0.7312425469469475,0.8234181686443315,-0.34660460431584117
-1.218156579278438,1.3325314999855546,-0.20827248397633524
1.9374208994852629,-1.0133828699200846,-0.8055535225959601
0.912092312171833,-1.233000385400619,0.9248612886829285
1.6096903008006043,-1.6672441091916592,-0.7518629736057411
-0.6891057556874933,0.7186007180740824,-0.7311236831134407
-0.7359244126424417,0.7136094109040678,-0.04472686072867742
-0.6469689644280358,0.6437311105238994,-0.6669582132908158
1.033820820254708,-1.3178526072908172,1.6760552344078485
-0.810834263770365,0.583835424483753,2.1169493896451783
-0.6563326958190274,0.658705032033936,0.15582313108772955
-1.3492488187523013,1.2077488207352542,-0.6297959313426839
-0.35201142561184307,-0.4194173166886566,0.6280894110291483
1.427097538676295,-0.8886001906697845,-0.17390000506396958
1.0244570888637163,-1.3128613001208096,1.6564213375712291
-0.7827430695973934,0.5588788886336944,1.292799462645313
-1.2930664304063613,1.167818363375159,0.8139534585629368
-0.7874249352928876,0.7784964041142217,0.6397750011034901
1.5581897781501584,-1.0233654842601139,-0.9953654046143234
1.904647839616797,-1.118200320490341,-1.2024424827785611
0.5609523850097001,-0.09498235063788016,0.078392937396933
1.0150933574727246,-1.4176787506910586,0.824902119533491
0.9401835063448046,0.29433960862305725,-0.43198310476891544
-0.7218788155559558,0.5988093459937897,0.8694336925194964
-1.3024301617973497,1.2926010426254593,0.1145024634825118
1.1227762684691138,-0.40943470234863455,-0.6639052212894113
-0.7406062783379391,0.7685137897741997,-0.18832276038094983
0.8278187296529211,-1.2629482284206852,0.23004241939773845
-0.6235596359505616,0.5688615029737164,-0.14126457332481657
-0.6844238899919958,0.7136094109040678,-0.8267665532264097
-0.6750601586010074,0.5788441173137455,0.14329533632334526
-0.7406062783379391,0.733574639584119,-0.5040968813538175
-0.937244637548731,0.8284094758143461,0.5483957922338618
-1.1432467281505179,2.05127973246729,-1.5110578638860663
-0.6376052330370441,0.1645656222027495,-0.31133728292030516
1.413051941589809,-1.1880786208705094,-0.2755435835934923
0.4860425338817801,-1.063295941620209,-0.2763857882835349
-0.6610145615145216,0.6936441822240167,1.1126729345624402
-0.7780612039018993,0.583835424483753,0.4030628454083765
-0.7686974725109076,0.6437311105238994,-1.2676080706706114
2.4149712004257617,-1.9517486178823475,-1.0316854818724128
-0.810834263770365,0.7285833324141044,0.669357440841238
0.9916840289952504,-1.4276613650310879,0.4863358341363439
-1.3117938931883413,1.1728096705451736,-0.04556906541871998
0.930819774953813,-1.4126874435210512,-0.40261121620367785
1.0946850742961423,-0.8586523476497183,-1.1007989042490383
-0.4316031424352606,0.8034529399642875,-0.2161681529454852
-0.918517174766751,0.8783225475144634,2.0466779358197438
-0.7780612039018993,0.7635224826041851,-0.43245684490706426
0.9682747005177763,-0.7188957468893815,-0.3294973215493499
0.5422249222277201,-0.149886729508012,-0.11499831455411125
0.9542291034312904,-1.233000385400619,1.554198743317302
1.4224156729808008,-0.7937653544395574,-0.047937766109465034
0.8184549982619328,-1.3178526072908172,3.9198990798539906
-0.7967886666838793,0.5788441173137455,0.6258259859246583
2.4149712004257617,-2.296148812613175,-1.001102924065239
1.4692343299357524,-0.7837827400995354,1.3729141837856207
1.0806394772096564,-1.372756986160949,0.8679598343119215
0.949547237735793,-0.7039218253793449,0.3422135565527949
-1.3164757588838354,1.242687970925342,1.1068301395252693
-0.7827430695973934,0.7136094109040678,0.09628978706033976
0.9916840289952504,-0.9734524125599895,0.23804336395314374
0.9635928348222788,-1.2928960714407585,0.27710060645387197
-1.3539306844477954,1.2926010426254593,0.6522501580747467
-1.3352032216658154,1.9963753535971582,0.0878151023667852
0.9261379092583187,-0.7588262042494768,0.008279396950882263
1.3802788817213432,-0.9634697982199675,-0.6782753388132641
1.0150933574727246,-0.8137305831196086,-0.06109721439138146
-0.8576529207253167,0.6487224176939139,-0.2740697253859176
1.3006871648979257,-1.3178526072908172,0.8716444798308584
-0.8857441148982851,0.8334007829843535,-0.8738773780756705
1.0431845516456963,-1.352791757480905,-0.0059328071935876
-0.8857441148982851,1.317557578475518,-0.10004918130585415
-0.7406062783379391,0.5988093459937897,-0.4129282236567004
-0.862334786420811,0.7585311754341776,-0.32854984127305176
0.7575907442204953,-1.1780960065304873,0.4312767025248056
-0.562695381909124,-0.06503450761780696,-0.6227951048567042
1.637781494973576,-1.8169833242920181,0.09276305492078596
-0.6937876213829874,0.6636963392039505,-0.25269878137608526
-0.8248798608568509,0.6886528750540092,-0.5240992427423307
1.033820820254708,-1.3128613001208096,1.1558885627202542
0.7014083558745553,-1.1780960065304873,0.9847630972622125
-0.7406062783379391,0.6836615678839947,-0.9741523739838741
-0.7218788155559558,0.5988093459937897,-0.5139927864618188
-0.8061523980748709,0.6487224176939139,-0.6020558143644038
2.3400613492978417,-1.3278352216308462,-0.8116595065987695
-0.9138353090712568,0.8733312403444559,2.593321417450554
0.9027285807808446,-1.372756986160949,0.8834353454914556
1.0572301487321822,-1.3428091431408828,1.4802426439729315
-0.7967886666838793,1.0080965339347783,0.1662454141270074
-0.8904259805937826,0.7285833324141044,0.6195094507493387
-0.6656964272100158,0.5638701958037089,0.5261826435339871
-0.8482891893343251,0.5888267316537675,0.374269972567543
-0.7780612039018993,1.082966141484954,-0.004669500158523523
-0.6984694870784817,1.1428618275251006,-0.2000609882484193
0.7763182070024753,-1.1731046993604728,1.4291839846390955
0.7810000726979694,-1.1581307778504362,0.8026363330404884
0.556270519314206,-0.07002581478781443,-0.8067115540447689
1.0946850742961423,-1.4775744367312051,-0.6669582132908158
0.7763182070024753,-0.36950424498853934,-1.1984946482939862
-0.562695381909124,-0.11494757931792424,0.43427705673308253
-0.6797420242965017,0.6337484961838774,-0.2895978743585791
-1.2790208333198754,1.2277140494153056,0.3189476519903665
1.2398229108564915,-0.8686349619897404,-1.0117883960701552
1.0478664173411905,-0.8586523476497183,-0.639218096312536
-0.7078332184694733,1.167818363375159,-0.782129704654149
0.9823202976042588,-1.4126874435210512,-0.20727236590690956
1.0478664173411905,-1.3627743718209269,-0.8684556853835209
1.4224156729808008,-0.8436784261396818,0.18772163372309505
-0.4316031424352606,0.7385659467541265,-0.7734971065812118
-0.4503306052172406,0.6986354893940312,0.36595320125337205
0.4673150710998001,0.06973078597251534,-0.12931579428483644
-1.377340012925273,1.9863927392571292,-0.6810125040559026
-0.7452881440334334,0.5988093459937897,0.10918604637661777
-0.8201979951613534,1.1029313701650052,0.6126665376427421
0.3128135031484591,0.1196438576726397,0.8227439700152567
-1.1432467281505179,1.157835749035137,0.3714801695317767
-0.7967886666838793,0.818426861474317,-0.04072638845097478
-0.7359244126424417,0.6337484961838774,-1.2647129920485898
-0.7406062783379391,0.6986354893940312,-0.6708534099822632
0.7997275354799528,-1.233000385400619,-0.3740815323284828
-0.3239202314388747,1.1877835920552102,-0.9045652114690997
0.9027285807808446,-1.3627743718209269,0.8776978260405398
-1.204110982191952,1.2027575135652468,1.0503497874992842
1.8344198541843677,-1.3028786857807877,-0.32670751851358354
0.9823202976042588,-1.447626593711132,3.6110731475739746
-0.7078332184694733,0.7635224826041851,0.7128362579646902
-0.7874249352928876,0.6487224176939139,-0.8296089940553035
1.0759576115141622,-1.3927222148410001,-0.43198310476891544
0.879319252303367,-0.6290522178291619,0.4173276873459739
0.9542291034312904,-0.7438522827394402,-0.23896031736976445
-0.792106800988385,0.6786702607139872,-0.5775792405600392
1.0853213429051538,-0.8486697333096892,-1.1314340998493397
-0.63292336734155,0.5588788886336944,-0.1575296514012653
-0.6844238899919958,0.6287571890138628,-0.3623433044610133
-0.63292336734155,0.16955692937275696,0.8601694409290273
0.785681938393467,-1.1681133921904583,-0.6791701812964344
-0.7780612039018993,0.6487224176939139,-1.4291008199862905
-0.8342435922478393,0.8433833973243827,-0.3705548001889292
-0.7593337411199192,0.6237658818438553,-0.3768186975711216
-0.7593337411199192,0.8334007829843535,-0.041568593141017345
-0.7312425469469475,0.6537137248639214,-0.6556937255614954
-1.4241586698802213,1.23270535658532,-0.9460437924537005
-0.7406062783379391,0.5588788886336944,-0.06093930101199836
0.9729565662132704,-1.2829134571007363,-0.6635367567375176
-0.7593337411199192,0.7685137897741997,1.242898834760286
-0.810834263770365,0.658705032033936,-0.694066676751564
2.419653066121256,-2.2212792050629924,0.05712726897335621
1.4551887328492668,-0.7937653544395574,0.6850435031932829
1.0150933574727246,-1.4176787506910586,1.0502971497061566
-0.014917095536196127,-0.7638175114194842,-0.347130982247118
1.534780449672681,-0.21976502988818042,-0.9353056826556567
0.8371824610439128,-1.3178526072908172,4.261518357252541
0.9729565662132704,-0.7139044397193669,-0.8530854497902425
-0.7312425469469475,0.6187745746738408,5.858285811780286
-0.8201979951613534,0.6038006531638042,0.19724907427920282
-1.4054312070982413,1.2676445067754007,0.7254693283153301
-0.9466083689397227,1.1778009777151883,-0.12810512504290014
-0.7031513527739758,0.7635224826041851,1.167047774863319
0.9963658946907447,-1.2829134571007363,0.894541919841393
-0.918517174766751,0.8833138546844779,1.5399339013797044
-1.171337922323486,1.1778009777151883,-0.05035910459333763
-0.7874249352928876,0.5988093459937897,-0.8637709217951588
-0.7312425469469475,1.212740127905269,0.903700895845607
0.8184549982619328,-1.2579569212506778,1.2726391878774173
0.9823202976042588,-1.43764397937111,-0.3294446837562221
-0.7265606812514533,0.9332269263845951,-0.047621939350699076
-0.6422870987325416,0.6337484961838774,0.49444205427800425
-0.7265606812514533,0.6786702607139872,-0.6264271125825132
-0.5533316505181324,-0.1199388864879388,1.3931270963466442
-0.899789711984771,0.8084442471342949,1.17831226259264
-0.65165083012353,0.5638701958037089,-0.0766780011571705
-0.6937876213829874,0.7186007180740824,-0.6668529377045606
-0.7125150841649674,0.6986354893940312,0.5773992162472059
-0.7359244126424417,0.5688615029737164,0.699676809682774
-0.9044715776802651,0.8932964690244999,0.809742435112723
-0.8061523980748709,0.7685137897741997,0.19635423179603226
-0.8389254579433334,0.6187745746738408,0.7592627915032918
-0.7967886666838793,0.7784964041142217,-0.31354807023166714
0.9355016406493104,-1.43764397937111,0.9881845538155102
-1.1619741909324979,1.1129139845050273,-0.44219483663568243
-0.6376052330370441,0.5439049671236578,0.5920851605298246
1.445825001458275,-0.6040956819791032,-0.12110429855692052
-0.7827430695973934,0.8433833973243827,0.8823299518357745
1.413051941589809,-1.063295941620209,-0.7653382486464234
-0.773379338206405,1.0380443769548513,0.5087068962156022
-0.7359244126424417,0.7385659467541265,-0.6535882138363888
-0.8482891893343251,0.6487224176939139,0.136083958664855
1.1883223882060456,-1.3028786857807877,0.7272590132816706
0.9261379092583187,-0.6140782963191252,0.05165293848807886
0.5515886536187118,-0.09997365780788764,-0.23306488453946583
-0.9419265032442286,0.9232443120445731,-0.5828430198728058
1.0806394772096564,-1.2579569212506778,1.2220016308886024
-0.8061523980748709,0.733574639584119,-0.12199914104009087
-0.6469689644280358,0.5239397384436137,0.41680130941469706
-0.792106800988385,0.6287571890138628,-0.34218302969311726
1.1180944027736197,-1.2829134571007363,-0.9571503668036381
0.4626332054043026,-1.128182934830363,-0.1951130356944188
0.8371824610439128,-1.2729308427607144,0.7419975953574174
1.4036882101988208,-0.9484958767099309,-0.8852471413912465
-0.7546518754244217,0.7934703256242583,-0.35413180873309735
1.8156923914023877,-1.3228439144608317,-0.9320421394817413
0.6218166390511377,-1.203052542380546,-0.10989244862072764
-1.199429116496458,1.127887906015064,-0.3012308266397932
1.1040488056871338,-1.22301777106059,0.3049459990184073
-0.7312425469469475,0.5638701958037089,1.7353253894696001
-0.7546518754244217,0.978148690914705,2.0260439209136987
-0.3473295599163489,1.2626531996053862,-0.36618586335933306
0.5656342507051977,-0.4343912381986932,-0.5539975092388448
-1.4007493414027472,1.2476792780953567,-0.858349229103009
-0.13196373792357372,0.2693830727729986,-0.6227951048567042
0.8699555209123787,-0.6240609106591474,-0.16632016285358558
-0.7171969498604617,0.8134355543043095,-0.26749000124495953
-1.0496094142406145,1.212740127905269,-0.008406783470587976
1.8250561227933795,-1.307869992950795,-0.8978275739487586
0.9448653720402987,-1.4176787506910586,-0.19306016176243995
0.8512280581303987,-1.2779221499307218,1.5028242572247
-0.5018311278676865,0.7235920252440898,0.06470711118373997
-0.7312425469469475,0.7385659467541265,-0.8044481289402792
0.9916840289952504,-1.4126874435210512,-0.5278365260543949
0.7997275354799528,-0.24971287290824654,-1.116274415428572
-1.3632944158387872,1.167818363375159,-0.3340241717583291
-0.6750601586010074,0.1945134652228156,-1.1450672882694053
0.7716363413069811,-1.1531394706804217,0.1498750604643036
-0.7546518754244217,0.6087919603338188,-1.2695030312232074
-0.918517174766751,1.1179052916750418,-1.027105993870306
1.0478664173411905,-1.2679395355907,1.4268679217414784
-0.7218788155559558,1.1079226773350197,-0.6740116775699232
-0.7359244126424417,1.0180791482748002,-0.4906216063131351
-0.6750601586010074,0.6237658818438553,0.15919194984790025
-0.7874249352928876,1.1628270562051517,0.482703826410535
-0.8576529207253167,0.8334007829843535,0.2654676541726578
1.464552464240255,-0.8586523476497183,1.125937658430612
-0.8576529207253167,0.9382182335546098,0.7282064935579688
-0.7265606812514533,0.6537137248639214,-0.7838141140342341
-0.7640156068154134,0.5488962742936724,-0.8330830884017293
1.534780449672681,-0.7438522827394402,-0.7018570701344583
-0.7452881440334334,0.5289310456136211,4.123554701464929
-0.7125150841649674,0.6287571890138628,1.0502445119130286
-0.8716985178117993,0.7934703256242583,0.1183450223808318
0.7622726099159894,-1.0932437846402823,0.40801079796237727
0.49072439957727426,-1.1132090133203263,-0.4583020013327483
-0.7452881440334334,0.7984616327942728,0.13071490376583297
0.4158145484493542,-0.08000842912784356,-0.6730115595004975
-0.8248798608568509,0.7136094109040678,-0.4062432239294867
-0.7640156068154134,0.583835424483753,0.8281656627074062
1.1134125370781223,-0.8586523476497183,0.3244746202687712
-0.7312425469469475,0.6038006531638042,-0.2338018136432533
1.7267369431879818,-0.2996259446083709,-0.16079319457518068
-0.8014705323793734,0.5888267316537675,0.7260483440397344
-0.6750601586010074,0.16955692937275696,1.358859893020534
0.5141337280547484,-0.1199388864879388,-0.9315157615504647
-1.3632944158387872,1.2526705852653641,-0.3570795251482468
0.9261379092583187,-1.4226700578610734,0.43654048183757205
-0.46437620230372645,0.6786702607139872,1.094933998278417
-0.8061523980748709,0.6736789535439726,-1.2393942135541827
1.6986457490150102,-0.7139044397193669,-0.4007162556510818
0.9870021632997563,-1.457609208051154,0.3704274136692235
2.0544675418726404,-0.6739739823592718,-0.6447450645909409
-0.843607323638831,0.6986354893940312,0.23256903346786661
-1.3867037443162613,2.031314503787239,-0.8911952120146727
1.3334602247663916,-0.9285306480298868,-0.42540338062795713
-0.0008714984497102839,0.9382182335546098,0.8983318409465849
0.4158145484493542,-0.010130128747675132,-0.28912413422043004
0.7903638040889611,-1.148148163510414,-0.6145836091287883
0.8090912668709411,-1.2579569212506778,0.6061394512949113
0.537543056532226,-0.40943470234863455,-1.1329079580569144
-0.6656964272100158,1.2227227422452909,0.3824288305023314
-0.13664560361906788,0.2793656871130206,-0.4473533403621938
-0.843607323638831,0.818426861474317,-0.7245439589724822
1.1087306713826282,-1.2280090782306046,0.9784465620868923
-0.6750601586010074,0.18453085088279356,0.5952960659106122
0.8886829836943587,-1.467591822391183,1.8013858198448212
-0.7312425469469475,0.9981139195947561,-0.38155609895261144
0.9823202976042588,-1.4326526722010953,0.6062447268811669
0.804409401175447,-1.183087313700495,-0.7892358067263837
-0.8295617265523451,0.7884790184542508,-0.23896031736976445
1.394324478807829,-0.8985828050098136,-0.059886545149445164
-0.8201979951613534,0.6038006531638042,-0.642534277279579
0.20044872645657905,0.2993309157930718,-0.9978393808913237
-0.7359244126424417,0.583835424483753,-0.09173240999168292
-0.4924673964766982,0.7535398682641631,-0.005616980434821639
-1.166656056627992,1.1877835920552102,-0.8127122624613227
0.9167741778673304,-0.5591739174489935,-0.7790767126527443
1.0150933574727246,-1.3278352216308462,-1.0358438675294985
-0.7874249352928876,1.0280617626148223,0.593611656530527
1.2445047765519857,-1.4426352865411174,-0.14342272284305096
0.3221772345394508,0.11465255050262514,0.028597585098161165
0.24258551771603323,-0.40444339517862,-0.5919493580838919
0.33154096593044247,0.1346177791826763,-1.277767164744251
-0.7546518754244217,0.5389136599536503,-0.37602913067420657
-0.7265606812514533,0.7585311754341776,-0.6028453812613188
0.9870021632997563,-0.9285306480298868,-0.41277031027731725
-1.3445669530568072,1.2227227422452909,-0.73091313194093
1.2257773137700056,-1.2280090782306046,0.1157131327244481
-0.843607323638831,0.7834877112842362,-0.8582965913098815
-0.6469689644280358,0.5538875814636869,-0.09041646516349129
-0.6844238899919958,0.5139571241035845,-0.5357848328166726
1.0525482830366881,-1.3627743718209269,-1.1441198079931074
-1.3445669530568072,1.2476792780953567,-0.7801294685152976
-0.8248798608568509,0.5688615029737164,1.5535144520066424
0.7997275354799528,-1.2529656140806633,4.472280080935716
-0.7218788155559558,0.6786702607139872,-0.5789478231813585
-0.8201979951613534,0.8034529399642875,1.2553739917315427
0.181721263674599,-0.11494757931792424,-0.43198310476891544
-0.6984694870784817,0.9581834622346538,2.519575869278694
-0.0008714984497102839,0.9482008478946318,-0.4221398374540417
1.4364612700672867,-1.956739925052355,-0.2938088978087924
-1.3024301617973497,1.9963753535971582,-1.1209591790169342
-0.8529710550298193,0.8483747044943901,-0.05804422238997671
-0.7171969498604617,1.5671229369761186,-0.7305446673890362
-0.16941866348753373,0.3692092161732402,-0.6529565603188568
0.7341814157430211,-0.5342173815989348,-0.9812058382629812
-0.7265606812514533,0.5988093459937897,-0.6313224273433861
0.766954475611487,-1.1681133921904583,0.5977174043944848
-0.792106800988385,0.7086181037340533,0.20461836531707617
-0.5158767249541724,0.8334007829843535,0.05575868635203682
-0.9278809061577427,0.9681660765746829,2.0585214392734685
-0.7452881440334334,0.9182530048745585,-0.3793453116412495
-0.7265606812514533,0.8483747044943901,0.9110701868834798
-0.7125150841649674,0.5289310456136211,5.303957212352836
0.7810000726979694,-1.1780960065304873,-0.6081617983672131
0.9916840289952504,-1.4176787506910586,-0.678906992330796
0.9823202976042588,-1.307869992950795,-1.372883656925943
-0.7499700097289275,0.6437311105238994,-1.353723500227473
0.949547237735793,-0.6839565966992938,1.5763592542240494
-0.8014705323793734,0.5788441173137455,0.7175210215530523
0.930819774953813,-1.43764397937111,1.500139729775189
1.427097538676295,-0.7039218253793449,-0.30228358250234644
-0.7499700097289275,0.7934703256242583,-0.6556937255614954
-0.8482891893343251,0.6038006531638042,-0.27064826883261933
0.7997275354799528,-1.1930699280405168,-0.0470429236262947
-0.8248798608568509,0.6087919603338188,-0.1335794555281775
-0.8248798608568509,0.6487224176939139,0.21377734132128973
-0.7265606812514533,0.8334007829843535,0.7060459826512216
2.7052468735464568,-1.4076961363510367,-1.1190115806712109
0.6545896989196035,-1.108217706150319,0.033334986479651274
-0.8061523980748709,0.7984616327942728,1.1248322647749314
-0.9466083689397227,2.4855234562583304,-0.8908793852559067
-0.8061523980748709,0.7435572539241411,0.6569349216631089
-0.7780612039018993,0.5339223527836358,-0.8455582453729863
-0.7546518754244217,0.8533660116644047,1.1058826592489712
-0.7780612039018993,0.6087919603338188,-0.6302170336877051
1.0665938801231705,-1.3577830646509195,0.876434519005476
-0.6610145615145216,0.583835424483753,-0.11136630682830236
1.0010477603862422,-1.3328265288008536,-0.6472190408679414
-0.8482891893343251,0.6836615678839947,-0.7590743512642313
-0.8014705323793734,1.1428618275251006,-0.9018280462264612
-1.3492488187523013,1.1778009777151883,-0.5613141624835905
1.0010477603862422,-1.4226700578610734,-1.313666139657319
1.0478664173411905,-1.4626005152211685,1.2822192662266525
-0.6891057556874933,0.7186007180740824,-0.8744037560069473
-0.7593337411199192,0.6487224176939139,-1.2729244877765058
-0.562695381909124,-0.12493019365794628,-0.41761298724506246
1.4036882101988208,-0.8736262691597478,-0.43998404932432045
-0.7452881440334334,0.5938180388237821,1.2732182036018216
1.0197752231682222,-1.3228439144608317,0.7791598773055494
-0.862334786420811,0.6137832675038262,0.6078238606749969
-0.8951078462892768,0.7535398682641631,3.1303848207321296
-0.6937876213829874,0.7884790184542508,-0.389662319094272
0.9916840289952504,-1.447626593711132,0.07276069353227278
1.033820820254708,-1.3378178359708683,-0.11136630682830236
-0.7452881440334334,0.5688615029737164,0.37511217725758605
-0.7265606812514533,0.6087919603338188,-0.012354617955162833
0.785681938393467,-0.45435646687874437,-0.7978157670061934
-0.7406062783379391,1.127887906015064,-0.6161101051294906
-0.7546518754244217,0.6836615678839947,-0.589896484151913
1.394324478807829,-0.8486697333096892,-0.4871475119667093
0.8652736552168813,-1.3228439144608317,-0.6899082910944782
0.4579513397088084,-0.30960855894839295,-0.8304511987453461
1.2210954480745115,-1.532478815601337,-0.041568593141017345
-1.3726581472297754,1.2277140494153056,-1.1214329191550834
1.0104114917772304,-1.43764397937111,3.599913935430909
1.033820820254708,-1.3428091431408828,-0.6301117581014498
-0.7406062783379391,0.5139571241035845,2.4709911862218585
-0.9466083689397227,0.8234181686443315,-0.15921406078135064
-1.133882996759526,1.1129139845050273,0.07381344939482645
2.3962437376437817,-1.60734842315152,-0.9188826911998249
-0.7359244126424417,0.6636963392039505,-1.121801383706977
-0.7265606812514533,0.5538875814636869,2.0907357686676002
-1.3258394902748272,1.2576618924353786,-0.45645967857328007
-0.7452881440334334,1.053018298464888,0.19593312945101096
-0.7593337411199192,0.5638701958037089,0.6843592118826229
-0.7593337411199192,0.7036267965640458,-1.1068522504587197
-0.8201979951613534,0.5988093459937897,0.8752764875566672
-0.7031513527739758,0.9531921550646464,1.323066193693721
1.0010477603862422,-1.352791757480905,-0.06351855287525406
-0.7171969498604617,0.5888267316537675,2.6704884221757124
-0.8857441148982851,0.8783225475144634,-0.29791464567275033
-0.6844238899919958,0.19950477239283018,-0.11105048006953638
0.9214560435628246,-1.22301777106059,-0.3327082269301375
1.389642613112335,-0.9385132623699088,0.41680130941469706
1.3147327619844116,-1.6223223446615496,0.42559182086701736
-0.773379338206405,0.5688615029737164,1.9328223892846028
2.8550665758023004,-1.532478815601337,-1.053424890434139
-0.7218788155559558,0.49898320259355505,3.903581363984414
0.9776384319087646,-1.2529656140806633,1.219264465645964
-0.7499700097289275,0.818426861474317,0.48480933813564137
-0.7967886666838793,0.6736789535439726,-0.8812993069066714
0.9916840289952504,-1.4276613650310879,0.04175703338007783
-0.7780612039018993,1.3524967286656058,-0.77533942934068
-0.7499700097289275,0.8084442471342949,-0.5972131373966586
1.1134125370781223,-0.8636436548197258,-0.3115478340928158
1.1180944027736197,-1.2629482284206852,-0.1149456767609837
1.1087306713826282,-1.2379916925706267,-0.8024478928014279
-0.7171969498604617,1.0979400629949907,-1.1438039812343412
-0.881062249202791,0.7934703256242583,-0.277333268559833
1.394324478807829,-0.8786175763297625,-0.6120569950586604
-0.6891057556874933,0.6537137248639214,-0.1731630759601821
0.6218166390511377,-1.2429829997406412,0.33126489558224015
-0.7686974725109076,0.5488962742936724,-0.42240302641968014
-0.6844238899919958,0.3692092161732402,2.2471226520498955
0.9214560435628246,-0.6490174465092131,-0.6362703798973866
0.9776384319087646,-1.4176787506910586,0.5004427626945582
-0.8670166521163051,1.297592349795474,-0.7030677393763947
1.731418808883476,-0.2996259446083709,-1.5487991615586025
-0.8248798608568509,0.7635224826041851,0.9585494762846346
0.9963658946907447,-0.6490174465092131,-0.6870132124724565
0.2332217863250449,0.3742005233432548,-0.5158877470144148
1.0900032086006481,-0.3345650947984516,-1.1820716568381544
-1.3726581472297754,1.212740127905269,-1.3958863725227333
1.1227762684691138,-1.1880786208705094,0.1084491172728303
-0.8155161294658593,0.6337484961838774,-0.3082842909189004
-0.7265606812514533,0.7036267965640458,-0.35139464349045885
1.1742767911195597,-0.8486697333096892,-0.9188826911998249
1.375597016025849,-0.9634697982199675,-0.2698587019357043
-0.3098746343523888,-0.4244086238586712,0.13387317135349305
0.7107720872655436,-1.2529656140806633,1.719112949186279
1.2585503736384716,-1.4526179008811464,-0.3859250357822076
-0.8529710550298193,0.7834877112842362,0.25946694575610385
1.3053690305934231,-1.5175048940913003,0.43427705673308253
-0.8201979951613534,1.0031052267647635,-0.7288076202158233
-0.7499700097289275,0.5439049671236578,-0.19111256341671617
-0.7265606812514533,1.082966141484954,-0.009248988160630536
1.2725959707249574,-1.3028786857807877,1.1348334454691877
-0.7967886666838793,0.7984616327942728,0.35553091821409416
0.6686352960060894,-1.0183741770900994,0.9069118012263946
0.5515886536187118,-0.1199388864879388,0.8320082216057257
-0.525240456345164,0.7485485610941556,0.524287682981391
1.7361006745789735,-1.2379916925706267,-0.5240992427423307
-0.6984694870784817,0.5938180388237821,2.0215697084978475
1.1602311940330738,-1.5125135869212858,-0.03362028637873985
-0.7312425469469475,0.8234181686443315,0.4738080393719596
-0.7218788155559558,0.9082703905345365,0.18087872061649854
1.2772778364204516,-1.2180264638905827,1.0914072661388632
-0.7827430695973934,1.5421664011260598,-0.8066589162516412
-0.899789711984771,0.7635224826041851,1.1262008473962506
1.0525482830366881,-0.4194173166886566,0.290786432667065
-0.67037829290551,0.5339223527836358,0.02333380578539469
-0.562695381909124,-0.075017121957829,-0.7141743137263322
-0.8155161294658593,0.6237658818438553,0.6823063379506441
0.9589109691267846,-1.2779221499307218,0.09902695230297809
2.1527867214780345,-0.7438522827394402,-0.20332453142233473
-1.3258394902748272,1.2726358139454153,0.3093149358480037
-1.4101130727937388,1.2626531996053862,0.5924536250817183
0.7529088785250011,-1.1731046993604728,0.8003202701428709
-0.8670166521163051,0.8733312403444559,1.4261309926376908
1.0853213429051538,-1.1930699280405168,0.14613777715223913
0.6264985047466318,-0.2397302585682245,-1.0665843387160552
0.8559099238258929,-1.2779221499307218,-0.3192329518894549
-0.7640156068154134,0.6537137248639214,-1.1835981528388566
1.356869553243869,-1.6822180307016958,-0.08231024502183071
-0.5533316505181324,-0.08000842912784356,1.5129307135052121
-0.6891057556874933,1.1129139845050273,-0.8828258029073739
-0.7078332184694733,0.6736789535439726,0.7023086993391572
0.1770393979791015,-0.27466940875831225,-0.8706138349017554
-1.3679762815342813,1.2676445067754007,-0.3216542903733277
-0.8201979951613534,0.6038006531638042,-0.5645777056575059
0.8746373866078729,-1.3378178359708683,0.5681349646567369
0.841864326739407,-1.3128613001208096,0.7203108245888187
1.782919331533922,-2.1114704473227284,-1.0261058758008803
1.0150933574727246,-1.3278352216308462,-1.0175785533141986
-0.8576529207253167,0.7485485610941556,0.004489475845690268
0.8980467150853471,-1.2280090782306046,0.5480273276819685
-1.4007493414027472,1.242687970925342,-1.1528050438591722
-0.6563326958190274,0.30432222296308636,0.052231954212483236
0.612452907660146,-0.1648606510180486,0.2138826169075453
0.9916840289952504,-1.3278352216308462,0.04870522207292966
-0.6095140388640757,0.3692092161732402,0.8309554657431726
-0.9746995631126943,0.9382182335546098,1.5423026020704493
0.7716363413069811,-1.1331742420003776,0.028597585098161165
-0.6469689644280358,1.3425141143255837,0.5756621690739928
-0.6750601586010074,0.5239397384436137,0.5047064239378994
1.216413582379014,-1.5274875084313224,0.10508029851265958
-0.6937876213829874,0.8833138546844779,0.8799086133519018
-1.4288405355757188,1.2576618924353786,0.11387080996497988
-0.4737399336947181,0.254409151262962,-0.8677187562797337
1.0759576115141622,-1.2479743069106486,0.6078764984681245
-0.8295617265523451,0.7784964041142217,-0.23164366412501888
0.8137731325664354,-1.2280090782306046,0.43427705673308253
1.0057296260817363,-1.4626005152211685,-0.08104693798676686
-0.7171969498604617,1.127887906015064,-1.2369202372771824
-0.8529710550298193,0.733574639584119,0.6993609829240078
-0.11791814083708788,0.2993309157930718,-1.513637115749322
-0.6563326958190274,0.5289310456136211,1.7931216863237773
-0.7874249352928876,1.053018298464888,-0.0909428430947679
-0.6563326958190274,0.5439049671236578,1.3981276866937724
0.6171347733556435,-1.1231916276603484,0.41606438031091003
-0.7967886666838793,0.7784964041142217,0.28483836204363905
-0.9887451601991769,1.2576618924353786,0.49354721179483413
0.8980467150853471,-1.3777482933309635,1.1918401754264498
-0.7125150841649674,0.9831399980847195,0.5359732730557326
0.7482270128295037,-1.213035156720568,2.737022592689082
-0.6469689644280358,0.6487224176939139,0.298366274877449
-0.7171969498604617,0.6087919603338188,-0.6447450645909409
1.0010477603862422,-1.43764397937111,-0.2646475604160654
1.0853213429051538,-0.8536610404797038,-1.3581977126433245
-0.14132746931456538,-0.6140782963191252,-0.14931815567334938
0.785681938393467,-1.213035156720568,0.4489103632225732
-0.7406062783379391,0.7635224826041851,-0.4300881442163194
0.8184549982619328,-1.2429829997406412,0.1832474213072436
1.0712757458186681,-1.3877309076709856,-1.025526860076476
1.0619120144276764,-1.4925483582412418,1.5180365794385955
-0.7499700097289275,0.6287571890138628,-0.9715204843274908
-0.8155161294658593,0.7186007180740824,-0.5158877470144148
-0.773379338206405,1.1029313701650052,-0.9617298548057449
-0.7967886666838793,0.8034529399642875,-0.2161681529454852
1.2585503736384716,-1.4775744367312051,1.0129243165855135
-0.8576529207253167,0.8334007829843535,-0.49878046424792344
-1.2275203106694295,1.242687970925342,1.2234228513030492
-0.7593337411199192,0.6237658818438553,-0.772970728649935
-1.1807016537144779,1.242687970925342,-0.8794043463540754
-0.8389254579433334,0.7435572539241411,-0.277333268559833
-0.8529710550298193,1.5671229369761186,-0.18337480782694932
0.21917618923855905,-0.00014751440764600325,-0.17863740644545945
0.5609523850097001,-0.12493019365794628,0.7650529487473346
-0.6937876213829874,0.7535398682641631,5.858285811780286
-0.7218788155559558,0.6686876463739581,-0.6455872692809835
1.0197752231682222,-1.3627743718209269,-0.6721167170173272
-0.8716985178117993,0.8583573188344192,0.3707432404279897
-0.773379338206405,0.6187745746738408,-1.1701228777981743
-0.6750601586010074,0.4790179739135039,0.23256903346786661
0.5094518623592543,-1.0533133272801871,-0.31870657395817825
-0.63292336734155,0.20449607956284474,0.06807592994391068
1.3802788817213432,-1.4975396654112492,-0.9886277670939823
-0.7452881440334334,0.6187745746738408,-0.12284134573013342
0.8184549982619328,-1.2679395355907,2.0776289581788117
2.0778768703501145,-1.307869992950795,-0.9966287116493874
-1.3632944158387872,1.212740127905269,-0.9215672186493359
-0.28178344017941714,0.9432095407246172,-0.22995925474493353
-0.7125150841649674,0.6487224176939139,0.2835750550085747
-0.7780612039018993,0.5788441173137455,0.39316694030037547
2.120013661609569,-1.3328265288008536,-0.9662567050147242
-0.6750601586010074,0.5938180388237821,-0.754389587675869
-0.9091534433757626,1.0180791482748002,3.7371406621147343
-0.937244637548731,0.8433833973243827,0.4378037888726359
0.8184549982619328,-1.128182934830363,0.35932083931928616
-0.12260000653258538,0.29433960862305725,-1.4248371587429494
1.3802788817213432,-1.5075222797512784,-0.05904434045940237
1.0806394772096564,-1.3577830646509195,0.2989979283949809
0.7950456697844553,-1.138165549170385,0.3422135565527949
-0.6750601586010074,0.5888267316537675,-0.45924948160904616
1.0385026859502022,-1.3577830646509195,-0.6855919920580096
-0.7780612039018993,1.0180791482748002,0.11192321161925657
-0.7031513527739758,0.5688615029737164,2.3290796959496722
1.0665938801231705,-1.3877309076709856,0.22046234104850362
-0.8295617265523451,0.5938180388237821,1.3441213109447874
1.6471452263645643,-1.0133828699200846,-1.2369202372771824
-1.3492488187523013,1.2376966637553275,-1.1934414201537304
-1.3117938931883413,1.1528444418651225,3.6327599183425727
0.7622726099159894,-1.118200320490341,1.087090967102395
1.0759576115141622,-1.3927222148410001,-1.1043256363885918
-0.773379338206405,0.6287571890138628,-1.0767960705828226
0.8090912668709411,-0.5092608457488762,-0.9752577676395551
-0.7359244126424417,1.1228965988450563,-1.2736087790871653
-0.63292336734155,0.339261373153167,1.0225570327278763
0.9823202976042588,-1.297887378610773,-0.08146804033178814
-0.67037829290551,0.5039745097635625,0.1601920679173259
0.8371824610439128,-1.183087313700495,0.43911973370082774
-0.7265606812514533,0.7285833324141044,0.35474135131717915
0.9448653720402987,-1.447626593711132,0.40769497120361103
0.8325005953484154,-1.1431568563403995,1.1869448606655773
1.0197752231682222,-1.352791757480905,-1.2369202372771824
0.8090912668709411,-1.22301777106059,0.017438372955096055
1.0197752231682222,-0.8137305831196086,1.8429170386225495
-0.9466083689397227,0.8583573188344192,1.945876561980264
-0.7546518754244217,0.6237658818438553,0.2025128535919693
0.9214560435628246,-1.4076961363510367,0.2654676541726578
0.556270519314206,-1.033348098600136,0.15734962708843203
-0.8061523980748709,0.6038006531638042,0.12071372307157639
-0.7499700097289275,0.8034529399642875,0.05770628469776059
-0.5580135162136298,-0.08499973629785104,-0.5635775875880802
-0.6376052330370441,0.1945134652228156,0.7076251164450512
-0.6656964272100158,0.5988093459937897,-0.37602913067420657
-0.7078332184694733,0.6886528750540092,-0.615583727198214
0.949547237735793,-0.7039218253793449,-1.5460093585228363
-0.9231990404622484,0.8334007829843535,1.4560818969273326
-0.67037829290551,0.7136094109040678,0.6446176780712353
-1.3117938931883413,1.1778009777151883,-0.19100728783046084
-0.8389254579433334,0.7784964041142217,0.33126489558224015
1.8765566454438254,-1.1132090133203263,-0.5474704228910143
-0.792106800988385,0.658705032033936,-1.177702720008558
-1.4007493414027472,1.23270535658532,-0.6868552990930736
-0.6844238899919958,0.48900058825352594,0.8495892445103663
-0.7218788155559558,0.6437311105238994,-0.7515471468469751
1.389642613112335,-0.9185480336898577,-0.9598875320462766
-0.5205585906496665,0.6087919603338188,1.0771950619943933
1.0572301487321822,-1.2779221499307218,-0.5945812477402753
0.9963658946907447,-1.4526179008811464,-0.31354807023166714
1.2257773137700056,-0.8636436548197258,-0.6832232913672646
-0.7265606812514533,0.818426861474317,0.3353706434461979
-0.12260000653258538,-0.6390348321691839,-0.5544712493769939
-0.8716985178117993,0.7136094109040678,0.002278688534328311
-0.61419590455957,0.5688615029737164,0.19072198793137252
0.7763182070024753,-1.233000385400619,4.3920074464160255
0.860591789521387,-1.3328265288008536,1.186313207148045
1.1789586568150539,-1.3278352216308462,-1.113116147840912
0.9870021632997563,-1.287904764270751,-0.38155609895261144
-0.7780612039018993,0.6437311105238994,-1.1938098847056238
-1.0308819514586345,0.9731573837446904,-0.3408144470717981
-0.6750601586010074,0.5139571241035845,-0.6825916378497326
1.9280571680942713,-1.1132090133203263,0.242254387403357
0.15363006950162733,0.18952215805280814,-1.0473189064313297
-0.7780612039018993,0.9282356192145877,-0.010354381816311516
-1.1245192653685379,1.212740127905269,-0.39134672847435714
-0.7218788155559558,0.6237658818438553,-1.1778079955948135
-0.7171969498604617,0.40913967353333547,0.34879328069375276
-0.6797420242965017,0.6537137248639214,2.2608084782630886
-0.8716985178117993,0.7385659467541265,-1.089165951967824
1.6611908234510502,-1.8169833242920181,-0.6543777807333038
1.9186934367032795,-1.138165549170385,-0.23769701033470061
-0.8576529207253167,0.7136094109040678,-0.23664425447214718
-1.0308819514586345,0.9731573837446904,0.10213258209751062
-0.8014705323793734,0.7385659467541265,0.5177079588404325
-0.9278809061577427,0.8034529399642875,0.08012998457014613
-0.8389254579433334,0.8284094758143461,-1.2003369710534544
0.30813163745296496,0.21447869390286678,-1.230972166653756
-0.5580135162136298,-0.09997365780788764,-0.7363874624262073
0.6405441018331177,-1.1980612352105313,0.5033378413165801
1.5535079124546642,-0.7338696683994181,-0.589896484151913
-0.7827430695973934,1.0330530697848368,0.22519974242999327
-1.1385648624550204,1.1728096705451736,0.32305339985432424
0.8980467150853471,-1.3777482933309635,2.8944095941408037
-0.63292336734155,0.4440788237234161,0.6450914182093841
1.0525482830366881,-0.8486697333096892,-1.1711229958676
-1.377340012925273,1.2476792780953567,0.10439600720200012
-0.7827430695973934,0.6936441822240167,-1.2917161799230823
-0.7031513527739758,0.8583573188344192,0.2336217893304198
-0.6469689644280358,0.5339223527836358,1.202420371845111
0.43454201123133424,-0.02510405025771173,-1.0437395364986484
1.5769172409321384,-0.7887740472695499,0.25509800892650747
0.9823202976042588,-1.447626593711132,1.0810902586858409
-0.5205585906496665,1.3325314999855546,-1.3005066913754026
-0.12260000653258538,0.2993309157930718,-1.2939269672344444
0.8746373866078729,-0.6390348321691839,-1.130644532952425
-0.7125150841649674,0.7235920252440898,0.7066249983756256
1.4598705985447609,-0.7937653544395574,2.430565361099812
-0.6891057556874933,0.7585311754341776,0.36416351628703136
1.0853213429051538,-0.3894694736685834,-0.7741287600987438
-0.7874249352928876,0.6487224176939139,-1.0479505599488617
0.949547237735793,-1.2779221499307218,0.24999214299312408
0.8652736552168813,-1.307869992950795,0.3611631620787544
-1.3539306844477954,1.2576618924353786,-0.36781763494629066
2.232378438301452,-1.5923745016414834,-0.9188826911998249
-0.8763803835072967,1.572114244146133,1.977827702408757
-0.6984694870784817,0.7235920252440898,-0.40392716103186943
-0.6610145615145216,0.5638701958037089,-0.03283071948182483
-0.7780612039018993,0.5788441173137455,1.2272654102013694
-0.7499700097289275,0.5039745097635625,2.3280269400871183
-0.6937876213829874,0.6137832675038262,-0.1615827614720957
1.3849607474168408,-0.9135567265198502,-0.7023834480657349
0.8090912668709411,-1.203052542380546,0.36416351628703136
1.3615514189393632,-1.0732785559602311,-0.3578690920451618
0.3502684287124225,0.1795395437127861,-0.9733101692938315
-1.3398850873613097,1.2526705852653641,-0.9697307993611501
-0.6750601586010074,0.6187745746738408,-0.3856618468165694
-1.3352032216658154,2.00635796793718,-0.5622616427598883
-0.65165083012353,1.147853134695115,-0.5240992427423307
0.3174953688439566,0.12962647201266173,-0.9470965483162538
-0.843607323638831,0.7735050969442142,-0.30391535408930426
-0.67037829290551,0.7186007180740824,0.5582390595487353
-0.810834263770365,0.6387398033538848,-1.1050099276992515
-0.7265606812514533,0.9232443120445731,-0.3277076365830092
0.9916840289952504,-1.4426352865411174,1.40360201717905
1.3990063445033234,-0.8786175763297625,-0.8491902530987953
-0.8389254579433334,0.7036267965640458,-0.003195641950949041
1.0150933574727246,-1.4176787506910586,-0.5515235329618445
-0.7452881440334334,0.903279083364522,-0.22332689281084767
1.4036882101988208,-0.9235393408598722,-1.0156309549684748
-0.7265606812514533,0.6087919603338188,-0.029777727480420315
0.804409401175447,-1.1431568563403995,-0.6924875429577338
-0.8061523980748709,0.7036267965640458,-0.48298912630962354
1.1415037312510938,-1.3228439144608317,1.0245572688667277
-1.3211576245793297,1.167818363375159,2.2706517455779625
-0.881062249202791,0.7285833324141044,0.8055840494556373
-0.792106800988385,0.903279083364522,0.6557768902143005
1.375597016025849,-0.9584784910499529,-1.394780978867052
1.534780449672681,-0.21976502988818042,-0.9925229637854295
-0.7640156068154134,0.733574639584119,-0.5998450270530419
1.3006871648979257,-1.2479743069106486,-0.2087462241144843
-1.0542912799361086,1.8116969883067116,-0.6162153807157459
1.6892820176240217,-0.7338696683994181,-0.8201868290854514
-0.881062249202791,0.8683399331744412,-0.23974988426667948
-0.7593337411199192,0.573852810143731,-0.11031355096574914
0.5609523850097001,-0.1199388864879388,0.9337044379283763
-0.8951078462892768,0.7585311754341776,0.7307331076280965
0.9682747005177763,-1.4825657439012196,0.19819655455550095
0.9401835063448046,0.2993309157930718,-0.40982259386216807
-0.6891057556874933,1.1428618275251006,-0.993523081854855
-0.8155161294658593,0.658705032033936,-0.7408616748420588
-0.7874249352928876,0.6636963392039505,-1.3794633810669015
1.2772778364204516,-1.2080438495505534,-0.312600589955369
-0.937244637548731,0.8833138546844779,0.17040379978409315
-0.899789711984771,0.8932964690244999,1.8323894799970162
0.8933648493898529,-1.1880786208705094,0.4176435141047401
0.7950456697844553,-1.1531394706804217,-0.933515997689316
0.8137731325664354,-0.5491913031089715,-1.1632799646915775
-0.8857441148982851,0.6287571890138628,0.33516009227368726
1.0993669399916364,-0.3894694736685834,-0.1575296514012653
0.841864326739407,-1.3178526072908172,2.5401046085984844
-0.8014705323793734,0.6437311105238994,-0.8859840704950337
1.0244570888637163,-1.3278352216308462,4.479333545214824
0.9729565662132704,-1.287904764270751,0.07902459091446538
-0.7031513527739758,1.0929487558249833,-0.8869841885644594
-1.3258394902748272,1.1628270562051517,-0.9132504473351647
1.0900032086006481,-1.2479743069106486,0.6035075616385281
1.9280571680942713,-1.1132090133203263,-0.3990844840641242
-0.5346041877361524,1.147853134695115,0.45554272515665956
-0.881062249202791,1.127887906015064,-0.906565447607951
-1.358612550143293,1.2876097354554519,0.08686762209048755
1.483279927022235,-0.8037479687795865,0.6922022430586451
1.0010477603862422,-1.4226700578610734,-0.521993731017224
1.0853213429051538,-1.2379916925706267,-0.5372586910242471
-0.44096687382625227,0.7235920252440898,-0.04751666376444352
-0.7452881440334334,0.8633486260044267,1.6342608266644816
-0.810834263770365,0.7685137897741997,0.7620525945390576
0.766954475611487,-1.1132090133203263,0.6350902375151279
-0.7593337411199192,0.5488962742936724,1.1742065147286818
0.5094518623592543,-0.11494757931792424,-1.5366924691392396
0.7482270128295037,-1.1431568563403995,1.0631407712293066
1.0806394772096564,-1.372756986160949,1.2635854874594588
-0.7499700097289275,1.23270535658532,-0.7124372665531193
-0.8482891893343251,0.8683399331744412,-0.09231142571608729
0.45326947401331424,-1.063295941620209,0.6029811837072517
-0.7078332184694733,1.167818363375159,-0.9283048561696771
1.2445047765519857,-1.3627743718209269,-0.47709369347932495
-0.792106800988385,0.7784964041142217,0.21061907373363012
-0.6610145615145216,0.5439049671236578,-0.8807729289753947
0.9916840289952504,-1.4276613650310879,-0.18911232727786484
1.1368218655555997,-1.372756986160949,0.6454598827612777
-1.4054312070982413,1.2576618924353786,0.17114072888788062
-1.3305213559703213,1.1628270562051517,0.15503356419081452
-1.3539306844477954,1.1977662063952323,-0.4887266457605391
-0.7265606812514533,0.658705032033936,-0.9263572578239535
-0.7078332184694733,1.157835749035137,-1.0655842206466295
1.0665938801231705,-1.3677656789909414,-0.5831588466315718
-0.7406062783379391,0.6287571890138628,-0.9235148169950594
-0.9231990404622484,0.8334007829843535,-0.3705548001889292
1.4411431357627809,-0.8486697333096892,0.31068351846932263
1.7033276147105076,-0.6290522178291619,-0.10562878737738682
-1.2883845647108638,1.2926010426254593,0.2761004883844463
-0.8857441148982851,0.8633486260044267,-0.34755208459213927
-0.7499700097289275,0.6038006531638042,-0.8600336384830943
-0.7171969498604617,0.7235920252440898,0.09734254292289297
1.5581897781501584,-1.532478815601337,-1.1282231944685521
-0.7171969498604617,0.9482008478946318,0.002278688534328311
-1.4054312070982413,1.2526705852653641,0.13387317135349305
1.909329705312291,-1.0682872487902166,-0.42356105786848863
-0.7265606812514533,0.6786702607139872,-0.8316618679872824
-1.3211576245793297,1.3125662713055106,-0.9130925339557816
-0.810834263770365,0.7635224826041851,-1.7742994673175232
-0.773379338206405,0.658705032033936,-1.1601216971039177
1.6003265694096127,-0.9534871838799455,0.36416351628703136
-0.7218788155559558,0.6237658818438553,-1.1552263823430446
1.2632322393339657,-1.3777482933309635,0.7532620830867378
1.7407825402744677,-0.31959117328841496,0.48480933813564137
-0.7359244126424417,0.8034529399642875,-0.949412611213871
1.1040488056871338,-0.8586523476497183,-1.1455410284075542
0.9542291034312904,-0.7188957468893815,-0.42035015248770125
-0.9091534433757626,1.7068795377364554,-0.4958853856259018
0.9589109691267846,-1.2629482284206852,-0.3925047599231659
-0.8951078462892768,0.8533660116644047,-0.8092381681148969
-0.7218788155559558,0.5189484312735991,2.27296780847558
1.0057296260817363,-1.307869992950795,-0.07604634763963856
-0.792106800988385,0.6087919603338188,-0.5392589271630984
-1.377340012925273,1.23270535658532,-1.0840600860344405
0.9682747005177763,-0.7837827400995354,-0.3324450379644991
1.0291389545592105,-1.3428091431408828,-0.6742222287424339
-0.7171969498604617,0.6287571890138628,-1.1820716568381544
-0.6984694870784817,0.8034529399642875,-0.7070155738609697
0.45326947401331424,-1.1431568563403995,-0.4382996399442351
-0.7265606812514533,0.8084442471342949,-0.3020203935367083
-0.65165083012353,0.6537137248639214,0.32184273061238794
-1.3258394902748272,1.1827922848851957,-0.7952365151429377
-0.8904259805937826,1.307574964135496,-0.3334977938270525
0.45326947401331424,-1.1780960065304873,0.07618215008557104
-0.8014705323793734,0.6487224176939139,-1.1288022101929565
-0.7406062783379391,0.733574639584119,-0.06036028528759422
-1.3117938931883413,1.147853134695115,2.207223204859125
-0.7406062783379391,0.7984616327942728,-0.5460492024765674
-0.23496478322446546,0.5638701958037089,-1.0564778824355436
-0.63292336734155,0.5289310456136211,0.8084264902845317
0.00849223294127806,0.9482008478946318,-0.5635775875880802
-0.8061523980748709,0.7535398682641631,0.1410845490119833
-1.2275203106694295,1.1228965988450563,0.13387317135349305
0.9823202976042588,-1.3478004503108902,-0.31675897561245475
1.375597016025849,-0.8736262691597478,0.7576310199163337
-0.6937876213829874,0.5638701958037089,-0.49241129127947575
-0.8014705323793734,1.157835749035137,0.1460851393591116
-0.773379338206405,0.6636963392039505,-0.9188826911998249
-0.7125150841649674,0.9382182335546098,-0.6199526640278104
-0.7078332184694733,0.7086181037340533,-0.24680334854578664
-0.7780612039018993,0.7884790184542508,3.649235547591532
0.6077710419646518,-0.15487803667801947,0.34953020979754024
-0.7359244126424417,0.903279083364522,-0.9879961135764502
0.8559099238258929,-1.287904764270751,0.922597863578439
1.6846001519285243,-1.8020094027819886,-0.9188826911998249
-0.7452881440334334,0.5988093459937897,-0.024040208029504545
-0.7218788155559558,0.7186007180740824,-0.5732629415235706
0.9214560435628246,-1.22301777106059,-0.6414815214170255
1.370915150330355,-0.8886001906697845,0.6271945685459778
-0.8201979951613534,0.7834877112842362,-0.5977921531210629
0.20044872645657905,0.2693830727729986,-0.8994067077425886
0.8278187296529211,-1.213035156720568,-0.473777512512282
0.4111326827538567,0.004843792762361468,-0.7197539197978648
0.518815593750246,-0.1049649649779022,-0.7191222662803327
-0.6422870987325416,0.5289310456136211,0.8804349912831787
-0.773379338206405,0.8084442471342949,0.9479692798659737
0.7810000726979694,-0.4493651597087298,-0.8879316688407572
-0.792106800988385,0.7136094109040678,-0.5001490468692427
0.43454201123133424,0.09468732182258106,-0.9463069814193388
-0.11791814083708788,0.2693830727729986,-0.4583020013327483
-1.0355638171541286,0.9731573837446904,0.08355144112344438
-0.6937876213829874,0.658705032033936,-1.6065954584127797
-0.6984694870784817,0.5189484312735991,2.815189715483666
0.9214560435628246,-1.4076961363510367,0.4112743411362924
0.9682747005177763,-1.447626593711132,0.349214383038774
-0.7218788155559558,0.658705032033936,-0.4925165668657311
-0.8014705323793734,0.8084442471342949,0.24841300919929404
0.7435451471340094,-1.1780960065304873,2.9017788851786768
-0.8201979951613534,0.583835424483753,2.1743772219474615
-1.2415659077559154,1.1628270562051517,1.981354434548311
-0.8576529207253167,0.6736789535439726,0.002278688534328311
0.9448653720402987,-0.6889479038693083,-0.6181103412683419
0.9870021632997563,-1.1880786208705094,1.2958524546467176
0.949547237735793,-1.4226700578610734,0.5542385872710331
1.0900032086006481,-0.8536610404797038,-1.544482862522134
-1.3632944158387872,1.2676445067754007,-0.42735097897368063
-1.166656056627992,1.242687970925342,0.27052088231291366
-0.6937876213829874,0.4939918954235405,2.394455835014233
0.9870021632997563,-0.9285306480298868,-0.15358181691669043
-0.562695381909124,-0.08000842912784356,-0.8251874194325797
-1.2977482961018554,1.157835749035137,0.6483023235901717
0.7107720872655436,-1.2779221499307218,0.03770392330924741
1.5769172409321384,-0.7139044397193669,3.746983929429608
-0.7312425469469475,0.5888267316537675,1.0030284114775125
-0.7171969498604617,0.8982877761945145,-0.5205198728096493
-0.2068735890514971,0.07472209314252991,0.14703261963540973
-0.5673772476046182,-0.07002581478781443,-0.9004594636051417
1.2632322393339657,-1.3627743718209269,0.16608750074762477
-0.7218788155559558,0.6736789535439726,-0.5533658557213129
-0.862334786420811,0.6836615678839947,-0.9491494222482328
-0.6282415016460557,0.573852810143731,-0.204535200664271
-1.1900653851054661,1.167818363375159,1.2983790687168457
-0.8201979951613534,0.9981139195947561,-0.8183445063259831
-1.0121544886766545,0.9282356192145877,0.8843301879746257
-0.6422870987325416,0.39915705919331346,0.9305461703407162
-0.7312425469469475,0.9382182335546098,-0.08546851260949077
0.8512280581303987,-1.2779221499307218,1.4552923300304177
-0.7546518754244217,0.6387398033538848,-0.9388850525883379
-0.8857441148982851,0.6087919603338188,3.277560090317084
-0.773379338206405,0.6237658818438553,-0.41445471965740266
-0.7686974725109076,0.5638701958037089,0.2435176944384213
1.3147327619844116,-1.5674179657914176,-1.1425933119924048
-0.7218788155559558,0.6387398033538848,-1.0870078024495897
-0.8389254579433334,0.7685137897741997,0.07628742567182659
1.1134125370781223,-1.108217706150319,-0.36734389480814156
-0.7780612039018993,0.7784964041142217,1.154941082443956
0.9448653720402987,-0.7188957468893815,-0.8810361179410332
-0.9466083689397227,0.9382182335546098,0.07970888222512484
-0.8061523980748709,0.6387398033538848,-0.82450312812192
-1.3258394902748272,1.2526705852653641,0.8576428268588991
-1.358612550143293,1.2177314350752835,-0.8568227331023067
0.7575907442204953,-1.1780960065304873,1.139676122436933
-0.5767409789956098,0.32428745164313044,-0.2923876773943454
0.7950456697844553,-1.128182934830363,0.4014310738214189
0.7950456697844553,-0.44437385253871525,-0.3081790153326451
1.0291389545592105,-1.3328265288008536,2.23643718004498
1.4364612700672867,-0.8985828050098136,-0.11699855069296257
-0.7406062783379391,0.6936441822240167,-0.06351855287525406
1.1695949254240656,-0.8436784261396818,-0.8695084412460743
-0.6376052330370441,0.5189484312735991,0.9281774696499716
-1.3211576245793297,1.167818363375159,1.087090967102395
-0.7593337411199192,0.5488962742936724,-0.05156977383527393
1.0712757458186681,-0.8536610404797038,-0.8949324953267369
-0.7546518754244217,0.5339223527836358,-0.2863869689777915
-1.2977482961018554,1.157835749035137,4.512232165919615
-0.8857441148982851,0.8234181686443315,-0.8879316688407572
0.7997275354799528,0.019817714272398066,-0.8013951369388747
-0.8389254579433334,0.6337484961838774,0.5521330755459263
-0.8716985178117993,0.7086181037340533,-0.6050561685726807
1.9374208994852629,-1.0083915627500772,-0.8231871832937283
0.9261379092583187,-1.4176787506910586,0.9838682547790418
-0.8529710550298193,0.6237658818438553,0.5122336283551555
-0.6563326958190274,1.402409800365723,-0.6651158905313476
-0.9466083689397227,0.9182530048745585,0.5213399665662419
-0.8248798608568509,0.583835424483753,0.7165209034836271
1.370915150330355,-1.0832611703002533,-1.1290653991585948
-0.6891057556874933,0.6786702607139872,1.0786689202019684
1.408370075894315,-1.6822180307016958,0.10918604637661777
-0.7546518754244217,0.6537137248639214,-1.3460910202239615
-1.3492488187523013,1.23270535658532,-1.3295627531818741
1.0104114917772304,-1.3278352216308462,-1.0450028435337124
-0.7874249352928876,0.6786702607139872,-0.8293984428827929
1.3662332846348575,-0.9884263340700261,0.12387199065923647
0.8746373866078729,-1.3428091431408828,-0.136632447529582
-0.5673772476046182,-0.075017121957829,-0.6171102231989162
0.6733171617015836,-0.6340435249991765,-0.8784042282846497
-0.8061523980748709,0.8234181686443315,2.992684353910156
0.33154096593044247,0.13960908635268376,-1.3724099167877943
-0.6469689644280358,1.3674706501756424,-0.5964762082928714
0.9729565662132704,-1.43764397937111,0.3532148553164767
1.1087306713826282,-0.40943470234863455,-0.3467098799020965
0.7575907442204953,-1.1231916276603484,0.6819905111918778
0.9074104464763387,-1.2479743069106486,1.4163930009090724
-0.7452881440334334,0.6237658818438553,-0.7046468731702247
-0.8857441148982851,0.7635224826041851,0.7817917669619326
-0.7218788155559558,0.9581834622346538,0.2764163151432125
0.8652736552168813,-1.3128613001208096,0.6815167710537291
-1.3632944158387872,1.2926010426254593,0.41901209672605905
0.6264985047466318,-0.2547041800782611,-0.02367174347761104
-0.7874249352928876,0.6087919603338188,0.04175703338007783
-1.2649752362333895,1.212740127905269,0.17908903565015788
-0.06173575249114783,-0.554182610278986,-0.05446485245729559
-0.7874249352928876,0.7735050969442142,-0.20111374411097277
-0.03832642401367364,0.9432095407246172,0.8866462508722432
-0.773379338206405,0.6936441822240167,-0.4373521596679372
-0.8248798608568509,0.7834877112842362,-0.48462089789658114
-0.8904259805937826,0.8334007829843535,0.050126442487376605
-0.7546518754244217,0.6487224176939139,-1.0504771740189895
-0.7265606812514533,0.733574639584119,-0.6223213647185551
-0.6001503074730841,0.12463516484265426,-0.7346504152529942
-0.5767409789956098,-0.0899910434678656,1.5907293717479019
0.9355016406493104,-1.22301777106059,0.01322734950488278
-0.899789711984771,0.8334007829843535,1.22431769378622
-0.11791814083708788,0.29433960862305725,-1.4769485739393386
-0.9325627718532369,0.8134355543043095,-0.6572202215621976
-0.7780612039018993,0.6986354893940312,-0.8571911976542005
0.9729565662132704,-1.4176787506910586,-0.20706181473439894
-0.8155161294658593,1.0280617626148223,0.09734254292289297
1.0759576115141622,-0.27966071592831976,-1.1557527602743216
-0.6188777702550641,0.5389136599536503,1.6786871240642318
-1.4382042669667072,1.23270535658532,-0.06351855287525406
-0.937244637548731,0.9382182335546098,0.5459744537499892
1.1087306713826282,-1.4825657439012196,-0.36355397370294956
1.2398229108564915,-1.3627743718209269,-0.24896149806402104
-0.7499700097289275,1.1179052916750418,-0.548786367719206
1.431779404371789,-0.7089131325493524,0.12929368335138605
0.7575907442204953,-1.1880786208705094,0.6398802766897451
-0.7078332184694733,0.6986354893940312,-0.0470429236262947
1.1134125370781223,-0.8886001906697845,-0.14342272284305096
-0.7406062783379391,0.5588788886336944,-0.8859840704950337
-0.8389254579433334,0.6986354893940312,-0.6025295545025526
1.1087306713826282,-1.128182934830363,-0.6954352593728831
0.6920446244835636,0.14460039352269832,-0.4199290501426797
1.370915150330355,-1.5075222797512784,0.4102215852737392
-1.133882996759526,1.167818363375159,0.13387317135349305
-0.8529710550298193,0.7934703256242583,-0.6783279766063918
1.0665938801231705,-1.3478004503108902,1.3139598554826348
-0.7359244126424417,0.7585311754341776,-0.44619530891338505
-0.7078332184694733,0.8483747044943901,0.19724907427920282
-0.862334786420811,0.6836615678839947,-0.45119589926051334
-0.5861047103865983,-0.00014751440764600325,0.993974711059554
-0.7546518754244217,0.8284094758143461,-0.02661945989276024
-1.3820218786207672,1.23270535658532,-0.9465701703849771
1.352187687548375,-0.9435045695399163,-0.6109516014029794
-0.8670166521163051,0.7186007180740824,-0.0776254814334686
-0.5580135162136298,-0.0600432004477924,1.5633050815283882
-0.6422870987325416,0.1795395437127861,0.19693324752043664
-0.7265606812514533,0.5588788886336944,1.7301668857430892
1.431779404371789,-0.8037479687795865,1.306537926651634
2.302606423733878,-1.4176787506910586,-0.40808554668895497
-0.7406062783379391,0.8034529399642875,-0.4107174363453384
-0.6750601586010074,0.4640440524034673,1.1257797450512295
-0.7452881440334334,0.6886528750540092,-1.001102924065239
1.0150933574727246,-1.3278352216308462,-0.8530854497902425
0.33154096593044247,0.18952215805280814,-0.6004240427774462
-0.7078332184694733,0.8583573188344192,-0.434720270011554
-0.792106800988385,0.7984616327942728,0.131504470662748
0.4485876083178201,-1.138165549170385,-0.2921771262218348
0.860591789521387,-1.3228439144608317,-0.28628169339153614
1.0619120144276764,-1.2829134571007363,3.3960477626474592
-0.7125150841649674,0.6337484961838774,1.615153307759139
-0.8014705323793734,0.8034529399642875,-0.34470964376324514
-0.7827430695973934,0.573852810143731,0.9197554227495446
-0.44564873952174644,0.7136094109040678,0.355215091455328
1.0010477603862422,-1.4176787506910586,-0.337656179484138
-0.7640156068154134,0.5638701958037089,-0.37518692598416375
1.0665938801231705,-1.2180264638905827,2.0091998271128464
-1.0636550113271002,1.1728096705451736,0.38653457836628957
-0.8342435922478393,0.7036267965640458,0.11097573134295846
-0.7967886666838793,0.6038006531638042,-0.6531671114913675
0.9355016406493104,-1.233000385400619,0.4793350076503643
1.6892820176240217,-0.2247563370581879,-1.0757959525133969
0.6405441018331177,-1.1431568563403995,0.8592219606527287
-0.6844238899919958,0.5688615029737164,0.3030510384658111
-0.7593337411199192,0.7984616327942728,-0.06567670239348848
2.241742169692444,-1.3378178359708683,-0.5314158959870763
-0.7686974725109076,0.5538875814636869,0.09955333023425493
0.8933648493898529,-1.3428091431408828,0.7653687755061008
-0.8061523980748709,0.6786702607139872,-0.6462715605916431
-0.7452881440334334,0.5588788886336944,-0.10705000779183375
1.1134125370781223,-0.8686349619897404,-0.5452596355796524
1.0525482830366881,-1.352791757480905,0.14329533632334526
-1.2743389676243813,1.2077488207352542,0.5286566198109873
1.6424633606690702,-1.5624266586214102,-0.25148811213414896
0.7248176843520294,-1.2180264638905827,1.0469283309459858
-0.35669329130734057,-0.4194173166886566,0.5432899263004785
-1.3867037443162613,1.2476792780953567,-0.7839193896204895
-0.810834263770365,0.8433833973243827,1.4337634726412023
1.3662332846348575,-0.9484958767099309,-1.5001092029155119
-0.6797420242965017,0.5239397384436137,-0.11436666103657933
1.2866415678114431,-1.6572614948516373,0.997869907751001
-1.0262000857631401,0.978148690914705,1.4342372127793512
0.9027285807808446,-1.3677656789909414,0.5425003594035634
-0.525240456345164,1.1129139845050273,-0.7942890348666397
-0.8482891893343251,1.552149015466089,0.04217813572509911
-1.3539306844477954,1.2177314350752835,-0.09762784282198154
-1.0168363543721486,0.9482008478946318,0.8049523959381054
1.5488260467591668,-0.20479110837814382,-1.0363702454607753
-0.8061523980748709,0.6087919603338188,0.23583257664178178
0.9870021632997563,-1.4076961363510367,-0.8916689521528217
-0.67037829290551,0.5439049671236578,-0.6184788058202356
0.3128135031484591,-0.06503450761780696,-0.8322935215048145
0.4673150710998001,-1.1681133921904583,-0.8911952120146727
1.319414627679909,-1.128182934830363,0.5213399665662419
-0.7078332184694733,1.127887906015064,-1.4233106627422472
-0.6656964272100158,0.3592266018332182,-0.20706181473439894
-0.8716985178117993,0.6287571890138628,1.4601876447912907
-1.3305213559703213,1.297592349795474,-0.9903121764740674
1.375597016025849,-0.9135567265198502,1.0374535281830057
1.6799182862330302,-0.7588262042494768,-0.6666423865320499
-0.8248798608568509,0.8483747044943901,0.4135377662407819
-1.1760197880189838,1.2476792780953567,-0.38155609895261144
1.033820820254708,-1.3428091431408828,-0.9423591469347639
-0.773379338206405,0.7585311754341776,-0.5472072339253758
-0.9091534433757626,0.7884790184542508,-1.1581214609650663
2.4149712004257617,-2.2811748911031384,-0.7269652974563551
-0.792106800988385,0.7834877112842362,-0.06351855287525406
1.5394623153681783,-1.5374701227713516,0.13387317135349305
0.8699555209123787,-1.1780960065304873,-0.1575296514012653
1.1789586568150539,-0.8586523476497183,0.5306042181567111
-0.8857441148982851,0.7834877112842362,1.3282246974202323
2.3587888120798217,-2.2811748911031384,0.17619395702813645
-0.8389254579433334,0.7735050969442142,0.32184273061238794
1.0759576115141622,-1.063295941620209,0.41480107327584576
1.2772778364204516,-1.213035156720568,-0.6024242789162976
-0.8061523980748709,0.6537137248639214,-0.754389587675869
-0.024280826927187797,0.5588788886336944,-1.0468451662931808
1.9280571680942713,-1.0083915627500772,-0.8794043463540754
1.0197752231682222,-1.447626593711132,-0.24506630137257374
0.841864326739407,-1.307869992950795,1.4438172911285865
1.394324478807829,-0.8985828050098136,-0.41445471965740266
-0.937244637548731,0.978148690914705,1.1775753334888526
-0.7359244126424417,0.6287571890138628,-1.0353174895982218
0.804409401175447,-1.2379916925706267,1.844759361382018
-0.8482891893343251,0.6936441822240167,0.19967041276307543
-0.7499700097289275,0.658705032033936,-0.8844049367012037
-0.3426476942208547,1.2027575135652468,-0.6001608538118078
-0.7452881440334334,0.9282356192145877,-0.4682505442338771
-1.4054312070982413,1.242687970925342,-0.9172509196128673
-0.9138353090712568,0.7984616327942728,1.843601329933209
-0.6891057556874933,0.6038006531638042,0.2545189932021031
-1.377340012925273,1.2376966637553275,-0.3618169265297367
1.1227762684691138,-0.8536610404797038,-0.4105595229659553
-0.7686974725109076,0.6886528750540092,-0.5080973536315201
-0.7686974725109076,0.7984616327942728,0.9770253416724454
-0.7125150841649674,0.7086181037340533,0.22498919125748262
-0.6937876213829874,1.1328792131850784,-0.0059328071935876
-0.8389254579433334,0.6686876463739581,0.7685270430937609
1.3662332846348575,-1.0782698631302456,-0.5679465244176763
0.556270519314206,-0.13990411516798287,0.9019638486723939
0.9214560435628246,-0.7139044397193669,-0.6215317978216401
1.0010477603862422,-1.3128613001208096,-0.5119925503229674
1.2210954480745115,-1.2479743069106486,-0.17068909968318172
1.0525482830366881,-1.3228439144608317,-0.7507575799500601
-0.7499700097289275,0.5538875814636869,-0.3925047599231659
0.9823202976042588,-1.4226700578610734,0.10918604637661777
-0.7546518754244217,0.5439049671236578,-0.6124254596105542
-0.6844238899919958,0.5988093459937897,-0.3216542903733277
-0.7686974725109076,0.8683399331744412,1.264743518908267
-0.8014705323793734,0.8084442471342949,-0.38576712240282474
1.6705545548420417,-0.8137305831196086,-0.4747249927885801
-0.7780612039018993,0.6636963392039505,-0.9071444633323554
-0.5486497848226382,1.2227227422452909,-0.6253217189268321
1.0197752231682222,-1.3627743718209269,-1.4233106627422472
1.5535079124546642,-0.18482587969809267,-0.8162389946008765
-0.8295617265523451,0.8483747044943901,-0.37755562667490883
-0.8529710550298193,0.7984616327942728,0.3233692266130905
-1.3164757588838354,1.307574964135496,-0.5024651097668599
-0.7218788155559558,0.8084442471342949,-0.5438384151652054
-0.6563326958190274,0.3692092161732402,2.5572118913649753
0.574997982096186,-0.43938254536870774,-0.7992369874206403
1.2304591794654998,-0.8636436548197258,-0.34513074610826666
0.27067671188900494,0.11465255050262514,-1.6042793955151626
0.5890435791826718,-0.050060586107770366,0.7565782640537805
-0.12260000653258538,0.18453085088279356,0.7586311379857594
-0.4690580679992206,-0.43938254536870774,0.5568704769274163
1.0806394772096564,-0.8686349619897404,-1.0093670575862825
-0.7312425469469475,0.7385659467541265,-0.3226017706496256
0.804409401175447,-1.22301777106059,0.14561139922096278
0.930819774953813,-0.7288783612294035,-0.7050153377221184
-0.8716985178117993,1.147853134695115,-0.9384639502433165
-0.8061523980748709,1.043035684124859,0.18424753937666927
-0.8389254579433334,0.7784964041142217,0.04849467090041902
0.9916840289952504,-1.4176787506910586,-0.24443464785504182
0.7903638040889611,-1.2280090782306046,0.9371785322748021
-0.12260000653258538,0.2793656871130206,-1.381095152653859
-0.7265606812514533,0.8533660116644047,1.9207156968652395
-0.881062249202791,1.617036008676243,0.08702553546987066
-0.8482891893343251,0.6786702607139872,0.5713985078306519
-1.3492488187523013,1.23270535658532,-0.9827849720568113
-0.7171969498604617,0.7285833324141044,-0.25822574965449013
-0.6750601586010074,0.6287571890138628,-0.9386218636226996
1.0104114917772304,-1.4526179008811464,0.12850411645447102
-0.7218788155559558,0.818426861474317,0.07686644139623097
-0.49714926217219235,1.1378705203550858,-1.3769367669967736
-0.6422870987325416,0.4740266667434893,1.2918519823690153
-0.7031513527739758,1.1328792131850784,-1.4039925926643937
0.9963658946907447,-1.4426352865411174,1.20694722205409
1.3475058218528775,-0.9584784910499529,-0.36523838308303497
-0.10387254375060535,0.29433960862305725,0.002278688534328311
0.9916840289952504,-1.2779221499307218,0.581294412938653
-0.7031513527739758,0.8533660116644047,0.4028522942358658
0.9682747005177763,-1.43764397937111,0.07465565408486902
-0.6984694870784817,0.7585311754341776,2.68564810659648
-0.9512902346352169,0.9482008478946318,1.7836468835607975
0.7810000726979694,-1.233000385400619,1.160310137342978
-0.65165083012353,0.254409151262962,2.003830772213824
1.4598705985447609,-0.8336958117996527,0.852168496373622
-0.7265606812514533,0.6387398033538848,-1.2347094499658202
-1.433522401271213,1.2576618924353786,0.4542794181215953
-0.881062249202791,0.7235920252440898,1.840495700138677
-0.7499700097289275,0.573852810143731,-0.27185893807455563
-1.3164757588838354,1.307574964135496,-0.03593634927635713
1.0010477603862422,-1.4276613650310879,-0.7800768307221699
1.375597016025849,-0.9534871838799455,-1.100483077490272
-0.16473679779203956,-0.5392086887689495,-0.6975407710979897
0.49072439957727426,0.07971340031254447,-0.24543476592446747
0.9589109691267846,-1.1731046993604728,1.763591884379157
-0.6844238899919958,1.1528444418651225,0.01049018426224422
-0.8342435922478393,0.573852810143731,0.6114032306076779
1.0057296260817363,-1.3478004503108902,0.03880931696492839
-0.9278809061577427,0.9531921550646464,1.2388457246894555
-0.8857441148982851,1.2926010426254593,-1.0664790631298002
-0.506512993563184,0.7435572539241411,0.3437400525534969
-0.8576529207253167,0.7285833324141044,0.8366929851940883
1.6424633606690702,-1.0283567914301213,-0.7194907308322265
-0.7171969498604617,0.6337484961838774,-1.0216843011781565
1.2257773137700056,-1.233000385400619,-0.6074248692634259
-0.8951078462892768,0.903279083364522,0.25946694575610385
1.0525482830366881,-1.3428091431408828,0.2148300971838434
1.656508957755556,-1.6622528020216518,-0.6820126221253282
0.3689958914944025,0.10966124333261766,-0.5652093591750378
-0.7780612039018993,1.0180791482748002,0.01049018426224422
1.3849607474168408,-0.9035741121798211,0.34774052483119955
-0.7359244126424417,0.6287571890138628,-0.9873644600589183
1.0150933574727246,-1.3378178359708683,-0.9094605262299726
-0.09919067805510785,0.27437437994301317,-0.5855275473223167
-0.7452881440334334,0.7934703256242583,-0.20974634218390995
1.1087306713826282,-0.8736262691597478,-0.8725614332474788
-1.0074726229811601,0.9581834622346538,4.83190148358393
-0.7452881440334334,0.5888267316537675,1.8065969613644601
-1.2134747135829438,1.2476792780953567,-0.11947252696996294
-0.6937876213829874,1.157835749035137,-0.9075655656773767
-0.843607323638831,0.6337484961838774,-0.3608694462534388
0.5094518623592543,-0.149886729508012,-0.9500442647314031
1.3802788817213432,-0.9534871838799455,-1.201968742640412
-1.0355638171541286,0.978148690914705,0.08455155919287005
2.7146106049374485,-1.4027048291810222,-1.1684384684180888
1.0993669399916364,-1.3428091431408828,0.65646118152496
1.0806394772096564,-1.3677656789909414,0.2764163151432125
-0.8014705323793734,0.6786702607139872,-0.4363520415985116
-0.9044715776802651,0.7884790184542508,0.08623596857295564
1.3240964933754031,-1.5774005801314468,-0.9504127292832967
1.3147327619844116,-1.5724092729614323,-1.22907720610116
1.4364612700672867,-0.8985828050098136,-0.19979779928278113
-0.7265606812514533,0.8234181686443315,-9.001215641674433e-05
-0.10387254375060535,0.2993309157930718,0.06597041821880405
1.0057296260817363,-1.4426352865411174,-0.23532830964395557
1.0478664173411905,-1.2529656140806633,-0.7269652974563551
0.6264985047466318,-1.1980612352105313,-0.5616826270354842
-0.5580135162136298,-0.05505189327778493,2.5627914974365082
-0.7499700097289275,0.7186007180740824,-0.5433120372339288
0.8699555209123787,-0.1648606510180486,-0.4583020013327483
-0.7546518754244217,0.6886528750540092,-0.803711199836492
-0.5767409789956098,0.019817714272398066,-0.38518810667842035
1.389642613112335,-0.8636436548197258,-0.25164602551353205
0.930819774953813,-1.4825657439012196,0.29368151128908687
1.9186934367032795,-1.138165549170385,-1.5430090043145592
0.766954475611487,-1.1731046993604728,0.9291249499262693
-0.7218788155559558,0.6936441822240167,-0.25906795434453295
-0.6750601586010074,1.3425141143255837,-1.1491730361333632
-0.6469689644280358,0.5289310456136211,2.6269043294660053
0.912092312171833,-1.3777482933309635,-0.25827838744761794
-0.7967886666838793,0.6187745746738408,-0.3076526374013685
2.344743214993336,-1.2529656140806633,0.07502411863676275
-1.0168363543721486,1.2876097354554519,-0.5477862496497803
0.8652736552168813,-1.297887378610773,1.1013031712468648
1.0150933574727246,-1.4326526722010953,-0.2055879565268242
0.804409401175447,-1.1780960065304873,-0.4022427516517841
1.3428239561573831,-1.447626593711132,0.17298305164734884
-1.3398850873613097,1.23270535658532,1.0033442382362783
-0.8155161294658593,0.5938180388237821,1.423235914015669
-0.8155161294658593,1.1129139845050273,0.7855290502739971
-0.7265606812514533,0.4840092810835185,1.5998357099589884
1.3802788817213432,-0.9634697982199675,-1.6412837640839115
-0.066417618186642,0.1495917006927129,-0.7987106094893637
-0.8155161294658593,0.8633486260044267,1.533354177238746
0.823136863957427,-1.2479743069106486,0.6013494121202937
-0.7218788155559558,0.6287571890138628,-1.2376045285878419
1.0759576115141622,-1.3677656789909414,-0.19042827210605648
-0.9138353090712568,0.7934703256242583,1.8568134160082532
1.0900032086006481,-1.233000385400619,-0.5058339285270306
0.40176895136286833,-0.9534871838799455,-0.9993132390988984
1.0150933574727246,-0.8187218902896161,-0.890668834083396
0.785681938393467,-1.233000385400619,1.2284760794433056
1.5300985839771868,-2.0565660684525966,-0.8801939132509904
1.427097538676295,-0.8586523476497183,-1.0589518587125437
1.4036882101988208,-0.9235393408598722,-0.6659580952213902
0.8371824610439128,-1.148148163510414,1.3534382003283845
0.8933648493898529,-0.5741478389590301,0.1832474213072436
0.3174953688439566,0.1196438576726397,0.09844793657857372
-0.7780612039018993,0.5538875814636869,-0.00045847670831024816
-0.7640156068154134,0.5688615029737164,-0.24801401778772292
-0.8529710550298193,0.8034529399642875,0.47538717316578916
0.22385805493405322,-0.010130128747675132,-0.8530854497902425
-0.21623732044248545,0.0447742501224567,-0.3925047599231659
1.2491866422474798,-1.3627743718209269,-0.5836325867697209
1.6471452263645643,-1.0832611703002533,-0.5635775875880802
1.0993669399916364,-0.8287045046296452,0.6135087423327847
0.9401835063448046,0.30432222296308636,0.1934065153808833
1.5113711211952068,-0.6739739823592718,-0.35160519466296947
1.0665938801231705,-1.4825657439012196,0.9261772335111204
-0.7125150841649674,0.6187745746738408,2.2964969020036463
-0.3239202314388747,-0.43938254536870774,-0.12026209386687796
0.7810000726979694,-1.0932437846402823,1.197840883843004
1.2960052992024316,-0.9035741121798211,0.5329202810543281
-0.7452881440334334,0.5289310456136211,3.325407844270132
-0.8670166521163051,0.6636963392039505,-0.8530854497902425
1.782919331533922,-0.9784437197300041,-0.6651158905313476
2.302606423733878,-1.3677656789909414,-0.1676361076817772
1.1180944027736197,-1.22301777106059,0.5256562656027103
-0.7031513527739758,0.733574639584119,5.858285811780286
1.1602311940330738,-0.8486697333096892,-0.7487573438112087
1.2725959707249574,-1.183087313700495,0.28494363762989416
1.0853213429051538,-1.2280090782306046,-0.36781763494629066
1.370915150330355,-0.9584784910499529,-1.0366334344264134
2.297924558038384,-1.4027048291810222,-0.6191630971308953
1.0900032086006481,-1.233000385400619,-0.8577702133786048
0.841864326739407,-1.3128613001208096,0.7218899583826487
-0.6422870987325416,0.5089658169335771,2.280442375099708
0.20981245784756739,0.24941784409295453,-0.4583020013327483
-0.6422870987325416,0.15957431503273492,-0.6320067186540458
0.9074104464763387,-1.2379916925706267,1.175943561901895
-1.199429116496458,1.1328792131850784,-0.16431992671473425
1.1321399998601023,-0.8636436548197258,-1.4321011741945675
-0.6656964272100158,0.5988093459937897,-0.06588725356599912
0.9589109691267846,-1.0932437846402823,-0.3606062572878004
0.9823202976042588,-1.4226700578610734,0.07502411863676275
-0.8061523980748709,0.7186007180740824,0.5474483119575642
1.3615514189393632,-1.522496201261315,0.34005540703456044
-0.8014705323793734,0.6836615678839947,-0.37734507550239815
-0.6188777702550641,0.5638701958037089,0.08391990567533812
-0.8389254579433334,0.9082703905345365,1.447554574440651
-0.8904259805937826,0.8234181686443315,0.3169474158515152
-0.7406062783379391,0.9232443120445731,-0.5993186491217652
1.338142090461889,-1.7321311024018202,-0.6603784891498578
1.2257773137700056,-1.552444044281388,-0.023040089960078884
-0.8763803835072967,0.7884790184542508,-0.264068544691661
-1.1385648624550204,1.1079226773350197,-0.6818020709528176
1.853147316966351,-1.1631220850204507,-0.42540338062795713
-0.8014705323793734,0.7635224826041851,-0.2362231521271259
-0.7171969498604617,0.9531921550646464,-0.8568227331023067
-0.8857441148982851,1.3325314999855546,-0.7892884445195114
-0.8201979951613534,1.0180791482748002,-0.38924121674925055
-0.7218788155559558,0.9631747694046684,-0.43198310476891544
0.30813163745296496,-0.10995627214791677,0.2216203724973119
0.9963658946907447,-1.447626593711132,0.6940972036112413
-1.3679762815342813,1.1977662063952323,-1.6329143549766127
-0.7406062783379391,0.5888267316537675,0.0761295122924435
1.0104114917772304,-1.4326526722010953,1.3423842637715742
-0.6984694870784817,0.5588788886336944,2.153848482627672
-0.7593337411199192,0.8383920901543681,-0.1279998494566448
-0.6422870987325416,0.6437311105238994,0.5856633497682494
-1.0121544886766545,0.9731573837446904,1.3771778450289616
1.1649130597285682,-0.8287045046296452,0.04175703338007783
2.29324269234289,-1.4176787506910586,-0.9652039491521709
0.3221772345394508,0.1196438576726397,-0.7214909669710777
1.1180944027736197,-1.148148163510414,-0.6118464438861497
1.0853213429051538,-1.2529656140806633,0.5261300057408591
-0.6750601586010074,1.1228965988450563,0.44822607191191377
1.4224156729808008,-0.883608883499777,0.0866044331248489
0.9542291034312904,-1.2729308427607144,0.0362300651016727
2.316652020820364,-2.2811748911031384,-0.6168996720264056
1.0104114917772304,-1.4276613650310879,-0.22801165639920998
0.9214560435628246,-1.2429829997406412,1.0526132126037737
0.8137731325664354,-1.2379916925706267,0.9383365637236109
-0.8014705323793734,0.8483747044943901,1.150887972373126
-0.7265606812514533,0.8383920901543681,-0.3557109425269274
-0.5861047103865983,0.12962647201266173,-0.754389587675869
0.42517827984034257,0.0896960146525665,-1.0863761489320578
-0.7312425469469475,0.6087919603338188,0.5365522887801369
0.537543056532226,-0.0899910434678656,-0.8304511987453461
-1.3492488187523013,1.2776271211154229,0.044125734070822646
-0.7452881440334334,0.5439049671236578,-0.10736583455059971
-0.6937876213829874,1.1428618275251006,-0.030619932170462875
-1.3492488187523013,1.1778009777151883,-1.4788435344919348
-0.7218788155559558,0.733574639584119,0.5286566198109873
-0.6610145615145216,0.6636963392039505,-0.21980016067129407
-0.7218788155559558,0.6537137248639214,-0.013617924990226675
0.7903638040889611,-1.1531394706804217,-0.5874751456680405
-0.6984694870784817,0.6038006531638042,-0.0991543388226838
-0.33796582852536056,1.2676445067754007,-0.5504181393061636
-0.7499700097289275,0.5638701958037089,-0.12931579428483644
-1.1011099368910602,1.1977662063952323,0.6884649597465811
-0.6891057556874933,0.46903535957348186,1.887764438367321
-0.6937876213829874,0.7235920252440898,-0.23896031736976445
0.7763182070024753,-1.0932437846402823,1.7139018076666401
1.3849607474168408,-0.9035741121798211,-0.4500905056048324
0.631180370442126,-0.24971287290824654,-0.7010675032375433
0.6686352960060894,-0.6340435249991765,-1.4425760950269728
-0.6563326958190274,0.5688615029737164,-0.24706653751142504
0.5656342507051977,-0.1049649649779022,-0.34528865948764953
1.0665938801231705,-0.3744955521585468,0.2654676541726578
1.6424633606690702,-1.0233654842601139,-1.1477518157189162
-0.6376052330370441,0.5389136599536503,0.3733751300843729
-0.810834263770365,0.5688615029737164,0.809637159526468
1.0619120144276764,-1.4825657439012196,0.298366274877449
-0.810834263770365,0.7735050969442142,0.8892781405286265
0.26599484619351077,0.11465255050262514,-0.9671515474978944
-1.2696571019288838,1.212740127905269,0.5789783500410359
0.9261379092583187,-0.6839565966992938,-0.01761839726792931
-0.8248798608568509,1.1228965988450563,0.4957579991061961
-1.185383519409972,1.2376966637553275,-0.021829420718142586
0.6405441018331177,-1.108217706150319,0.490283668620919
-0.792106800988385,0.818426861474317,1.1479928937511041
0.42517827984034257,0.0896960146525665,-1.13390807612634
-0.773379338206405,0.6886528750540092,-1.2887158257148055
-0.5720591133001157,0.12962647201266173,0.13750517907930196
1.0525482830366881,-1.2529656140806633,-0.775655256099446
1.413051941589809,-0.9285306480298868,-0.36902830418822696
1.0525482830366881,-1.5674179657914176,0.23256903346786661
-0.7546518754244217,1.127887906015064,0.7070461007206469
-0.7593337411199192,0.6986354893940312,-0.5741577840067409
-1.3352032216658154,1.2676445067754007,-0.6842760472298179
-0.7452881440334334,0.5239397384436137,3.65176216166166
-0.8155161294658593,0.7036267965640458,-1.124485911156488
0.785681938393467,-1.2379916925706267,2.8209272349345813
0.9635928348222788,-1.1032263989803044,0.25404525306395426
2.302606423733878,-1.2429829997406412,-0.18516449279329
-0.7546518754244217,0.4840092810835185,2.401561937086467
-0.5767409789956098,0.3192961444731159,-0.08499477247134173
-1.166656056627992,1.2227227422452909,0.1544545484664106
-0.6422870987325416,0.5488962742936724,0.8993319590160106
-1.3492488187523013,1.2926010426254593,-0.46430270974930227
-1.1947472508009638,1.362479343005628,0.08955214953999834
-0.7359244126424417,0.6886528750540092,-1.4127304663235865
-0.7171969498604617,0.7485485610941556,-0.22801165639920998
0.8325005953484154,-1.1880786208705094,0.46943910254236326
-0.7546518754244217,0.5339223527836358,-0.4617760956791743
-1.096428071195566,1.1827922848851957,0.08686762209048755
0.8137731325664354,-0.7188957468893815,-0.7960787198329804
-0.773379338206405,0.6287571890138628,-0.9846799326094072
0.3034497717574708,0.18453085088279356,-1.1510153588928314
0.5234974594457401,-0.09498235063788016,-0.884668125666842
2.569472768377099,-0.9484958767099309,-0.5477862496497803
-0.792106800988385,1.072983527144932,0.1485064778429842
-0.6984694870784817,0.7685137897741997,0.45275292212089324
-0.6001503074730841,0.03479163578243467,4.1629804085175515
-1.3211576245793297,1.1528444418651225,-0.5414170766813328
-0.6188777702550641,0.573852810143731,0.04612597020967397
-0.7593337411199192,0.6636963392039505,-1.0997987861796126
1.0431845516456963,-1.352791757480905,-1.0201051673843264
0.8886829836943587,-1.3877309076709856,2.054784155961405
1.7922830629249136,-2.1314356760027797,-0.7113845106905659
1.764191868751942,-1.0882524774702678,-0.7244913211793548
-0.8295617265523451,0.5988093459937897,0.13071490376583297
-1.3679762815342813,1.242687970925342,-1.2572910632175889
-0.7359244126424417,0.818426861474317,-0.2163787041179958
-0.005553364145207782,-0.0600432004477924,-0.9222515099599956
-0.7452881440334334,0.6886528750540092,-0.891300487600928
-0.7452881440334334,0.6786702607139872,-0.8866683618056934
1.7735556001429336,-1.8868616246721865,-0.8991435187769501
1.2772778364204516,-0.5591739174489935,-0.6037928615376169
1.394324478807829,-0.4343912381986932,-0.18500657941390689
1.3849607474168408,-0.9534871838799455,-1.1891251211172615
-0.8576529207253167,0.7735050969442142,2.4342500066187482
-1.3445669530568072,1.242687970925342,-0.41445471965740266
-0.7359244126424417,0.5638701958037089,-0.32433881782283847
1.1227762684691138,-0.8736262691597478,-0.6824337244703498
-0.8904259805937826,0.8334007829843535,-0.319390865268838
0.9870021632997563,-1.4426352865411174,3.73113995369818
-0.7265606812514533,0.6387398033538848,-0.7741287600987438
1.6284177635825843,-1.6572614948516373,-0.8504009223407315
-0.6563326958190274,0.5988093459937897,-0.14247524256675287
0.5609523850097001,-0.050060586107770366,0.6399329144828731
-0.8061523980748709,0.7086181037340533,-0.47709369347932495
1.4177338072853034,-0.8486697333096892,0.14082136004634513
-0.5767409789956098,1.3125662713055106,-0.9141979276114626
1.0946850742961423,-0.3645129378185248,-0.7351767931842708
-0.7265606812514533,0.6936441822240167,-0.4615129067135359
2.012330750613183,-0.6889479038693083,-0.5569978634471219
0.8559099238258929,-1.148148163510414,5.858285811780286
-0.63292336734155,0.4340962093833941,0.44090941866716843
0.5094518623592543,0.009835099932376032,-0.9049336760209934
2.1246955273050663,-1.5724092729614323,-1.3063494864125735
1.6471452263645643,-1.0034002555800627,-1.2507113390766307
-0.6235596359505616,0.5139571241035845,2.287232650413177
-0.7031513527739758,0.6287571890138628,1.788910662873564
0.3221772345394508,-0.09997365780788764,0.06418073325246337
-0.6891057556874933,0.6187745746738408,-0.0403052861059535
-0.2724197087884288,-0.45435646687874437,-0.5528921155831639
-0.8389254579433334,0.8483747044943901,0.33716032841253857
1.4036882101988208,-0.9435045695399163,-1.2162862223711373
0.6030891762691577,-1.0932437846402823,-0.3416566517618406
-1.3445669530568072,1.3225488856455325,0.7387340521835017
-0.9419265032442286,0.8234181686443315,1.4283417799490528
1.394324478807829,-0.9784437197300041,-0.10099666158215226
0.7903638040889611,-0.46933038838878094,-0.8215554117067707
-0.7171969498604617,0.9232443120445731,-0.38055598088318576
-1.0542912799361086,1.167818363375159,-0.5428909348889073
1.0291389545592105,-1.3428091431408828,-0.6284273487213644
1.431779404371789,-1.1032263989803044,-0.6281115219625985
1.3100508962889175,-1.5075222797512784,-0.21822102687746403
-0.6282415016460557,0.1495917006927129,0.7657372400579946
-0.881062249202791,0.8733312403444559,0.39237737340346046
-0.6797420242965017,0.6038006531638042,-0.8238188368112602
-1.2509296391469038,1.157835749035137,1.4471334720956297
-0.810834263770365,1.0380443769548513,-0.13873795925468865
1.0197752231682222,-1.3577830646509195,-1.7742994673175232
-0.7171969498604617,1.0979400629949907,-0.7799715551359145
-0.43628500813075477,0.7186007180740824,-1.4428392839926112
-1.3726581472297754,1.2726358139454153,0.16477155591943293
-0.8155161294658593,1.0230704554448147,0.6836749205719634
-0.6422870987325416,0.5139571241035845,3.7028208209954965
0.7248176843520294,-0.7438522827394402,-0.4104542473797
-0.7452881440334334,1.1927748992252178,-0.09641717358004524
0.766954475611487,-1.1780960065304873,1.131148799950251
-0.7452881440334334,0.9581834622346538,0.03312443530714063
-0.6282415016460557,0.1346177791826763,-1.0222633169025606
-0.7546518754244217,0.7136094109040678,-0.6152152626463202
-0.17410052918303123,0.3093135301330938,0.06807592994391068
2.1340592586960545,-1.3328265288008536,-0.08983744943908692
-0.7265606812514533,0.6636963392039505,0.5862423654926537
0.6171347733556435,-1.233000385400619,0.05054754483239788
0.20513059215207322,0.2843569942830352,-0.46803999306136645
0.823136863957427,-1.2579569212506778,0.8779083772130505
-0.4924673964766982,0.7435572539241411,0.15856029633036833
0.9729565662132704,-1.4326526722010953,0.6050340576392306
1.0057296260817363,-1.297887378610773,0.1601920679173259
-0.6750601586010074,0.5488962742936724,0.011227113366031462
0.500088130968266,0.009835099932376032,-0.790604389347703
-0.6610145615145216,0.6886528750540092,3.142807339910259
-1.3211576245793297,1.167818363375159,-0.03583107369010181
0.4626332054043026,-1.1731046993604728,-0.7076472273785016
0.7575907442204953,-1.118200320490341,-0.9695202481886395
0.9074104464763387,-1.372756986160949,-0.4617760956791743
-0.7312425469469475,0.8084442471342949,0.12976742348953532
-1.3164757588838354,2.0962014969973928,-0.1564242577455843
1.0478664173411905,-1.3577830646509195,0.002278688534328311
-0.8389254579433334,0.7834877112842362,0.07012880387588954
1.2725959707249574,-1.1930699280405168,0.11745017989766124
0.9870021632997563,-1.4176787506910586,-0.3102318892646242
-0.8295617265523451,0.7435572539241411,-0.2828602368382379
-0.8342435922478393,0.7984616327942728,0.0712868353246983
-0.6937876213829874,1.1528444418651225,-0.1436332740155616
-0.7780612039018993,0.6786702607139872,0.0369143564123324
-0.8342435922478393,0.5988093459937897,1.007660537272747
-1.3539306844477954,1.2476792780953567,-0.5814217994583589
1.3662332846348575,-0.9634697982199675,0.7187843285881166
1.5628716438456527,-1.5374701227713516,-1.410414403425969
1.216413582379014,-1.532478815601337,0.1075542747896602
0.21449432354306489,0.254409151262962,-0.10110193716840758
-0.8763803835072967,0.7186007180740824,0.35595202055911546
-0.7686974725109076,0.5788441173137455,-1.4065718445276494
0.6826808930925753,-1.22301777106059,0.5213399665662419
0.8090912668709411,-1.2080438495505534,0.8576428268588991
-0.9091534433757626,0.7884790184542508,0.7660004290236327
1.1695949254240656,-0.8486697333096892,-0.891458400980311
-0.6563326958190274,0.13960908635268376,-0.5099923141841162
1.1742767911195597,-0.8636436548197258,-0.34655196652271364
0.7810000726979694,-1.1780960065304873,0.6195620885424662
-0.7546518754244217,0.5538875814636869,0.7297856273517989
-0.8201979951613534,0.8733312403444559,1.6748972029590399
0.5047699966637601,-1.0233654842601139,0.2497289540274859
-0.7499700097289275,1.2576618924353786,-1.3008751559272962
-0.7967886666838793,0.7685137897741997,0.7384708632178636
-0.6376052330370441,0.15957431503273492,0.47480815744138527
0.7622726099159894,-1.138165549170385,1.552145869385323
-0.8904259805937826,0.9132616977045511,0.12950423452389667
-1.3492488187523013,1.2277140494153056,-0.9583610360455744
-0.881062249202791,0.6337484961838774,0.9424423115875691
-0.67037829290551,0.7186007180740824,1.3465426494286599
0.7903638040889611,-0.4593477740487518,-0.44445826174017217
-0.7125150841649674,0.6886528750540092,-0.8969327314655882
-0.792106800988385,0.6387398033538848,-0.7005411253062667
-0.7312425469469475,0.9631747694046684,-0.3486574782478203
1.2304591794654998,-1.5175048940913003,0.42774997038525175
1.0010477603862422,-1.4326526722010953,0.26109871734306145
-0.8716985178117993,0.7884790184542508,-0.3581849188039278
-0.7218788155559558,1.043035684124859,-0.36155373756409825
-0.7780612039018993,0.6387398033538848,-1.103957171836698
-0.8482891893343251,0.7535398682641631,0.40801079796237727
-0.7499700097289275,0.5339223527836358,1.3734931995100252
-0.6844238899919958,0.7285833324141044,0.5891900819078032
1.3428239561573831,-0.9584784910499529,-0.2903874412554941
-0.7686974725109076,0.7635224826041851,-0.33412944734458444
-0.6844238899919958,0.7136094109040678,0.09565813354280737
-0.7967886666838793,0.6537137248639214,-1.252237835077333
0.612452907660146,-1.1331742420003776,0.5690298071399069
-0.7359244126424417,0.6487224176939139,-1.2510271658353969
0.556270519314206,-0.1049649649779022,-0.12931579428483644
1.8250561227933795,-1.3278352216308462,-1.315876926968681
-0.9934270258946744,0.9332269263845951,1.5566200818011744
0.8090912668709411,-1.2479743069106486,3.2445561940260363
1.6424633606690702,-0.30461725177838544,-0.4385628289098735
-1.3867037443162613,1.23270535658532,-1.3665671217506234
1.370915150330355,-0.9435045695399163,-0.8728246222131173
-0.7406062783379391,0.6287571890138628,-0.38429326419525
1.0806394772096564,-1.3877309076709856,-1.1651749252441737
-0.8342435922478393,0.6936441822240167,-1.6686027787171702
0.9027285807808446,-1.183087313700495,2.383928276388699
-0.7125150841649674,1.1728096705451736,-0.9642564688758728
-0.7499700097289275,0.5788441173137455,-0.5415749900607156
1.0619120144276764,-1.5674179657914176,-0.3977685392359324
2.4524261259897218,-2.246235740913051,-1.6329669927697406
-0.6937876213829874,1.1428618275251006,-0.021829420718142586
0.9870021632997563,-1.4226700578610734,0.41269556155073933
-0.7359244126424417,0.7884790184542508,-0.6878027793693716
0.5843617134871777,-1.0133828699200846,0.4793350076503643
0.9916840289952504,-1.4176787506910586,-0.6405340411407277
-1.2462477734514095,1.242687970925342,0.8357455049177902
-1.1385648624550204,1.1827922848851957,0.8802770779037951
2.0076488849176886,-1.297887378610773,-1.0353174895982218
1.1180944027736197,-0.8636436548197258,-0.5360480217823108
0.8278187296529211,-1.2529656140806633,1.0835115971697136
-0.7406062783379391,0.5788441173137455,1.0554556534326676
1.534780449672681,-1.5674179657914176,-1.313666139657319
-0.8951078462892768,0.8533660116644047,-0.16821512340618158
-0.8014705323793734,0.573852810143731,-0.032672806102441734
-1.2930664304063613,1.3524967286656058,0.6220360648194664
-1.3024301617973497,1.2826184282854374,0.7428924378405874
-0.7593337411199192,0.5588788886336944,1.0506129764649224
-0.7780612039018993,0.6137832675038262,0.8576428268588991
0.6920446244835636,-1.1880786208705094,2.034623881193509
-0.7593337411199192,1.1228965988450563,0.2819432834216172
-1.1385648624550204,1.2077488207352542,0.08534112608978507
-0.7406062783379391,0.5439049671236578,2.9747875042467493
1.712691346101496,-0.8736262691597478,-0.1596878009194997
-0.7546518754244217,0.8883051618544854,1.3453846179798512
1.3475058218528775,-0.9884263340700261,0.015438136816244738
1.0619120144276764,-1.4725831295611906,0.2912075350120863
0.8886829836943587,-1.352791757480905,-0.17168921775260737
1.0572301487321822,-0.8586523476497183,0.9884477427811489
0.879319252303367,-0.6390348321691839,-1.2199182300969462
-0.7780612039018993,0.583835424483753,1.0968289588310127
-0.7406062783379391,0.6786702607139872,-0.9209882029249316
-0.7967886666838793,0.6337484961838774,-0.35176310804235256
-0.6656964272100158,0.5938180388237821,-0.41445471965740266
-1.433522401271213,1.2376966637553275,0.6722525194632599
-0.6937876213829874,0.8683399331744412,2.209539267756743
0.9823202976042588,-1.457609208051154,0.9210187297846089
-0.6984694870784817,0.6886528750540092,-0.13942225056534835
-0.792106800988385,1.167818363375159,-0.4167707825550199
-0.9044715776802651,0.8982877761945145,0.8180592064268946
-0.7640156068154134,0.6087919603338188,0.7766859010285488
1.3662332846348575,-0.9035741121798211,0.24114899374767626
-0.8201979951613534,0.7136094109040678,0.09476329105963728
-0.6844238899919958,0.7535398682641631,1.7745405453497116
0.949547237735793,-1.1581307778504362,-0.9221988721668678
-0.5205585906496665,1.4173837218757597,-1.481159597389552
0.9870021632997563,-1.4176787506910586,-0.11989362931498422
1.3662332846348575,-0.883608883499777,0.1442428165996434
0.9027285807808446,-1.22301777106059,0.8964368803939887
-0.773379338206405,0.6038006531638042,-0.15126575401907313
-0.773379338206405,0.6038006531638042,-0.578737272008848
-0.7265606812514533,0.6537137248639214,-1.0263164269733909
-1.2696571019288838,1.212740127905269,-0.3450781083151389
1.0525482830366881,-1.3478004503108902,-0.7109634083455446
-0.6376052330370441,0.5488962742936724,0.9844999082965742
-0.08046321527312784,-0.5441999959389568,0.34068706055209236
-0.12728187222807955,0.26439176560298405,-1.070900637752524
2.335379483602344,-1.3927222148410001,-0.8317671435735378
1.0385026859502022,-1.352791757480905,-1.126801974054105
-0.7686974725109076,1.1029313701650052,-0.4747249927885801
0.9776384319087646,-1.4226700578610734,-1.385411451690328
1.0759576115141622,-0.7388609755694255,-0.31354807023166714
-0.6750601586010074,0.6337484961838774,0.48844134586145077
-0.7171969498604617,0.733574639584119,-0.6397444742438126
-0.61419590455957,0.573852810143731,0.24751816671612395
-0.6469689644280358,0.4640440524034673,0.8062683407662973
-0.6469689644280358,0.5439049671236578,0.6796744482942608
-0.7780612039018993,0.5938180388237821,1.1308329731914852
1.6330996292780784,-1.8070007099519962,-0.8201868290854514
1.431779404371789,-0.1049649649779022,-0.7478098635349106
0.022537830027763904,0.7535398682641631,-0.8530854497902425
-0.792106800988385,0.6736789535439726,-0.23074882164184854
0.6826808930925753,-0.723887054059389,-0.9733101692938315
-0.8576529207253167,0.6287571890138628,0.09044699202316892
-1.255611504842398,1.1927748992252178,1.291220328851483
-0.843607323638831,0.7535398682641631,0.34705623352054005
-0.8716985178117993,0.7735050969442142,0.6737790154639619
-0.899789711984771,0.7884790184542508,-0.5838957757353591
-0.6422870987325416,0.6287571890138628,0.13855793494185514
-0.7640156068154134,0.9931226124247415,0.07002352828963446
-1.3492488187523013,1.157835749035137,-0.878509503870905
-0.2068735890514971,-0.6190696034891399,-0.056412450803019126
0.9261379092583187,-1.0233654842601139,0.9754988456717433
1.782919331533922,-2.106479140152721,-0.3440253524525857
-0.810834263770365,0.573852810143731,1.0995661240736516
1.216413582379014,-1.213035156720568,0.7332070839050971
-1.1385648624550204,1.1428618275251006,0.2485182847855496
-1.4288405355757188,1.2626531996053862,0.610824214883274
-0.6376052330370441,0.6187745746738408,-0.387293618403527
0.8933648493898529,-1.2180264638905827,0.5944538612205696
1.5113711211952068,-0.23473895139821704,-0.04293717576233674
-0.862334786420811,0.6437311105238994,-0.29991488181160164
-0.67037829290551,0.49898320259355505,-0.3626064934266517
-0.810834263770365,0.6886528750540092,-0.9872065466795352
-1.3164757588838354,1.1728096705451736,-0.18279579210254493
-0.7640156068154134,1.2626531996053862,-0.18169039844686397
-1.3539306844477954,1.2027575135652468,-0.428245821456851
-0.7780612039018993,0.6736789535439726,-0.5209409751546709
-0.899789711984771,1.6619577732063526,-0.5847379804254019
-0.7312425469469475,0.7635224826041851,-0.7946048616254057
0.33622283162593664,0.07472209314252991,-1.161279728552726
-1.2696571019288838,1.212740127905269,-0.029830365273547856
0.8933648493898529,-1.1980612352105313,0.44364658390980677
1.389642613112335,-0.9085654193498356,-0.7089631722066932
