fixed acidity,volatile acidity,citric acid,residual sugar,chlorides,free sulfur dioxide,total sulfur dioxide,density,pH,sulphates,alcohol
-0.09523809523809534,0.3599999999999999,-0.6060606060606062,-0.2857142857142859,0.0,0.35714285714285715,0.047619047619047616,0.07522123893805331,0.42105263157894784,0.0,-0.06249999999999979
-0.28571428571428603,-0.48,0.1515151515151515,0.28571428571428525,-0.23809523809523842,-0.35714285714285715,0.16666666666666666,-0.26548672566373205,0.5263157894736848,-0.44444444444444436,-0.49999999999999944
1.7142857142857144,0.1200000000000001,1.3636363636363638,3.1428571428571423,2.1428571428571437,-0.5714285714285714,-0.5714285714285714,0.7079646017698702,-1.5789473684210544,1.166666666666667,1.000000000000001
-0.1904761904761907,0.2799999999999998,0.9090909090909093,1.2857142857142854,3.523809523809525,-0.6428571428571429,-0.5952380952380952,-0.9026548672566398,-0.5263157894736848,2.2777777777777786,0.8750000000000004
-0.28571428571428603,1.88,-0.6363636363636365,-0.14285714285714296,-0.8571428571428577,0.42857142857142855,0.23809523809523808,0.11061946902653455,0.0,-0.38888888888888873,-0.31250000000000006
0.4761904761904763,-0.6400000000000001,0.4242424242424243,1.9999999999999993,1.4761904761904767,-0.14285714285714285,-0.35714285714285715,-0.5796460176991196,-0.42105263157894784,0.44444444444444436,1.1250000000000007
0.7619047619047619,0.20000000000000018,0.21212121212121215,0.28571428571428525,0.47619047619047616,1.5,0.6666666666666666,0.17699115044245528,-0.15789473684210661,0.6111111111111113,1.000000000000001
0.09523809523809491,0.14000000000000012,-0.24242424242424251,-0.4285714285714288,0.04761904761904768,-0.07142857142857142,-0.09523809523809523,0.17699115044245528,-0.05263157894736965,-0.16666666666666688,-0.7499999999999997
0.2857142857142856,-0.6799999999999999,0.4242424242424243,3.5714285714285707,-1.1428571428571435,-0.7857142857142857,-0.7142857142857143,0.2566371681415994,0.3684210526315782,0.2222222222222225,0.8750000000000004
0.14285714285714238,-0.76,0.4848484848484848,0.14285714285714232,0.9047619047619053,-0.7857142857142857,-0.7142857142857143,-0.7699115044247983,-0.21052631578947392,-0.38888888888888873,1.312500000000001
1.1428571428571432,-0.6799999999999999,0.787878787878788,0.8571428571428564,3.809523809523811,0.07142857142857142,0.8571428571428571,1.327433628318562,-0.6842105263157892,0.11111111111111124,-0.49999999999999944
2.571428571428572,-0.8800000000000001,1.484848484848485,0.8571428571428564,0.23809523809523842,0.6428571428571429,0.09523809523809523,0.796460176991147,-1.4210526315789478,0.33333333333333376,0.7500000000000009
0.5714285714285712,-1.04,0.24242424242424251,-0.2857142857142859,-0.38095238095238143,2.2142857142857144,0.6666666666666666,0.39380530973448263,0.6842105263157892,1.3333333333333337,0.0
-0.4285714285714288,0.1200000000000001,-0.5151515151515152,-0.2857142857142859,0.09523809523809536,-0.2857142857142857,-0.5476190476190477,-0.8893805309734655,0.6315789473684218,-0.16666666666666688,0.8125000000000007
-0.4761904761904763,-0.08000000000000007,-0.4848484848484849,0.14285714285714232,-0.23809523809523842,-0.14285714285714285,-0.21428571428571427,-0.3982300884955735,0.5789473684210521,-0.2222222222222225,0.0
0.23809523809523814,0.20000000000000018,-0.6666666666666667,-0.2857142857142859,0.14285714285714304,-0.2857142857142857,-0.40476190476190477,0.3539823008849597,-0.47368421052631515,-1.0000000000000002,-0.37499999999999983
0.5714285714285712,1.1400000000000001,-0.787878787878788,0.5714285714285712,0.80952380952381,-0.21428571428571427,-0.30952380952380953,1.1504424778760576,0.21052631578947392,1.166666666666667,-0.49999999999999944
-0.3809523809523814,0.7199999999999998,-0.6666666666666667,-0.14285714285714296,-0.5238095238095238,0.35714285714285715,-0.2857142857142857,0.14159292035397403,0.6842105263157892,0.2777777777777781,-0.24999999999999917
0.1904761904761907,-0.3600000000000001,0.36363636363636365,0.4285714285714282,0.7142857142857145,0.7142857142857143,0.5,0.4867256637168011,0.0,0.44444444444444436,0.375000000000001
-0.23809523809523814,-0.8800000000000001,0.36363636363636365,-0.7142857142857144,-0.80952380952381,-0.35714285714285715,-0.21428571428571427,0.0,0.5263157894736848,-0.5,-0.43749999999999967
-0.04761904761904788,0.14000000000000012,-0.4242424242424243,0.4285714285714282,-0.5238095238095238,-0.21428571428571427,-0.09523809523809523,-0.3539823008849597,0.15789473684210428,-0.05555555555555562,0.8750000000000004
-0.3333333333333335,0.48,-0.787878787878788,-0.4285714285714288,0.8571428571428577,0.0,-0.023809523809523808,-0.02212389380530691,0.3157894736842109,-0.2222222222222225,-0.7499999999999997
-0.1428571428571432,-0.08000000000000007,0.21212121212121215,-0.4285714285714288,-0.23809523809523842,0.9285714285714286,1.0952380952380953,0.11504424778757627,0.5263157894736848,-0.2222222222222225,-0.7499999999999997
-0.28571428571428603,1.6,-0.4848484848484849,-0.5714285714285715,-0.23809523809523842,0.42857142857142855,0.40476190476190477,-0.03539823008848123,0.21052631578947392,-0.33333333333333315,-0.6250000000000001
-0.28571428571428603,-0.1200000000000001,0.18181818181818182,-0.14285714285714296,-0.80952380952381,1.2142857142857142,0.35714285714285715,0.21238938053098563,-0.05263157894736965,0.16666666666666688,-0.12499999999999958
1.5238095238095237,-0.28,0.4848484848484848,0.0,-0.7142857142857145,0.0,-0.47619047619047616,0.34513274336282707,-0.3157894736842109,-0.2777777777777781,0.1250000000000007
-0.1904761904761907,0.56,-0.24242424242424251,6.857142857142855,0.4285714285714285,0.9285714285714286,1.3095238095238095,1.039823008849523,0.3684210526315782,0.8333333333333337,-0.49999999999999944
-0.8095238095238098,0.2799999999999998,-0.787878787878788,-0.8571428571428571,-0.6666666666666669,-0.42857142857142855,-0.5,-0.08849557522122764,1.3157894736842108,1.2222222222222225,-0.49999999999999944
-0.09523809523809534,-0.32000000000000006,-0.030303030303030335,0.5714285714285712,-0.2857142857142861,1.0714285714285714,0.5714285714285714,-0.28761061946903893,0.3157894736842109,-0.2222222222222225,0.1875000000000005
-0.28571428571428603,0.8799999999999999,-0.06060606060606067,-0.4285714285714288,1.3809523809523814,0.2857142857142857,1.5,-0.04424778761061382,-0.2631578947368436,-0.16666666666666688,-0.5624999999999992
-0.28571428571428603,-0.8200000000000001,0.393939393939394,-1.4285714285714286,-0.952380952380953,-0.5,-0.6666666666666666,-1.5442477876105893,-0.10526315789473696,-0.5555555555555556,0.8125000000000007
0.04761904761904746,0.2799999999999998,-0.3030303030303031,-0.2857142857142859,1.952380952380953,-0.7857142857142857,-0.7619047619047619,-1.0,-0.47368421052631515,-0.2222222222222225,0.6250000000000001
-0.4285714285714288,-0.32000000000000006,-0.7272727272727274,-0.4285714285714288,0.04761904761904768,0.07142857142857142,-0.2619047619047619,-0.8318584070796282,0.21052631578947392,1.0555555555555562,0.2500000000000003
-0.4285714285714288,0.52,-0.7272727272727274,-0.14285714285714296,-0.5714285714285715,-0.35714285714285715,-0.38095238095238093,0.08849557522122764,0.8421052631578957,0.2777777777777781,-0.49999999999999944
-0.3809523809523814,0.8199999999999998,-0.787878787878788,0.2142857142857141,-0.38095238095238143,0.5,0.19047619047619047,-0.21238938053098563,-0.10526315789473696,-0.9444444444444446,-0.49999999999999944
-0.09523809523809534,-1.12,0.3333333333333333,-0.5714285714285715,-1.5714285714285723,0.6428571428571429,0.5,0.13274336283184146,0.5263157894736848,0.5,1.1875000000000004
0.04761904761904746,1.2799999999999998,0.030303030303030335,-0.2857142857142859,0.04761904761904768,-0.21428571428571427,0.5714285714285714,-0.12389380530975799,-0.10526315789473696,-0.7777777777777781,-0.24999999999999917
-0.1904761904761907,0.7000000000000002,-0.5757575757575758,0.4285714285714282,-1.0000000000000002,-0.6428571428571429,-0.7142857142857143,-0.21238938053098563,0.3684210526315782,-0.38888888888888873,0.4375000000000008
1.333333333333333,-0.43999999999999995,0.3333333333333333,-0.4285714285714288,0.09523809523809536,0.21428571428571427,-0.23809523809523808,-0.026548672566397764,-1.0,0.16666666666666688,0.6250000000000001
0.5714285714285712,0.040000000000000036,0.21212121212121215,-1.2857142857142856,-0.4285714285714285,-0.35714285714285715,-0.21428571428571427,0.4424778761061873,-0.3684210526315782,-0.11111111111111124,-0.5624999999999992
-0.1428571428571432,-0.32000000000000006,0.09090909090909083,-0.14285714285714296,-0.19047619047619072,0.35714285714285715,0.6428571428571429,0.16814159292032269,0.47368421052631515,0.11111111111111124,-0.43749999999999967
-0.1428571428571432,-0.8800000000000001,0.696969696969697,0.7142857142857141,0.6190476190476192,0.7857142857142857,0.5,0.13274336283184146,0.0,-0.05555555555555562,-0.06249999999999979
0.9047619047619051,0.0,-0.21212121212121215,1.4285714285714282,0.09523809523809536,-0.42857142857142855,-0.21428571428571427,0.7079646017698702,-0.42105263157894784,-0.2222222222222225,0.1875000000000005
-0.4761904761904763,-0.6000000000000001,-0.030303030303030335,0.28571428571428525,0.9047619047619053,-0.6428571428571429,-0.5476190476190477,-0.1769911504425044,0.5263157894736848,-0.11111111111111124,-0.06249999999999979
-0.5714285714285716,1.38,-0.7272727272727274,-0.4285714285714288,-0.7142857142857145,1.0714285714285714,-0.023809523809523808,-0.9203539823008559,-0.05263157894736965,-0.33333333333333315,0.3437500000000005
2.0476190476190474,-0.1200000000000001,0.8484848484848486,0.5714285714285712,0.2857142857142861,0.35714285714285715,0.5952380952380952,1.4159292035397895,-1.105263157894737,-0.05555555555555562,0.1875000000000005
1.0,-0.28,0.696969696969697,0.7142857142857141,-0.09523809523809536,-0.21428571428571427,-0.47619047619047616,-0.2212389380531182,-0.42105263157894784,0.05555555555555562,0.8750000000000004
-0.09523809523809534,-0.48,-0.4242424242424243,-0.7142857142857144,0.8571428571428577,0.35714285714285715,-0.2857142857142857,-0.3716814159292248,-0.7894736842105261,-0.7222222222222225,-0.49999999999999944
2.238095238095238,-0.40000000000000013,0.8484848484848486,0.8571428571428564,1.142857142857143,0.35714285714285715,0.047619047619047616,1.1460176991150157,-0.5263157894736848,0.7777777777777781,0.687500000000001
-0.09523809523809534,0.3599999999999999,-0.787878787878788,0.5714285714285712,-1.1428571428571435,-0.5,-0.6190476190476191,-0.18141592920354613,0.3684210526315782,-0.33333333333333315,0.375000000000001
-0.8095238095238098,0.20000000000000018,-0.5151515151515152,-0.7142857142857144,-1.2380952380952388,0.7142857142857143,-0.16666666666666666,-1.2300884955752016,1.210526315789474,-0.11111111111111124,0.687500000000001
0.0,2.12,-0.6363636363636365,0.0,0.23809523809523842,-0.07142857142857142,-0.23809523809523808,-0.3982300884955735,-0.47368421052631515,-0.38888888888888873,-0.18749999999999936
-0.09523809523809534,0.2799999999999998,-0.7575757575757577,-0.5714285714285715,0.4285714285714285,-0.14285714285714285,-0.5,-0.4955752212389337,0.052631578947367315,-0.33333333333333315,0.1875000000000005
-0.1904761904761907,0.48,-0.4242424242424243,4.1428571428571415,1.5238095238095244,2.5714285714285716,1.6904761904761905,0.6637168141592564,-0.2631578947368436,0.8333333333333337,-0.49999999999999944
2.1428571428571432,-0.6400000000000001,0.696969696969697,0.5714285714285712,0.0,0.9285714285714286,0.7142857142857143,1.1504424778760576,-1.0,0.7222222222222225,0.1250000000000007
-0.1428571428571432,-0.40000000000000013,0.696969696969697,-0.2857142857142859,0.4285714285714285,0.14285714285714285,0.09523809523809523,0.5309734513274149,0.894736842105263,0.11111111111111124,-0.6874999999999999
0.14285714285714238,1.5,-0.18181818181818182,-1.142857142857143,0.3333333333333331,-0.5,-0.19047619047619047,-0.9734513274336022,-1.0526315789473697,-0.8888888888888891,-0.12499999999999958
0.0,0.6000000000000001,-0.787878787878788,-1.142857142857143,0.80952380952381,-0.5714285714285714,-0.6190476190476191,-0.49115044247789197,0.6315789473684218,-0.2222222222222225,-0.43749999999999967
0.4285714285714288,0.6000000000000001,0.0,-0.7142857142857144,-0.23809523809523842,-0.7142857142857143,-0.38095238095238093,0.13274336283184146,-0.8421052631578957,0.6666666666666669,-0.6250000000000001
0.04761904761904746,-0.3600000000000001,-0.27272727272727276,-0.2857142857142859,-0.2857142857142861,-0.5714285714285714,-0.5,0.17699115044245528,-0.10526315789473696,-0.05555555555555562,-0.6250000000000001
1.666666666666667,-0.19999999999999996,0.7272727272727273,0.7142857142857141,2.0476190476190483,-0.7142857142857143,-0.5238095238095238,1.6814159292034725,-0.9473684210526326,0.44444444444444436,0.0
2.1904761904761907,-0.52,1.0303030303030303,0.5714285714285712,0.09523809523809536,1.2142857142857142,0.7857142857142857,1.2389380530973342,-1.105263157894737,0.6111111111111113,0.1875000000000005
-0.1904761904761907,-0.40000000000000013,-0.3333333333333334,2.1428571428571423,1.1904761904761907,1.0714285714285714,1.3095238095238095,0.46902654867253596,-0.894736842105263,-0.2222222222222225,-0.6874999999999999
0.9523809523809526,0.1200000000000001,0.0,-0.2857142857142859,1.5238095238095244,-0.5,0.5,0.1283185840707997,-1.9473684210526327,2.0000000000000004,0.0
-0.8571428571428577,0.31999999999999984,-0.7575757575757577,-0.14285714285714296,-1.0952380952380958,-0.6428571428571429,-0.6190476190476191,-0.9203539823008559,1.105263157894737,-0.33333333333333315,0.7500000000000009
0.09523809523809491,-0.52,0.06060606060606067,-0.14285714285714296,-0.6190476190476192,-0.07142857142857142,-0.21428571428571427,0.0,-0.42105263157894784,0.6111111111111113,-0.31250000000000006
1.1904761904761907,-0.40000000000000013,0.878787878787879,1.4285714285714282,-0.14285714285714304,0.5714285714285714,0.35714285714285715,1.2389380530973342,-0.8421052631578957,1.5000000000000007,-0.18749999999999936
-0.23809523809523814,0.52,-0.5757575757575758,-0.5714285714285715,1.0000000000000007,-0.42857142857142855,-0.38095238095238093,-0.30973451327434587,-0.05263157894736965,-0.2222222222222225,-0.37499999999999983
0.9523809523809526,-0.6400000000000001,0.878787878787879,-0.14285714285714296,-0.80952380952381,-0.6428571428571429,-0.5952380952380952,0.13274336283184146,-0.2631578947368436,0.944444444444445,0.2500000000000003
-0.28571428571428603,0.56,-0.787878787878788,-1.4285714285714286,-0.6666666666666669,0.07142857142857142,-0.42857142857142855,-0.9734513274336022,0.42105263157894784,-0.8333333333333337,-0.12499999999999958
-0.3809523809523814,0.6000000000000001,-0.787878787878788,2.4285714285714275,0.3333333333333331,0.21428571428571427,0.14285714285714285,0.3539823008849597,0.7894736842105261,-0.44444444444444436,-0.43749999999999967
-0.23809523809523814,-0.6000000000000001,0.12121212121212116,-0.5714285714285715,-0.23809523809523842,0.21428571428571427,-0.35714285714285715,-1.1548672566371483,-0.3684210526315782,0.44444444444444436,0.7500000000000009
3.0476190476190483,-0.8,1.4545454545454546,-0.5714285714285715,-0.19047619047619072,-0.5714285714285714,-0.5714285714285714,1.7699115044247,-2.3684210526315805,0.944444444444445,-1.1249999999999996
-0.6190476190476195,1.48,-0.6666666666666667,0.0,-0.6190476190476192,-0.14285714285714285,-0.4523809523809524,-0.19469026548672044,1.1578947368421042,-0.33333333333333315,-0.18749999999999936
1.7619047619047619,0.2799999999999998,1.2121212121212124,0.0,-0.23809523809523842,-0.2857142857142857,0.19047619047619047,1.7699115044247,-0.3157894736842109,-0.2777777777777781,-0.7499999999999997
0.4761904761904763,-0.32000000000000006,0.5757575757575758,-0.4285714285714288,-1.2857142857142865,-0.5714285714285714,-0.5476190476190477,-0.8849557522123745,0.21052631578947392,0.44444444444444436,1.4375000000000007
-0.7142857142857144,0.23999999999999977,-0.36363636363636365,2.4285714285714275,-0.4285714285714285,0.9285714285714286,0.8095238095238095,-0.048672566371704674,0.052631578947367315,-0.7777777777777781,-0.6250000000000001
-0.7619047619047623,-0.48,-0.3030303030303031,-1.142857142857143,0.04761904761904768,-0.21428571428571427,-0.38095238095238093,-0.5752212389380288,0.15789473684210428,-0.33333333333333315,-0.5624999999999992
1.0,-0.8800000000000001,0.4242424242424243,0.9999999999999993,0.9047619047619053,-0.2857142857142857,-0.30952380952380953,1.6814159292034725,0.894736842105263,1.6111111111111118,-0.31250000000000006
-0.5238095238095242,0.6400000000000001,-0.787878787878788,-0.4285714285714288,0.04761904761904768,0.5714285714285714,0.0,0.09292035398226936,0.47368421052631515,0.6666666666666669,-0.31250000000000006
0.04761904761904746,0.040000000000000036,-0.6969696969696971,-0.7142857142857144,-0.4285714285714285,-0.2857142857142857,-0.09523809523809523,-0.4646017699114942,0.15789473684210428,-0.2777777777777781,-0.12499999999999958
-0.8095238095238098,0.52,-0.5151515151515152,0.4285714285714282,0.09523809523809536,0.07142857142857142,-0.30952380952380953,-0.6283185840707751,1.3684210526315783,0.05555555555555562,1.1250000000000007
0.0,-0.08000000000000007,0.18181818181818182,-0.4285714285714288,0.14285714285714304,0.21428571428571427,2.5,0.0,-0.5789473684210521,-0.38888888888888873,-0.43749999999999967
0.14285714285714238,-1.0,0.24242424242424251,0.4285714285714282,-0.2857142857142861,0.14285714285714285,0.19047619047619047,-0.3805309734513083,0.47368421052631515,0.8888888888888894,0.687500000000001
1.0476190476190474,-0.9199999999999999,0.6060606060606062,-0.5714285714285715,-1.3809523809523814,-0.6428571428571429,-0.6190476190476191,0.2654867256636829,-1.4210526315789478,0.944444444444445,0.0
-0.5238095238095242,1.04,-0.787878787878788,-0.5714285714285715,-0.6190476190476192,1.4285714285714286,0.30952380952380953,0.3539823008849597,1.6315789473684217,0.33333333333333376,-0.18749999999999936
-0.04761904761904788,0.2799999999999998,-0.7272727272727274,-0.2857142857142859,-0.2857142857142861,-0.35714285714285715,-0.5,0.0,0.26315789473684126,-0.2777777777777781,-0.43749999999999967
1.904761904761905,-0.52,0.7575757575757577,-0.2857142857142859,2.0000000000000004,-0.5,-0.4523809523809524,1.2389380530973342,-0.3684210526315782,0.7777777777777781,0.1250000000000007
2.666666666666667,0.08000000000000007,1.6060606060606064,3.7142857142857126,1.952380952380953,0.6428571428571429,0.9047619047619048,2.2123893805309365,-0.6842105263157892,0.8333333333333337,1.7500000000000009
0.8095238095238093,1.04,-0.4242424242424243,0.9999999999999993,0.14285714285714304,1.1428571428571428,0.8333333333333334,0.8185840707964539,-0.05263157894736965,0.11111111111111124,0.1250000000000007
-0.09523809523809534,-0.08000000000000007,0.0,-0.4285714285714288,-0.80952380952381,-0.35714285714285715,-0.19047619047619047,-0.08849557522122764,0.42105263157894784,0.11111111111111124,-0.37499999999999983
3.3809523809523814,-1.2000000000000002,0.5454545454545455,0.0,-0.19047619047619072,-0.2857142857142857,-0.35714285714285715,1.4380530973451455,-1.2631578947368436,1.2222222222222225,-0.6250000000000001
0.09523809523809491,1.1,0.787878787878788,-0.2857142857142859,2.0476190476190483,1.6428571428571428,2.7142857142857144,0.04424778761061382,-0.5263157894736848,0.38888888888888873,-0.5624999999999992
-0.3333333333333335,0.7399999999999998,-0.393939393939394,-0.2857142857142859,-0.14285714285714304,-0.14285714285714285,-0.4523809523809524,-0.5929203539822939,-0.10526315789473696,-0.44444444444444436,-0.06249999999999979
0.33333333333333304,-0.24,0.1515151515151515,0.5714285714285712,0.3333333333333331,0.5,0.2619047619047619,0.6194690265486426,0.3157894736842109,1.6111111111111118,-0.18749999999999936
-0.9047619047619051,-0.08000000000000007,-0.787878787878788,0.14285714285714232,-0.5238095238095238,0.07142857142857142,-0.14285714285714285,-1.7168141592920028,1.4210526315789478,-0.16666666666666688,1.4375000000000007
1.3809523809523814,-1.0,0.5757575757575758,1.5714285714285705,-0.9047619047619053,0.42857142857142855,0.23809523809523808,0.17699115044245528,-0.9473684210526326,-0.44444444444444436,-0.37499999999999983
-0.09523809523809534,1.8199999999999998,-0.4848484848484849,-0.14285714285714296,1.5714285714285723,-0.21428571428571427,-0.40476190476190477,-0.2212389380531182,-0.2631578947368436,-0.6666666666666669,-0.43749999999999967
0.5714285714285712,0.6800000000000002,-0.45454545454545464,0.8571428571428564,0.6666666666666669,-0.21428571428571427,0.11904761904761904,0.9203539823008559,0.0,-0.38888888888888873,-0.43749999999999967
0.8095238095238093,0.3599999999999999,0.7272727272727273,0.14285714285714232,0.0,1.0,0.7619047619047619,1.2831858407079482,1.0,-0.2777777777777781,-0.31250000000000006
-0.8571428571428577,-0.1200000000000001,-0.5151515151515152,-0.7142857142857144,-0.04761904761904768,0.2857142857142857,-0.21428571428571427,-1.2300884955752016,0.7368421052631587,-0.44444444444444436,0.6250000000000001
1.0476190476190474,-0.8,0.5454545454545455,0.14285714285714232,0.04761904761904768,0.5714285714285714,0.16666666666666666,0.8849557522123745,0.052631578947367315,0.2777777777777781,-0.31250000000000006
-0.04761904761904788,-0.1200000000000001,1.272727272727273,-0.7142857142857144,16.000000000000004,0.0,-0.16666666666666666,-0.10619469026549282,-1.1578947368421066,2.4444444444444455,-0.6874999999999999
0.9523809523809526,-0.96,0.696969696969697,3.9999999999999987,0.14285714285714304,-0.35714285714285715,-0.5238095238095238,-0.8672566371681586,-0.6315789473684218,-0.5555555555555556,1.4375000000000007
0.04761904761904746,-0.8,0.5757575757575758,-0.14285714285714296,6.523809523809527,-0.6428571428571429,-0.5476190476190477,-1.424778761061922,-0.8421052631578957,1.0555555555555562,1.4375000000000007
0.33333333333333304,-0.78,0.4242424242424243,0.0,0.0,-0.7857142857142857,-0.7857142857142857,-0.7433628318584006,-0.21052631578947392,0.2777777777777781,1.0625000000000009
0.04761904761904746,-0.24,-0.09090909090909091,0.0,0.7142857142857145,0.14285714285714285,-0.23809523809523808,-0.26548672566373205,-0.5263157894736848,-0.7222222222222225,0.0
-0.09523809523809534,-1.0,0.0,-0.2857142857142859,-1.2857142857142865,0.35714285714285715,0.9047619047619048,-0.7522123893805331,-0.8421052631578957,0.944444444444445,0.4375000000000008
-0.04761904761904788,0.7599999999999998,-0.6060606060606062,-0.4285714285714288,0.0,0.42857142857142855,-0.09523809523809523,-0.23008849557520167,0.47368421052631515,0.38888888888888873,0.4375000000000008
0.04761904761904746,0.7999999999999998,-0.787878787878788,0.5714285714285712,0.04761904761904768,-0.21428571428571427,-0.11904761904761904,0.3539823008849597,0.6842105263157892,-0.5,-0.43749999999999967
-0.09523809523809534,0.96,0.030303030303030335,2.2857142857142847,1.4761904761904767,1.4285714285714286,1.1904761904761905,-0.07079646017701158,-0.3684210526315782,-0.9444444444444446,-0.5624999999999992
-0.7142857142857144,0.23999999999999977,-0.7272727272727274,-0.5714285714285715,-0.5714285714285715,-0.7142857142857143,-0.6666666666666666,0.08849557522122764,0.7894736842105261,0.33333333333333376,-0.43749999999999967
1.3809523809523814,-0.24,0.21212121212121215,0.4285714285714282,0.952380952380953,0.42857142857142855,-0.023809523809523808,0.61061946902651,-0.3684210526315782,0.5,0.375000000000001
1.9523809523809526,-0.48,1.2121212121212124,1.1428571428571423,0.6666666666666669,-0.14285714285714285,-0.21428571428571427,1.2389380530973342,-0.6842105263157892,0.05555555555555562,0.375000000000001
-0.8095238095238098,-0.19999999999999996,0.09090909090909083,-0.14285714285714296,-0.23809523809523842,1.2857142857142858,1.4047619047619047,-0.4513274336283199,0.10526315789473696,0.0,-0.24999999999999917
0.5714285714285712,-0.8400000000000001,0.4545454545454545,-0.2857142857142859,-0.5238095238095238,-0.2857142857142857,-0.35714285714285715,-0.6946902654867451,-0.21052631578947392,1.2777777777777781,0.9375000000000002
-0.28571428571428603,0.7199999999999998,0.18181818181818182,0.0,-0.47619047619047616,1.5,1.5476190476190477,-0.21238938053098563,0.10526315789473696,-0.6111111111111113,-0.43749999999999967
0.5238095238095237,-0.6000000000000001,0.787878787878788,-0.14285714285714296,1.5238095238095244,-0.6428571428571429,-0.6904761904761905,-0.4955752212389337,0.0,0.0,0.687500000000001
-0.7619047619047623,0.23999999999999977,0.06060606060606067,-0.14285714285714296,-1.4761904761904767,-0.07142857142857142,0.23809523809523808,-1.3539823008849596,0.5263157894736848,-0.11111111111111124,1.6250000000000013
1.5714285714285712,-0.43999999999999995,0.7272727272727273,-0.2857142857142859,0.952380952380953,0.35714285714285715,0.2619047619047619,0.45575221238936164,-1.105263157894737,-0.2222222222222225,0.1250000000000007
0.1904761904761907,-0.32000000000000006,0.12121212121212116,1.7142857142857135,0.0,-0.5,-0.11904761904761904,0.4778761061946685,0.26315789473684126,-0.05555555555555562,0.1875000000000005
1.1904761904761907,-0.28,0.4848484848484848,-1.0,3.1428571428571437,1.4285714285714286,0.21428571428571427,0.672566371681389,0.3684210526315782,1.3333333333333337,-0.18749999999999936
0.33333333333333304,0.8599999999999999,-0.06060606060606067,6.285714285714283,1.8095238095238106,1.2142857142857142,2.261904761904762,2.0353982300884814,0.052631578947367315,2.5000000000000013,-0.5624999999999992
0.6190476190476186,0.040000000000000036,2.2424242424242427,1.7142857142857135,25.2857142857143,1.2857142857142858,0.7142857142857143,1.2389380530973342,-3.0,7.666666666666669,-0.49999999999999944
0.9523809523809526,0.9199999999999999,0.06060606060606067,0.5714285714285712,-0.04761904761904768,0.5,0.9047619047619048,0.5309734513274149,-0.15789473684210661,-0.6111111111111113,-0.24999999999999917
1.0,-0.52,0.36363636363636365,-0.8571428571428571,4.285714285714288,0.9285714285714286,1.2142857142857142,1.0353982300884812,-0.8421052631578957,0.16666666666666688,-1.0624999999999998
-0.09523809523809534,-0.40000000000000013,1.5151515151515154,-0.5714285714285715,25.333333333333346,-0.42857142857142855,0.14285714285714285,0.0,-1.3157894736842108,3.5555555555555567,-0.49999999999999944
-0.23809523809523814,2.7,-0.787878787878788,2.9285714285714275,0.8571428571428577,-0.6428571428571429,-0.5952380952380952,-0.08849557522122764,1.6842105263157892,-0.44444444444444436,0.31250000000000006
-0.4285714285714288,-0.43999999999999995,0.18181818181818182,1.9999999999999993,-0.8571428571428577,-0.35714285714285715,-0.23809523809523808,-1.1681415929203227,-0.15789473684210661,-0.7222222222222225,0.687500000000001
0.5238095238095237,-0.19999999999999996,0.1515151515151515,0.8571428571428564,0.6666666666666669,0.35714285714285715,1.4047619047619047,0.5973451327433357,0.052631578947367315,0.05555555555555562,-0.43749999999999967
0.4761904761904763,-0.9199999999999999,0.5757575757575758,-0.7142857142857144,-0.5714285714285715,-0.5,-0.6428571428571429,-1.4424778761061874,-0.3157894736842109,-0.38888888888888873,1.312500000000001
-0.7619047619047623,1.88,-0.7575757575757577,-0.2857142857142859,-1.0476190476190481,0.07142857142857142,-0.14285714285714285,-0.8495575221238933,1.5263157894736847,-0.8888888888888891,0.6250000000000001
-0.3333333333333335,-0.6000000000000001,0.6060606060606062,-0.14285714285714296,-0.23809523809523842,0.7142857142857143,0.11904761904761904,-0.6460176991150404,0.47368421052631515,1.2777777777777781,0.5000000000000006
0.23809523809523814,0.43999999999999995,-0.4242424242424243,-0.5714285714285715,-0.33333333333333376,1.7142857142857142,0.16666666666666666,-0.7787610619468818,0.3684210526315782,1.5000000000000007,1.000000000000001
0.5238095238095237,1.1600000000000001,-0.4242424242424243,0.28571428571428525,0.19047619047619072,-0.42857142857142855,-0.2619047619047619,0.6902654867256541,0.10526315789473696,0.16666666666666688,0.1250000000000007
-0.3333333333333335,0.54,-0.787878787878788,-0.4285714285714288,0.8571428571428577,0.07142857142857142,0.0,-0.02212389380530691,0.3157894736842109,-0.2222222222222225,-0.6250000000000001
1.3809523809523814,-0.8800000000000001,0.4848484848484848,-0.8571428571428571,0.23809523809523842,0.35714285714285715,-0.2857142857142857,-0.5973451327433847,-0.15789473684210661,0.6111111111111113,1.0625000000000009
-0.1428571428571432,-0.08000000000000007,0.0,-0.8571428571428571,7.476190476190478,-0.2857142857142857,1.1666666666666667,0.0,-1.0526315789473697,1.0000000000000007,-0.5624999999999992
-0.23809523809523814,0.08000000000000007,-0.4242424242424243,-0.4285714285714288,4.095238095238098,-0.7142857142857143,-0.6428571428571429,0.09734513274336022,-0.2631578947368436,1.3333333333333337,-0.6250000000000001
0.0,-0.32000000000000006,-0.15151515151515157,-0.8571428571428571,1.285714285714286,-0.2857142857142857,-0.047619047619047616,-0.08849557522122764,-0.7368421052631587,1.6111111111111118,-0.43749999999999967
-0.09523809523809534,0.7199999999999998,-0.12121212121212126,-0.4285714285714288,0.23809523809523842,0.2857142857142857,1.3095238095238095,-0.30973451327434587,0.0,-0.7777777777777781,-0.43749999999999967
-1.285714285714286,-0.6799999999999999,-0.787878787878788,-0.5714285714285715,-1.3809523809523814,0.9285714285714286,0.5714285714285714,-2.300884955752164,1.9473684210526327,0.944444444444445,2.375000000000001
-0.6190476190476195,1.2199999999999998,-0.7272727272727274,0.7142857142857141,-0.33333333333333376,0.21428571428571427,-0.11904761904761904,-0.5752212389380288,1.4210526315789478,1.5000000000000007,1.312500000000001
0.14285714285714238,0.7599999999999998,-0.09090909090909091,-0.2857142857142859,0.952380952380953,0.0,1.0,0.2212389380530691,-0.6315789473684218,0.44444444444444436,-0.49999999999999944
1.2857142857142856,-0.6000000000000001,1.0,0.0,3.4761904761904776,-0.5714285714285714,-0.5,0.796460176991147,-1.4210526315789478,2.38888888888889,-0.49999999999999944
0.2857142857142856,-0.76,0.4848484848484848,0.14285714285714232,-0.19047619047619072,-0.14285714285714285,-0.47619047619047616,-1.0884955752212275,-0.894736842105263,0.5,1.000000000000001
-0.6190476190476195,0.7599999999999998,-0.5454545454545455,0.5714285714285712,1.285714285714286,0.0,-0.2857142857142857,-0.06637168141592073,0.6842105263157892,-0.2222222222222225,0.0
-0.23809523809523814,-0.08000000000000007,0.030303030303030335,-0.14285714285714296,-0.38095238095238143,0.0,-0.3333333333333333,-1.2920353982300807,0.21052631578947392,0.05555555555555562,1.1250000000000007
0.23809523809523814,-0.56,0.8181818181818183,-0.5714285714285715,15.90476190476191,-0.35714285714285715,-0.30952380952380953,0.4867256637168011,-1.3157894736842108,2.4444444444444455,-0.6874999999999999
0.7142857142857144,-0.43999999999999995,0.1515151515151515,0.0,0.5238095238095238,-0.07142857142857142,0.5476190476190477,-0.08849557522122764,-1.2631578947368436,0.05555555555555562,0.1875000000000005
1.2380952380952381,0.31999999999999984,0.696969696969697,-0.14285714285714296,-0.4285714285714285,0.0,0.19047619047619047,1.017699115044216,-0.05263157894736965,-0.33333333333333315,-0.37499999999999983
-0.5238095238095242,0.52,-0.6969696969696971,0.14285714285714232,-0.19047619047619072,0.0,-0.19047619047619047,-0.5973451327433847,0.26315789473684126,-0.2222222222222225,0.1250000000000007
0.3809523809523805,-0.19999999999999996,0.1515151515151515,0.4285714285714282,2.238095238095239,0.7142857142857143,0.5952380952380952,0.2920353982300807,-1.105263157894737,0.6666666666666669,-0.37499999999999983
0.33333333333333304,0.7000000000000002,-0.4848484848484849,-0.8571428571428571,0.6190476190476192,-0.7857142857142857,-0.6428571428571429,0.2876106194689898,0.0,0.16666666666666688,-0.4062499999999992
0.3809523809523805,0.48,0.06060606060606067,0.7142857142857141,0.80952380952381,0.21428571428571427,0.7142857142857143,0.23893805309733426,-0.2631578947368436,0.05555555555555562,0.0
0.4761904761904763,0.31999999999999984,0.393939393939394,0.14285714285714232,0.7619047619047622,-0.6428571428571429,-0.40476190476190477,0.796460176991147,0.3157894736842109,-0.2222222222222225,0.0625000000000009
0.8095238095238093,1.48,0.06060606060606067,0.28571428571428525,0.3333333333333331,1.1428571428571428,2.5714285714285716,0.4867256637168011,-0.3684210526315782,-0.5,-0.49999999999999944
0.04761904761904746,1.04,0.18181818181818182,-0.14285714285714296,0.0,0.14285714285714285,0.8333333333333334,-0.10619469026549282,-0.21052631578947392,-0.6666666666666669,-0.24999999999999917
-0.04761904761904788,0.23999999999999977,-0.5151515151515152,0.14285714285714232,-0.6666666666666669,1.4285714285714286,0.14285714285714285,-1.1637168141592809,0.7894736842105261,0.6666666666666669,1.5625000000000004
-0.1904761904761907,-0.3600000000000001,0.18181818181818182,0.7142857142857141,-0.5714285714285715,-0.5,-0.3333333333333333,-0.23008849557520167,-0.3684210526315782,-1.0000000000000002,0.1250000000000007
1.095238095238095,-0.72,0.6060606060606062,-0.4285714285714288,0.09523809523809536,-0.5714285714285714,-0.7142857142857143,-0.23008849557520167,-1.105263157894737,-0.7777777777777781,0.1250000000000007
-0.3333333333333335,0.2799999999999998,0.8484848484848486,-0.14285714285714296,1.6666666666666676,-0.7857142857142857,-0.7142857142857143,0.17256637168141353,0.10526315789473696,-0.2777777777777781,0.0625000000000009
-0.5238095238095242,0.23999999999999977,-0.787878787878788,0.4285714285714282,-0.33333333333333376,1.2857142857142858,0.5952380952380952,-0.836283185840719,0.6315789473684218,-0.33333333333333315,0.6250000000000001
-0.09523809523809534,0.1200000000000001,0.0,-0.4285714285714288,0.47619047619047616,0.6428571428571429,2.5714285714285716,-0.19469026548672044,-0.2631578947368436,-0.16666666666666688,-0.31250000000000006
-0.04761904761904788,-0.040000000000000036,0.12121212121212116,-0.4285714285714288,-0.19047619047619072,-0.42857142857142855,-0.40476190476190477,-0.3982300884955735,0.0,-0.33333333333333315,0.1250000000000007
-0.09523809523809534,1.62,-0.4242424242424243,0.0,3.0476190476190483,-0.5,-0.38095238095238093,-0.1769911504425044,0.21052631578947392,0.16666666666666688,0.0
0.7142857142857144,-1.08,0.21212121212121215,0.14285714285714232,-0.8571428571428577,2.7142857142857144,0.8095238095238095,0.46902654867253596,0.8421052631578957,1.5555555555555562,0.0
0.2857142857142856,0.2999999999999998,-0.24242424242424251,-0.14285714285714296,-0.04761904761904768,-0.6428571428571429,-0.21428571428571427,-0.04424778761061382,-0.5789473684210521,-0.7777777777777781,-0.24999999999999917
-0.6190476190476195,1.54,-0.6666666666666667,0.14285714285714232,-0.5238095238095238,-0.5,-0.6190476190476191,-0.4336283185840547,1.1578947368421042,-0.2222222222222225,0.375000000000001
-1.3809523809523814,-0.52,-0.7575757575757577,-0.8571428571428571,-1.4761904761904767,0.8571428571428571,0.5,-2.6371681415928587,2.0526315789473695,0.7222222222222225,2.375000000000001
-0.04761904761904788,0.54,-0.787878787878788,4.714285714285713,0.3333333333333331,-0.6428571428571429,-0.5,0.796460176991147,0.47368421052631515,-0.38888888888888873,-0.37499999999999983
0.9523809523809526,-0.28,0.6060606060606062,0.0,0.5714285714285715,-0.2857142857142857,0.047619047619047616,-0.18584070796458785,-0.6842105263157892,0.38888888888888873,1.0625000000000009
0.5238095238095237,0.43999999999999995,-0.6666666666666667,-0.4285714285714288,3.1904761904761916,0.9285714285714286,1.2142857142857142,0.7079646017698702,-0.7894736842105261,0.44444444444444436,-0.49999999999999944
-0.3809523809523814,0.20000000000000018,-0.36363636363636365,-0.8571428571428571,-0.04761904761904768,-0.5,-0.5,-0.3893805309734409,-0.21052631578947392,0.0,-0.5624999999999992
1.0476190476190474,1.7000000000000002,-0.12121212121212126,1.7142857142857135,1.2380952380952384,-0.21428571428571427,1.119047619047619,1.8584070796459278,0.6315789473684218,0.11111111111111124,0.687500000000001
1.0,-0.3600000000000001,0.7272727272727273,1.7142857142857135,1.3333333333333337,-0.5,-0.42857142857142855,0.4867256637168011,-0.2631578947368436,1.7222222222222232,1.000000000000001
1.904761904761905,0.7399999999999998,0.8181818181818183,1.7142857142857135,2.3333333333333344,-0.5,-0.42857142857142855,1.0619469026548298,-0.7368421052631587,1.2222222222222225,1.2500000000000002
1.1428571428571432,-0.040000000000000036,0.4848484848484848,-0.2857142857142859,-0.47619047619047616,0.5,0.2857142857142857,0.6194690265486426,-0.7894736842105261,0.5555555555555556,0.8125000000000007
1.2857142857142856,-0.28,1.272727272727273,2.7142857142857126,1.6666666666666676,-0.5714285714285714,-0.35714285714285715,0.08849557522122764,-1.3157894736842108,0.2222222222222225,2.0000000000000013
-0.3809523809523814,0.040000000000000036,-0.6969696969696971,0.5714285714285712,-0.14285714285714304,0.5,1.2619047619047619,0.2876106194689898,1.0,-0.11111111111111124,-0.24999999999999917
-0.1428571428571432,-0.43999999999999995,0.09090909090909083,-0.4285714285714288,-0.04761904761904768,1.0714285714285714,0.6428571428571429,0.13274336283184146,0.7368421052631587,-0.16666666666666688,-0.43749999999999967
0.5238095238095237,0.08000000000000007,0.696969696969697,-0.4285714285714288,4.380952380952383,-0.5714285714285714,-0.3333333333333333,0.30973451327434587,-0.21052631578947392,-0.05555555555555562,-0.49999999999999944
-0.666666666666667,0.040000000000000036,-0.45454545454545464,-0.5714285714285715,-0.2857142857142861,-0.07142857142857142,-0.023809523809523808,-0.5752212389380288,0.15789473684210428,-0.5555555555555556,-0.5624999999999992
0.5238095238095237,-0.52,0.4545454545454545,0.28571428571428525,1.142857142857143,-0.5714285714285714,-0.6904761904761905,-0.3362831858406945,-0.9473684210526326,-0.2222222222222225,1.0625000000000009
0.04761904761904746,2.6799999999999997,-0.15151515151515157,-0.4285714285714288,0.19047619047619072,0.0,0.047619047619047616,-0.6548672566371729,0.15789473684210428,-0.8333333333333337,0.1875000000000005
0.5714285714285712,-0.8400000000000001,0.24242424242424251,-0.2857142857142859,-0.7142857142857145,-0.14285714285714285,-0.3333333333333333,-0.7256637168141353,-0.2631578947368436,1.2222222222222225,0.9375000000000002
-0.09523809523809534,1.9799999999999995,-0.3333333333333334,-0.14285714285714296,1.0952380952380953,-0.21428571428571427,-0.16666666666666666,-0.3362831858406945,-0.42105263157894784,-0.7777777777777781,-0.12499999999999958
1.9523809523809526,-0.56,1.5151515151515154,2.8571428571428563,-0.6190476190476192,-0.5,-0.023809523809523808,1.5929203539822447,-0.47368421052631515,-0.11111111111111124,1.7500000000000009
0.4285714285714288,-0.56,0.6666666666666666,-0.14285714285714296,0.8571428571428577,1.7857142857142858,2.5238095238095237,0.30973451327434587,-1.4210526315789478,2.2777777777777786,-0.5624999999999992
-0.04761904761904788,0.31999999999999984,0.21212121212121215,-0.2857142857142859,-0.23809523809523842,0.7142857142857143,1.9285714285714286,0.0,-0.3157894736842109,-0.44444444444444436,-0.49999999999999944
0.6190476190476186,1.6400000000000001,-0.06060606060606067,0.5714285714285712,0.3809523809523808,-0.14285714285714285,1.2857142857142858,1.327433628318562,0.894736842105263,-0.44444444444444436,-0.24999999999999917
-0.8571428571428577,0.3599999999999999,-0.5454545454545455,-0.5714285714285715,-0.38095238095238143,0.0,0.14285714285714285,-1.5221238938052823,0.3684210526315782,-0.44444444444444436,0.5000000000000006
2.1428571428571432,-0.43999999999999995,0.7575757575757577,-0.2857142857142859,-0.952380952380953,-0.5714285714285714,-0.35714285714285715,1.1504424778760576,-1.4210526315789478,-0.11111111111111124,-0.5624999999999992
0.7142857142857144,0.41999999999999993,0.06060606060606067,1.4285714285714282,0.3809523809523808,0.2857142857142857,0.7857142857142857,1.4601769911504034,0.0,-0.5,-0.31250000000000006
-0.7619047619047623,0.3599999999999999,-0.4848484848484849,-0.8571428571428571,-1.4761904761904767,-0.14285714285714285,-0.30952380952380953,-1.6548672566371239,1.2631578947368411,-0.6111111111111113,1.1875000000000004
-0.9047619047619051,-0.040000000000000036,-0.6666666666666667,0.0,0.6190476190476192,-0.07142857142857142,-0.30952380952380953,-0.1460176991150649,0.7894736842105261,-0.8333333333333337,-0.12499999999999958
-0.8571428571428577,-0.6799999999999999,-0.030303030303030335,-0.5714285714285715,0.23809523809523842,-0.7142857142857143,-0.2619047619047619,-0.9557522123893862,0.26315789473684126,-1.0000000000000002,-0.06249999999999979
-0.28571428571428603,0.040000000000000036,0.18181818181818182,-0.14285714285714296,-0.4285714285714285,2.642857142857143,0.7380952380952381,-1.1592920353982392,0.15789473684210428,1.1111111111111112,1.687500000000001
-0.5238095238095242,0.52,-0.787878787878788,0.7142857142857141,2.0952380952380962,0.07142857142857142,-0.14285714285714285,-0.6283185840707751,0.6842105263157892,0.05555555555555562,0.687500000000001
-0.3809523809523814,0.3599999999999999,-0.787878787878788,-0.5714285714285715,-0.23809523809523842,0.14285714285714285,-0.11904761904761904,0.17699115044245528,0.8421052631578957,0.44444444444444436,-0.18749999999999936
3.80952380952381,-0.6000000000000001,1.181818181818182,7.571428571428569,0.80952380952381,0.5714285714285714,0.7619047619047619,0.3539823008849597,-1.7368421052631589,1.2222222222222225,2.9375000000000013
-0.7619047619047623,0.6800000000000002,-0.7575757575757577,2.1428571428571423,1.142857142857143,1.2857142857142858,0.35714285714285715,-0.41592920353983864,1.0526315789473673,0.2222222222222225,0.687500000000001
1.2857142857142856,-0.6000000000000001,1.0303030303030303,0.0,3.4761904761904776,-0.5,-0.5,0.796460176991147,-1.4210526315789478,2.4444444444444455,-0.49999999999999944
0.666666666666667,-0.48,0.5454545454545455,-0.14285714285714296,1.3333333333333337,1.4285714285714286,2.0476190476190474,0.4424778761061873,-0.894736842105263,3.3333333333333344,-0.43749999999999967
-0.1904761904761907,0.3599999999999999,-0.6969696969696971,-0.5714285714285715,0.7619047619047622,0.7857142857142857,1.4285714285714286,-0.796460176991147,0.21052631578947392,-0.44444444444444436,-0.06249999999999979
0.666666666666667,-0.32000000000000006,0.5454545454545455,-0.4285714285714288,0.2857142857142861,-0.35714285714285715,-0.40476190476190477,0.12389380530970887,-0.15789473684210661,-0.38888888888888873,-0.43749999999999967
0.7142857142857144,0.7000000000000002,-0.45454545454545464,0.7142857142857141,-0.09523809523809536,-0.5714285714285714,-0.19047619047619047,0.7079646017698702,-0.6315789473684218,0.44444444444444436,-0.06249999999999979
0.09523809523809491,1.08,-0.4848484848484849,1.5714285714285705,0.5238095238095238,-0.7142857142857143,-0.6190476190476191,0.77433628318584,0.26315789473684126,-0.7222222222222225,-0.43749999999999967
-0.5238095238095242,0.43999999999999995,-0.5454545454545455,-0.4285714285714288,-0.5238095238095238,1.0,-0.023809523809523808,-0.1283185840707997,0.5789473684210521,1.1111111111111112,-0.43749999999999967
-0.5238095238095242,0.52,-0.4848484848484849,-0.14285714285714296,0.2857142857142861,0.2857142857142857,1.4761904761904763,-0.5309734513274149,0.15789473684210428,-0.5555555555555556,0.0
0.4761904761904763,-0.43999999999999995,0.7575757575757577,0.5714285714285712,-1.2857142857142865,-0.07142857142857142,-0.2857142857142857,-0.796460176991147,0.052631578947367315,1.5555555555555562,2.0000000000000013
1.095238095238095,-0.28,0.9696969696969696,2.7142857142857126,0.6190476190476192,-0.21428571428571427,-0.35714285714285715,0.2876106194689898,-0.10526315789473696,2.0555555555555562,1.1250000000000007
0.5238095238095237,-0.1200000000000001,0.18181818181818182,0.8571428571428564,0.23809523809523842,0.5,1.9761904761904763,0.7079646017698702,0.052631578947367315,0.0,-0.49999999999999944
0.14285714285714238,-0.72,0.18181818181818182,0.8571428571428564,-0.5714285714285715,-0.7142857142857143,-0.6428571428571429,-0.9159292035398141,-0.05263157894736965,0.7777777777777781,1.6250000000000013
1.5238095238095237,-0.48,0.8484848484848486,0.7142857142857141,0.7619047619047622,0.5,1.4761904761904763,1.4601769911504034,-0.9473684210526326,-0.6111111111111113,-0.43749999999999967
1.095238095238095,-0.3600000000000001,0.9393939393939393,1.7142857142857135,-0.4285714285714285,-0.7142857142857143,-0.6904761904761905,0.13274336283184146,-1.4210526315789478,0.05555555555555562,-0.37499999999999983
-0.4761904761904763,1.3199999999999998,-0.15151515151515157,2.7142857142857126,-0.23809523809523842,0.14285714285714285,0.6190476190476191,0.7168141592920028,1.1578947368421042,0.5555555555555556,-0.604166666666668
-0.09523809523809534,0.8199999999999998,-0.7575757575757577,-0.14285714285714296,-0.7142857142857145,1.2142857142857142,0.09523809523809523,-1.367256637168134,0.5263157894736848,-0.2777777777777781,1.000000000000001
-0.3333333333333335,0.5800000000000001,-0.6969696969696971,-0.5714285714285715,-0.04761904761904768,-0.5,-0.6428571428571429,-0.4115044247787478,0.15789473684210428,-1.2777777777777781,-0.43749999999999967
-0.28571428571428603,1.2999999999999998,-0.6969696969696971,-0.14285714285714296,0.6190476190476192,-0.2857142857142857,-0.47619047619047616,-0.08849557522122764,0.42105263157894784,-0.8333333333333337,-0.37499999999999983
-0.5238095238095242,0.31999999999999984,-0.6060606060606062,5.428571428571427,-0.9047619047619053,-0.21428571428571427,-0.5,-0.26548672566373205,0.5263157894736848,-0.16666666666666688,0.375000000000001
-0.3333333333333335,0.1200000000000001,0.030303030303030335,0.5714285714285712,0.23809523809523842,-0.14285714285714285,0.9285714285714286,-0.1769911504425044,0.42105263157894784,0.5,0.5000000000000006
-0.6190476190476195,1.1600000000000001,-0.6969696969696971,7.999999999999997,0.0,-0.5714285714285714,-0.6428571428571429,-0.2212389380531182,1.105263157894737,-0.6666666666666669,1.2500000000000002
-0.4761904761904763,0.2799999999999998,-0.18181818181818182,-0.6428571428571429,-1.0000000000000002,-0.42857142857142855,-0.40476190476190477,-1.5840707964601612,0.3684210526315782,-0.7222222222222225,0.9375000000000002
-0.1428571428571432,-0.8,0.24242424242424251,0.4285714285714282,0.14285714285714304,0.8571428571428571,-0.09523809523809523,-1.4336283185840548,-0.47368421052631515,-0.16666666666666688,1.4375000000000007
0.8571428571428568,-0.8600000000000001,0.4242424242424243,-1.0,-0.2857142857142861,0.0,-0.42857142857142855,-0.5486725663716802,-0.894736842105263,-0.6111111111111113,0.4375000000000008
1.8571428571428577,-0.52,0.878787878787879,-0.14285714285714296,-0.38095238095238143,-0.6428571428571429,-0.47619047619047616,0.796460176991147,-1.0526315789473697,0.0,0.375000000000001
-0.1428571428571432,0.6800000000000002,-0.7272727272727274,-1.2857142857142856,-0.33333333333333376,-0.35714285714285715,-0.4523809523809524,-0.13274336283184146,-0.7368421052631587,2.5555555555555567,-0.6250000000000001
0.0,-1.28,0.4848484848484848,-0.8571428571428571,-1.0476190476190481,0.2857142857142857,-0.21428571428571427,-1.2389380530973342,-0.10526315789473696,0.38888888888888873,0.6250000000000001
-0.09523809523809534,0.6200000000000001,-0.787878787878788,0.28571428571428525,0.5238095238095238,-0.42857142857142855,-0.47619047619047616,0.2654867256636829,-0.21052631578947392,0.6111111111111113,-0.5624999999999992
-0.8095238095238098,-0.6000000000000001,-0.06060606060606067,0.0,0.7619047619047622,0.35714285714285715,0.07142857142857142,-0.9734513274336022,1.3684210526315783,-0.2777777777777781,0.9375000000000002
-0.7142857142857144,-0.16000000000000014,0.4242424242424243,0.28571428571428525,-0.38095238095238143,-0.42857142857142855,-0.47619047619047616,-0.2212389380531182,1.3157894736842108,0.6111111111111113,0.2500000000000003
0.5714285714285712,-0.9199999999999999,0.6666666666666666,-0.5714285714285715,-0.5714285714285715,0.8571428571428571,0.16666666666666666,-0.04424778761061382,0.052631578947367315,2.3333333333333344,0.2500000000000003
2.80952380952381,-0.08000000000000007,1.2424242424242427,1.1428571428571423,0.6666666666666669,-0.5714285714285714,-0.5714285714285714,0.796460176991147,-1.5263157894736847,1.7222222222222232,1.1250000000000007
0.8095238095238093,0.6800000000000002,-0.06060606060606067,0.0,0.3809523809523808,-0.6428571428571429,-0.2619047619047619,0.8849557522123745,-0.894736842105263,-0.11111111111111124,0.0
0.0,1.02,-0.787878787878788,-0.2857142857142859,0.23809523809523842,-0.35714285714285715,-0.40476190476190477,-0.26991150442477374,0.10526315789473696,0.33333333333333376,0.4375000000000008
-0.5238095238095242,0.6800000000000002,-0.15151515151515157,-0.14285714285714296,-0.4285714285714285,-0.35714285714285715,-0.38095238095238093,-0.5929203539822939,0.3684210526315782,-0.11111111111111124,0.0625000000000009
1.7142857142857144,-0.3600000000000001,0.6666666666666666,0.5714285714285712,-0.09523809523809536,-0.42857142857142855,-0.4523809523809524,0.7610619469026166,-1.1578947368421066,-0.5,0.5000000000000006
0.1904761904761907,0.41999999999999993,-0.12121212121212126,0.5714285714285712,0.3809523809523808,-0.5714285714285714,-0.47619047619047616,0.6194690265486426,-0.2631578947368436,-0.05555555555555562,-0.5624999999999992
-1.3809523809523814,-0.3600000000000001,-0.06060606060606067,-0.2857142857142859,-0.9047619047619053,0.35714285714285715,0.2619047619047619,-2.2566371681415505,2.1578947368421066,0.6666666666666669,2.375000000000001
0.9523809523809526,0.1200000000000001,0.5757575757575758,0.14285714285714232,-0.38095238095238143,0.14285714285714285,0.023809523809523808,1.017699115044216,0.42105263157894784,0.0,-0.49999999999999944
0.33333333333333304,0.48,-0.27272727272727276,0.9999999999999993,0.952380952380953,0.5,1.9047619047619047,0.5309734513274149,-1.1578947368421066,-0.5555555555555556,-0.5624999999999992
0.33333333333333304,0.5,1.272727272727273,-0.5714285714285715,15.428571428571436,0.35714285714285715,0.40476190476190477,-0.21238938053098563,-1.5263157894736847,2.944444444444445,-0.5624999999999992
-1.285714285714286,-0.1200000000000001,-0.6666666666666667,-0.8571428571428571,-1.1904761904761911,0.35714285714285715,1.5952380952380953,-1.814159292035363,1.210526315789474,0.0,1.2500000000000002
1.904761904761905,-0.48,1.303030303030303,0.8571428571428564,0.7619047619047622,0.21428571428571427,-0.09523809523809523,1.1504424778760576,-1.105263157894737,-0.05555555555555562,0.375000000000001
0.23809523809523814,0.56,1.0303030303030303,-0.14285714285714296,1.5714285714285723,-0.14285714285714285,1.2142857142857142,0.2212389380530691,-0.5789473684210521,-0.5555555555555556,-0.6250000000000001
-0.1428571428571432,1.08,-0.787878787878788,-0.7142857142857144,-0.14285714285714304,1.3571428571428572,0.14285714285714285,-0.30088495575221325,0.0,0.0,0.31250000000000006
-0.4285714285714288,-0.040000000000000036,-0.36363636363636365,-0.5714285714285715,-0.04761904761904768,-0.2857142857142857,-0.38095238095238093,-0.19469026548672044,1.1578947368421042,-0.05555555555555562,0.1250000000000007
-0.09523809523809534,1.7000000000000002,0.5151515151515151,0.0,1.6666666666666676,0.5714285714285714,1.7857142857142858,0.08849557522122764,-0.3157894736842109,0.6111111111111113,-0.6250000000000001
-0.04761904761904788,0.20000000000000018,-0.21212121212121215,-0.14285714285714296,0.09523809523809536,0.07142857142857142,1.5714285714285714,-0.26548672566373205,0.10526315789473696,-0.44444444444444436,-0.43749999999999967
2.5238095238095237,-0.52,0.878787878787879,0.7142857142857141,0.09523809523809536,-0.6428571428571429,-0.5476190476190477,1.6814159292034725,-1.7368421052631589,-0.44444444444444436,-0.49999999999999944
0.1904761904761907,-1.0,0.3333333333333333,-1.142857142857143,-0.14285714285714304,-0.42857142857142855,-0.38095238095238093,0.2654867256636829,-0.2631578947368436,0.44444444444444436,-0.37499999999999983
-1.0952380952380958,0.1200000000000001,-0.6666666666666667,-0.7142857142857144,-1.428571428571429,-0.6428571428571429,-0.6190476190476191,-1.1504424778761067,2.1578947368421066,-0.2222222222222225,0.7500000000000009
-0.3809523809523814,0.31999999999999984,-0.7575757575757577,0.14285714285714232,0.04761904761904768,0.9285714285714286,0.09523809523809523,-0.5752212389380288,0.5789473684210521,-0.2222222222222225,0.31250000000000006
0.666666666666667,0.8199999999999998,-0.06060606060606067,-0.14285714285714296,-0.4285714285714285,-0.6428571428571429,-0.4523809523809524,-0.08849557522122764,-1.0,-0.16666666666666688,-0.18749999999999936
-0.09523809523809534,0.7199999999999998,-0.6363636363636365,0.7142857142857141,-0.19047619047619072,0.07142857142857142,-0.2857142857142857,0.2654867256636829,-0.2631578947368436,-0.05555555555555562,-0.6874999999999999
-1.0000000000000004,-0.8800000000000001,0.0,-0.7142857142857144,-0.7619047619047622,-0.7857142857142857,-0.6666666666666666,-2.345132743362778,0.42105263157894784,-0.44444444444444436,2.062500000000001
2.095238095238096,-0.48,1.1212121212121213,0.14285714285714232,0.5714285714285715,-0.5714285714285714,-0.5,1.5929203539822447,-0.7894736842105261,-0.7222222222222225,-0.43749999999999967
-0.3809523809523814,-0.6000000000000001,0.12121212121212116,-0.8571428571428571,0.04761904761904768,1.5,0.7380952380952381,0.057522123893788135,0.6842105263157892,-0.6666666666666669,-0.49999999999999944
-0.9523809523809526,-0.19999999999999996,-0.787878787878788,-0.4285714285714288,-0.09523809523809536,0.7857142857142857,0.11904761904761904,-1.305309734513255,1.0,-0.5,0.6250000000000001
-0.5714285714285716,0.2799999999999998,-0.5454545454545455,-0.5714285714285715,0.8571428571428577,0.07142857142857142,0.6190476190476191,-0.3982300884955735,-0.15789473684210661,-0.44444444444444436,-0.6250000000000001
0.04761904761904746,0.31999999999999984,-0.6363636363636365,-0.2857142857142859,0.47619047619047616,-0.14285714285714285,-0.16666666666666666,0.24336283185837598,0.26315789473684126,-0.05555555555555562,-0.12499999999999958
-0.23809523809523814,-0.6000000000000001,0.09090909090909083,0.5714285714285712,0.3809523809523808,0.8571428571428571,0.7857142857142857,-0.1548672566371975,0.42105263157894784,0.33333333333333376,0.5000000000000006
0.0,0.0,-0.030303030303030335,0.9999999999999993,-0.09523809523809536,0.5,0.14285714285714285,0.2654867256636829,0.9473684210526326,1.8888888888888893,1.1875000000000004
1.3809523809523814,-0.43999999999999995,0.4545454545454545,0.0,0.23809523809523842,-0.5,-0.5238095238095238,0.7079646017698702,-1.210526315789474,0.2777777777777781,-0.5624999999999992
0.33333333333333304,-0.08000000000000007,0.09090909090909083,-0.2857142857142859,1.4761904761904767,0.35714285714285715,2.238095238095238,0.17699115044245528,-2.0,7.555555555555557,-0.24999999999999917
0.14285714285714238,-0.3600000000000001,0.696969696969697,0.5714285714285712,0.23809523809523842,1.2857142857142858,0.38095238095238093,0.8849557522123745,0.15789473684210428,0.7222222222222225,-0.9375000000000002
-0.04761904761904788,0.20000000000000018,-0.21212121212121215,-0.5714285714285715,1.1904761904761907,-0.14285714285714285,0.19047619047619047,-0.1769911504425044,-0.6315789473684218,1.7222222222222232,-0.43749999999999967
-0.3809523809523814,-0.48,-0.4242424242424243,-0.14285714285714296,-0.6666666666666669,0.0,-0.35714285714285715,-1.8938053097345071,-0.05263157894736965,-0.5,1.9375000000000013
-0.23809523809523814,-0.40000000000000013,-0.06060606060606067,-0.5714285714285715,-0.6190476190476192,0.2857142857142857,0.19047619047619047,-0.5309734513274149,0.3157894736842109,0.0,0.1250000000000007
1.0,-0.40000000000000013,0.5757575757575758,5.714285714285713,-0.38095238095238143,-0.5714285714285714,-0.5952380952380952,0.09734513274336022,-0.5263157894736848,-0.7222222222222225,1.000000000000001
-0.1904761904761907,0.7799999999999998,-0.06060606060606067,-0.5714285714285715,13.380952380952385,0.07142857142857142,0.5714285714285714,-0.1769911504425044,-1.6315789473684217,5.388888888888891,-0.43749999999999967
-1.0952380952380958,1.62,-0.787878787878788,-0.14285714285714296,-1.8095238095238102,0.21428571428571427,0.9285714285714286,-1.4778761061946686,1.9473684210526327,0.6111111111111113,0.7500000000000009
0.6190476190476186,-0.32000000000000006,0.696969696969697,0.28571428571428525,0.3333333333333331,0.6428571428571429,1.8333333333333333,0.3539823008849597,-0.42105263157894784,0.11111111111111124,-0.43749999999999967
-1.3809523809523814,-0.43999999999999995,0.7272727272727273,2.9999999999999987,-1.5714285714285723,1.0714285714285714,0.9761904761904762,-2.9203539823008557,0.9473684210526326,0.2222222222222225,2.125000000000001
-0.04761904761904788,-0.40000000000000013,1.272727272727273,-0.7142857142857144,18.476190476190485,0.2857142857142857,0.7142857142857143,0.2212389380530691,-1.210526315789474,3.833333333333335,-0.5624999999999992
2.3809523809523814,-0.040000000000000036,0.878787878787879,0.8571428571428564,-0.33333333333333376,-0.5,-0.35714285714285715,1.4690265486724867,-1.1578947368421066,0.33333333333333376,0.4375000000000008
3.666666666666667,0.54,0.696969696969697,2.8571428571428563,0.7619047619047622,-0.2857142857142857,-0.38095238095238093,2.809734513274272,-2.0526315789473695,0.6666666666666669,0.5625000000000003
0.3809523809523805,1.3199999999999998,-0.787878787878788,-1.142857142857143,-0.6666666666666669,0.7142857142857143,-0.14285714285714285,-0.6194690265486917,-0.21052631578947392,-0.38888888888888873,-0.31250000000000006
0.14285714285714238,-0.8,0.4242424242424243,0.0,-1.0000000000000002,-0.5714285714285714,-0.6904761904761905,-0.6371681415929078,0.0,0.33333333333333376,0.6250000000000001
0.5238095238095237,1.2399999999999998,-0.6363636363636365,0.28571428571428525,0.09523809523809536,0.8571428571428571,1.3571428571428572,0.5929203539822939,0.26315789473684126,-0.5,-0.12499999999999958
-0.3333333333333335,-0.56,0.18181818181818182,-0.2857142857142859,-0.80952380952381,0.07142857142857142,-0.2619047619047619,-0.9292035398229884,-0.42105263157894784,0.6111111111111113,0.687500000000001
1.0,0.20000000000000018,-0.06060606060606067,0.0,0.0,0.35714285714285715,0.4523809523809524,1.017699115044216,-0.6842105263157892,-0.33333333333333315,-0.06249999999999979
-0.4761904761904763,0.6400000000000001,-0.6060606060606062,-0.14285714285714296,0.04761904761904768,-0.42857142857142855,-0.14285714285714285,0.7300884955751771,1.9473684210526327,0.5,-0.37499999999999983
-0.6190476190476195,-0.040000000000000036,-0.787878787878788,-0.5714285714285715,-0.80952380952381,0.5,-0.2619047619047619,-1.45132743362832,0.6842105263157892,-0.38888888888888873,1.312500000000001
-0.1904761904761907,0.3999999999999999,0.0,-0.4285714285714288,-0.2857142857142861,0.7142857142857143,1.1666666666666667,-0.30088495575221325,-0.05263157894736965,-0.5,-0.24999999999999917
-1.0952380952380958,0.3799999999999999,-0.6363636363636365,0.28571428571428525,-0.2857142857142861,0.35714285714285715,-0.3333333333333333,-1.8672566371681094,1.3157894736842108,-0.38888888888888873,1.687500000000001
1.0,0.2799999999999998,-0.12121212121212126,-0.4285714285714288,0.04761904761904768,-0.35714285714285715,-0.16666666666666666,0.2654867256636829,-0.9473684210526326,-0.38888888888888873,-0.43749999999999967
-0.4285714285714288,1.08,-0.5454545454545455,-0.2857142857142859,0.6666666666666669,-0.2857142857142857,-0.47619047619047616,-0.5309734513274149,0.47368421052631515,-0.8333333333333337,-0.12499999999999958
0.14285714285714238,-0.43999999999999995,0.5454545454545455,0.8571428571428564,0.47619047619047616,-0.21428571428571427,0.09523809523809523,0.30973451327434587,1.1578947368421042,-0.05555555555555562,0.1875000000000005
-0.3809523809523814,0.98,-0.3333333333333334,-0.5714285714285715,1.3333333333333337,0.42857142857142855,1.0714285714285714,-0.38495575221239914,-0.6315789473684218,-0.6666666666666669,-0.43749999999999967
-0.8095238095238098,-0.48,0.5151515151515151,-0.2857142857142859,-0.38095238095238143,0.0,-0.35714285714285715,-1.1150442477875764,0.7368421052631587,1.3888888888888893,0.6250000000000001
-0.5714285714285716,0.6600000000000001,-0.5757575757575758,0.28571428571428525,0.47619047619047616,0.21428571428571427,1.0238095238095237,-0.4424778761061873,0.21052631578947392,-0.44444444444444436,-0.06249999999999979
1.0,-0.08000000000000007,-0.18181818181818182,12.57142857142857,-0.38095238095238143,-0.07142857142857142,0.2619047619047619,2.079646017699095,-0.7894736842105261,0.38888888888888873,-0.6250000000000001
-0.5238095238095242,1.1,-0.787878787878788,0.28571428571428525,1.1904761904761907,0.0,-0.21428571428571427,-0.08849557522122764,1.105263157894737,-0.38888888888888873,0.31250000000000006
-0.4285714285714288,0.43999999999999995,-0.4848484848484849,-1.142857142857143,-0.38095238095238143,0.9285714285714286,0.5714285714285714,-0.3539823008849597,-0.15789473684210661,-0.05555555555555562,-0.6250000000000001
-0.04761904761904788,0.3599999999999999,-0.36363636363636365,0.28571428571428525,0.3333333333333331,-0.7857142857142857,-0.5714285714285714,0.30973451327434587,0.5789473684210521,-0.11111111111111124,0.375000000000001
-0.1428571428571432,-0.1200000000000001,0.1515151515151515,0.8571428571428564,-0.4285714285714285,-0.7142857142857143,-0.5714285714285714,0.057522123893788135,-0.47368421052631515,-0.38888888888888873,0.0625000000000009
-0.3333333333333335,-0.52,0.1515151515151515,-0.2857142857142859,-1.0952380952380958,0.07142857142857142,-0.23809523809523808,-0.9203539823008559,-0.42105263157894784,0.7777777777777781,0.687500000000001
-0.23809523809523814,0.3599999999999999,0.0,-0.14285714285714296,0.19047619047619072,0.21428571428571427,1.2380952380952381,-0.28318584070794806,-0.10526315789473696,-0.33333333333333315,-0.24999999999999917
0.5238095238095237,-0.43999999999999995,0.5151515151515151,0.28571428571428525,-0.5238095238095238,1.0714285714285714,0.16666666666666666,-1.1061946902654929,-0.5789473684210521,-0.11111111111111124,1.2500000000000002
0.5714285714285712,0.3599999999999999,-0.787878787878788,-0.4285714285714288,-1.0000000000000002,-0.6428571428571429,-0.6904761904761905,0.3982300884955735,-0.6842105263157892,0.05555555555555562,0.1250000000000007
1.095238095238095,0.54,0.303030303030303,-0.5714285714285715,-1.2380952380952388,-0.6428571428571429,-0.5952380952380952,0.6194690265486426,-0.7368421052631587,-1.1111111111111116,-0.12499999999999958
-0.28571428571428603,0.31999999999999984,0.0,-0.2857142857142859,0.04761904761904768,0.21428571428571427,1.5476190476190477,-0.42477876106197127,-0.15789473684210661,-0.5555555555555556,-0.18749999999999936
0.4285714285714288,-0.40000000000000013,1.1515151515151516,0.0,0.6666666666666669,-0.35714285714285715,0.07142857142857142,0.796460176991147,1.210526315789474,0.2222222222222225,0.1875000000000005
0.23809523809523814,-0.48,-0.4848484848484849,-0.7142857142857144,-0.19047619047619072,-0.5714285714285714,-0.3333333333333333,-0.4380530973451456,-1.1578947368421066,-1.055555555555556,-0.31250000000000006
0.1904761904761907,-0.08000000000000007,0.303030303030303,-0.5714285714285715,6.809523809523813,-0.5714285714285714,-0.5476190476190477,0.5309734513274149,-0.6842105263157892,-0.11111111111111124,-0.43749999999999967
1.095238095238095,-0.6000000000000001,1.1515151515151516,0.9999999999999993,2.0476190476190483,-0.2857142857142857,0.047619047619047616,0.5309734513274149,-0.42105263157894784,0.2222222222222225,1.4375000000000007
0.4761904761904763,0.21999999999999975,0.24242424242424251,1.1428571428571423,0.6666666666666669,0.14285714285714285,1.7380952380952381,1.327433628318562,0.3684210526315782,-0.05555555555555562,-0.43749999999999967
0.8571428571428568,0.08000000000000007,1.0303030303030303,-0.2857142857142859,-1.9047619047619055,-0.6428571428571429,-0.47619047619047616,-0.4203539823008804,-0.05263157894736965,1.3333333333333337,1.3750000000000009
-0.1904761904761907,0.31999999999999984,-0.12121212121212126,-0.5714285714285715,0.14285714285714304,2.0714285714285716,0.5,-0.8008849557521887,-1.105263157894737,-1.1111111111111116,-0.6250000000000001
1.8571428571428577,-1.0,0.787878787878788,-0.5714285714285715,-0.38095238095238143,-0.5714285714285714,-0.6904761904761905,0.0,-0.5789473684210521,0.5555555555555556,0.0
0.04761904761904746,-0.8400000000000001,1.1212121212121213,-0.8571428571428571,0.09523809523809536,0.14285714285714285,-0.23809523809523808,-0.4070796460177061,-0.05263157894736965,0.8888888888888894,0.375000000000001
-0.1428571428571432,0.8999999999999999,-0.7272727272727274,0.4285714285714282,-0.38095238095238143,-0.2857142857142857,-0.5952380952380952,-0.6283185840707751,1.0526315789473673,0.5,0.9375000000000002
1.095238095238095,-0.8800000000000001,1.181818181818182,0.28571428571428525,-0.19047619047619072,-0.5714285714285714,-0.5238095238095238,-0.508849557522108,-0.47368421052631515,0.05555555555555562,1.000000000000001
-0.666666666666667,-0.48,-0.09090909090909091,8.714285714285714,-1.3333333333333341,1.0,1.2380952380952381,-0.7079646017699194,0.6842105263157892,-0.38888888888888873,1.1875000000000004
0.04761904761904746,-0.1200000000000001,0.24242424242424251,0.0,-0.2857142857142861,0.14285714285714285,-0.3333333333333333,-1.4159292035397895,-0.15789473684210661,0.2222222222222225,1.3750000000000009
-0.3809523809523814,-0.16000000000000014,-0.787878787878788,0.0,-0.5714285714285715,-0.5,-0.5952380952380952,-0.7212389380530937,0.47368421052631515,-0.2222222222222225,0.4375000000000008
-0.9523809523809526,0.54,-0.4242424242424243,-0.2857142857142859,-0.19047619047619072,1.2857142857142858,0.11904761904761904,-0.5884955752212522,1.3684210526315783,0.5,0.0
0.4761904761904763,-0.76,0.1515151515151515,-0.2857142857142859,0.4285714285714285,-0.14285714285714285,-0.47619047619047616,-0.4867256637168011,-0.7368421052631587,-0.38888888888888873,0.1250000000000007
0.14285714285714238,-0.6799999999999999,0.36363636363636365,0.4285714285714282,0.04761904761904768,-0.14285714285714285,0.42857142857142855,0.4424778761061873,-0.05263157894736965,-0.8333333333333337,-0.7499999999999997
0.3809523809523805,-0.8,0.6060606060606062,-1.142857142857143,-0.952380952380953,-0.21428571428571427,-0.3333333333333333,-0.08849557522122764,0.26315789473684126,0.7777777777777781,-0.06249999999999979
0.9523809523809526,0.08000000000000007,0.9393939393939393,0.28571428571428525,0.6666666666666669,1.1428571428571428,0.30952380952380953,0.13274336283184146,-0.6315789473684218,0.7777777777777781,0.8750000000000004
-0.04761904761904788,0.43999999999999995,-0.6363636363636365,0.14285714285714232,0.0,-0.5714285714285714,-0.5,0.24336283185837598,-0.10526315789473696,0.05555555555555562,-0.5624999999999992
0.4761904761904763,0.96,-0.36363636363636365,0.4285714285714282,0.3333333333333331,-0.35714285714285715,-0.21428571428571427,0.6371681415929078,0.15789473684210428,0.11111111111111124,0.1875000000000005
-0.3809523809523814,0.6800000000000002,-0.787878787878788,0.0,-0.2857142857142861,-0.14285714285714285,-0.40476190476190477,0.04424778761061382,0.894736842105263,-0.6666666666666669,-0.5624999999999992
-0.3809523809523814,-0.8,0.12121212121212116,0.0,-1.2380952380952388,1.5714285714285714,2.0952380952380953,-0.13274336283184146,-1.9473684210526327,5.555555555555557,-0.43749999999999967
-0.09523809523809534,0.43999999999999995,-0.6666666666666667,2.2857142857142847,0.23809523809523842,0.7857142857142857,0.14285714285714285,0.4424778761061873,0.15789473684210428,-0.5,-0.43749999999999967
-0.8095238095238098,0.7599999999999998,-0.3333333333333334,4.1428571428571415,-0.14285714285714304,-0.07142857142857142,-0.2857142857142857,-0.2566371681415994,1.210526315789474,-0.11111111111111124,1.0625000000000009
-0.28571428571428603,-0.52,-0.15151515151515157,-0.2857142857142859,0.04761904761904768,-0.5,-0.09523809523809523,-0.30973451327434587,0.10526315789473696,-0.8333333333333337,-0.43749999999999967
-0.8571428571428577,-0.76,-0.030303030303030335,-0.5714285714285715,0.3333333333333331,-0.6428571428571429,-0.16666666666666666,-0.9557522123893862,0.26315789473684126,-1.0000000000000002,-0.06249999999999979
-0.4285714285714288,-1.1600000000000001,0.12121212121212116,-0.5714285714285715,-0.6666666666666669,0.14285714285714285,-0.4523809523809524,-0.03539823008848123,1.5789473684210522,1.1111111111111112,-0.12499999999999958
0.14285714285714238,-0.6799999999999999,0.3333333333333333,-0.4285714285714288,-1.0476190476190481,2.0714285714285716,0.8333333333333334,-1.203539823008853,-0.42105263157894784,1.0555555555555562,1.1250000000000007
0.5238095238095237,-0.24,0.696969696969697,0.5714285714285712,0.23809523809523842,0.5,0.8571428571428571,0.8407079646017608,0.21052631578947392,-0.2777777777777781,-0.31250000000000006
-0.5238095238095242,-0.040000000000000036,-0.45454545454545464,-1.0,-0.19047619047619072,0.14285714285714285,0.23809523809523808,-0.5973451327433847,0.26315789473684126,0.944444444444445,-0.43749999999999967
-0.5238095238095242,1.2199999999999998,-0.787878787878788,-1.4285714285714286,8.952380952380956,0.14285714285714285,-0.23809523809523808,-0.9247787610619467,0.052631578947367315,-0.6111111111111113,-0.24999999999999917
-0.23809523809523814,0.43999999999999995,-0.6363636363636365,-0.4285714285714288,-0.5238095238095238,0.7142857142857143,0.07142857142857142,-0.30973451327434587,0.5789473684210521,-0.2777777777777781,0.8125000000000007
-0.7142857142857144,1.5,-0.787878787878788,0.14285714285714232,4.142857142857145,-0.5714285714285714,-0.6428571428571429,-0.570796460176987,1.3157894736842108,-0.6111111111111113,0.375000000000001
-0.4285714285714288,0.31999999999999984,-0.787878787878788,-0.7142857142857144,-1.2857142857142865,-0.7857142857142857,-0.7380952380952381,-0.3539823008849597,0.5263157894736848,-0.8333333333333337,0.0625000000000009
-0.4285714285714288,-0.6000000000000001,-0.15151515151515157,0.14285714285714232,0.3333333333333331,0.42857142857142855,0.6190476190476191,-0.5398230088495475,0.47368421052631515,-0.44444444444444436,-0.06249999999999979
-0.7142857142857144,0.48,-0.15151515151515157,-0.8571428571428571,0.04761904761904768,-0.14285714285714285,-0.16666666666666666,0.039823008849572086,1.4210526315789478,0.2222222222222225,-0.24999999999999917
0.8571428571428568,0.6000000000000001,0.24242424242424251,0.5714285714285712,0.7142857142857145,-0.14285714285714285,1.1666666666666667,0.5132743362831498,-0.2631578947368436,0.2222222222222225,-0.06249999999999979
-0.23809523809523814,-1.04,0.09090909090909083,0.0,-1.1904761904761911,0.35714285714285715,0.23809523809523808,-0.061946902654878996,0.47368421052631515,0.7777777777777781,0.4375000000000008
0.5238095238095237,-0.48,0.4242424242424243,-1.2857142857142856,-1.6666666666666676,0.7857142857142857,0.2619047619047619,-0.8938053097345072,-0.5789473684210521,1.166666666666667,0.4375000000000008
1.9523809523809526,-0.040000000000000036,1.0,-1.142857142857143,-0.2857142857142861,0.6428571428571429,0.07142857142857142,0.5309734513274149,-2.0526315789473695,0.33333333333333376,0.1875000000000005
0.09523809523809491,1.08,-0.09090909090909091,0.5714285714285712,-0.952380952380953,-0.6428571428571429,-0.5714285714285714,0.08849557522122764,0.3157894736842109,-0.33333333333333315,0.687500000000001
-0.23809523809523814,1.1,-0.21212121212121215,4.285714285714285,0.7142857142857145,0.35714285714285715,1.4047619047619047,0.14601769911501578,-0.7894736842105261,-0.5555555555555556,-0.39583333333333093
0.04761904761904746,0.43999999999999995,0.27272727272727265,0.8571428571428564,0.3333333333333331,1.0,0.30952380952380953,0.08849557522122764,0.0,0.0,0.375000000000001
0.8571428571428568,-0.3600000000000001,0.6060606060606062,-0.14285714285714296,-0.23809523809523842,-0.6428571428571429,-0.5476190476190477,-0.1371681415929323,-0.21052631578947392,0.6666666666666669,1.312500000000001
-0.4285714285714288,0.56,-0.7272727272727274,-0.14285714285714296,-0.6190476190476192,-0.42857142857142855,-0.3333333333333333,0.17699115044245528,0.8421052631578957,0.2777777777777781,-0.43749999999999967
0.9047619047619051,-0.56,0.393939393939394,0.4285714285714282,0.0,1.0,0.6190476190476191,0.21681415929202735,-0.7894736842105261,-0.16666666666666688,-0.24999999999999917
-0.23809523809523814,0.7599999999999998,-0.787878787878788,-0.4285714285714288,-0.14285714285714304,-0.21428571428571427,-0.11904761904761904,0.4424778761061873,1.0526315789473673,-0.33333333333333315,-0.49999999999999944
0.4761904761904763,-1.56,0.5757575757575758,-0.5714285714285715,-0.19047619047619072,-0.2857142857142857,-0.42857142857142855,-0.5663716814159453,0.5263157894736848,0.7777777777777781,1.0625000000000009
2.2857142857142856,0.3599999999999999,0.696969696969697,0.8571428571428564,-0.19047619047619072,-0.6428571428571429,-0.47619047619047616,1.1504424778760576,-0.894736842105263,-0.2777777777777781,0.7500000000000009
-0.3333333333333335,0.08000000000000007,-0.393939393939394,-0.2857142857142859,-1.0000000000000002,0.2857142857142857,-0.40476190476190477,-0.4734513274336268,-0.5263157894736848,0.33333333333333376,-0.18749999999999936
0.4285714285714288,0.3999999999999999,-0.36363636363636365,0.28571428571428525,-0.5714285714285715,-0.2857142857142857,0.07142857142857142,0.04424778761061382,-0.6315789473684218,-0.16666666666666688,-0.43749999999999967
-0.09523809523809534,0.0,0.06060606060606067,-0.14285714285714296,0.3809523809523808,0.6428571428571429,0.35714285714285715,0.5309734513274149,0.5789473684210521,0.6666666666666669,-0.6250000000000001
0.5714285714285712,-0.6000000000000001,0.393939393939394,-0.5714285714285715,-0.9047619047619053,0.5,0.38095238095238093,-0.8185840707964539,-0.6842105263157892,1.1111111111111112,0.5000000000000006
-0.09523809523809534,0.2799999999999998,-0.4848484848484849,-0.5714285714285715,1.0952380952380953,1.0,1.6666666666666667,-0.508849557522108,-1.210526315789474,-0.7222222222222225,-0.24999999999999917
-0.1904761904761907,0.3599999999999999,0.18181818181818182,0.7142857142857141,1.142857142857143,-0.07142857142857142,1.4047619047619047,1.141592920353974,0.7368421052631587,0.0,-0.43749999999999967
0.23809523809523814,0.6400000000000001,-0.21212121212121215,0.0,0.6666666666666669,-0.21428571428571427,0.8571428571428571,0.24778761061946686,-0.5789473684210521,-0.16666666666666688,-0.6250000000000001
0.04761904761904746,0.3599999999999999,-0.12121212121212126,-0.14285714285714296,0.04761904761904768,0.7857142857142857,1.5714285714285714,-0.29646017699117155,-0.05263157894736965,-0.7222222222222225,-0.18749999999999936
1.1904761904761907,-1.0,0.6666666666666666,-0.4285714285714288,-0.6190476190476192,-0.5714285714285714,-0.6904761904761905,0.19469026548672044,0.10526315789473696,1.3888888888888893,0.4375000000000008
0.04761904761904746,0.2799999999999998,0.06060606060606067,1.4285714285714282,-0.6190476190476192,0.5,1.7857142857142858,0.2212389380530691,-0.47368421052631515,-0.44444444444444436,-0.49999999999999944
0.33333333333333304,1.2799999999999998,-0.787878787878788,0.8571428571428564,0.7619047619047622,0.21428571428571427,0.09523809523809523,0.6283185840707751,0.10526315789473696,-0.11111111111111124,0.1250000000000007
0.666666666666667,-0.6000000000000001,0.393939393939394,-1.0,0.04761904761904768,1.9285714285714286,0.38095238095238093,-0.12389380530975799,0.8421052631578957,0.6111111111111113,0.4375000000000008
-0.8571428571428577,-0.76,-0.030303030303030335,0.14285714285714232,-0.38095238095238143,0.6428571428571429,0.4523809523809524,-0.20796460176989476,0.5789473684210521,1.944444444444445,0.2500000000000003
0.9047619047619051,-0.28,0.6363636363636364,0.4285714285714282,-0.7619047619047622,-0.35714285714285715,-0.2619047619047619,0.5752212389380288,-0.3684210526315782,0.16666666666666688,0.375000000000001
-0.1904761904761907,-0.43999999999999995,-0.4242424242424243,1.1428571428571423,0.6190476190476192,1.0714285714285714,0.3333333333333333,-0.04424778761061382,0.3157894736842109,0.44444444444444436,0.0625000000000009
0.0,-1.24,0.27272727272727265,-0.7142857142857144,-1.1904761904761911,-0.5,-0.5714285714285714,-0.9823008849557349,0.052631578947367315,1.0000000000000007,1.0625000000000009
-0.6190476190476195,1.3199999999999998,-0.6969696969696971,0.14285714285714232,-0.952380952380953,1.2857142857142858,0.21428571428571427,-0.7079646017699194,1.105263157894737,-0.33333333333333315,1.312500000000001
0.4285714285714288,-0.72,0.4545454545454545,5.285714285714285,-0.2857142857142861,-0.5,-0.6190476190476191,-0.09734513274336022,-0.05263157894736965,0.0,1.1875000000000004
0.666666666666667,-0.48,0.4242424242424243,0.5714285714285712,-0.2857142857142861,-0.2857142857142857,-0.30952380952380953,0.7079646017698702,0.15789473684210428,0.7222222222222225,0.0
1.7142857142857144,-0.8400000000000001,1.0303030303030303,-0.2857142857142859,-0.5714285714285715,-0.14285714285714285,-0.2857142857142857,0.5752212389380288,-1.0526315789473697,1.944444444444445,-0.06249999999999979
-0.3333333333333335,0.3599999999999999,-0.6666666666666667,0.4285714285714282,-0.14285714285714304,0.2857142857142857,1.1666666666666667,0.2876106194689898,1.1578947368421042,-0.38888888888888873,-0.43749999999999967
0.1904761904761907,0.56,-0.4848484848484849,0.9999999999999993,0.47619047619047616,0.21428571428571427,0.023809523809523808,0.5442477876105892,-0.10526315789473696,-0.38888888888888873,-0.43749999999999967
0.9523809523809526,-0.08000000000000007,0.9696969696969696,1.8571428571428563,0.7142857142857145,-0.35714285714285715,0.09523809523809523,1.5929203539822447,-0.10526315789473696,-0.2222222222222225,-0.7499999999999997
1.1428571428571432,0.08000000000000007,0.6666666666666666,0.4285714285714282,-0.7619047619047622,-0.5714285714285714,-0.3333333333333333,1.327433628318562,-1.0,-0.16666666666666688,-0.5624999999999992
-0.23809523809523814,1.1,-0.21212121212121215,4.285714285714285,0.7142857142857145,0.35714285714285715,1.4047619047619047,0.14601769911501578,-0.7894736842105261,-0.5555555555555556,-0.37499999999999983
1.1904761904761907,0.040000000000000036,0.5757575757575758,-0.2857142857142859,0.04761904761904768,-0.5714285714285714,-0.6190476190476191,0.4159292035397895,-0.47368421052631515,0.7777777777777781,0.7500000000000009
0.14285714285714238,-0.48,0.36363636363636365,-1.0,-1.0000000000000002,-0.2857142857142857,-0.23809523809523808,-0.26548672566373205,-0.2631578947368436,0.6666666666666669,-0.24999999999999917
-0.23809523809523814,-0.040000000000000036,0.6363636363636364,-0.2857142857142859,0.3333333333333331,0.5,0.8095238095238095,0.08849557522122764,0.26315789473684126,-0.2777777777777781,-0.6874999999999999
1.0476190476190474,-0.56,0.24242424242424251,0.28571428571428525,0.2857142857142861,-0.6428571428571429,-0.5238095238095238,0.01327433628317432,-0.7368421052631587,0.16666666666666688,0.2500000000000003
-0.3809523809523814,-0.19999999999999996,-0.36363636363636365,0.8571428571428564,-0.14285714285714304,0.07142857142857142,-0.047619047619047616,-0.24778761061946686,0.26315789473684126,-0.7222222222222225,0.31250000000000006
1.0476190476190474,0.56,0.3333333333333333,4.1428571428571415,1.4761904761904767,-0.21428571428571427,0.6190476190476191,2.566371681415847,0.052631578947367315,0.11111111111111124,0.1250000000000007
-0.3333333333333335,-0.3800000000000001,0.303030303030303,-0.2857142857142859,0.09523809523809536,-0.07142857142857142,0.14285714285714285,0.17699115044245528,0.894736842105263,0.11111111111111124,-0.6250000000000001
-0.4761904761904763,0.1200000000000001,0.12121212121212116,0.0,0.4285714285714285,-0.35714285714285715,1.5714285714285714,0.1991150442477622,-0.3157894736842109,3.111111111111112,0.1875000000000005
-0.4285714285714288,0.7199999999999998,-0.5757575757575758,0.4285714285714282,0.5714285714285715,0.07142857142857142,-0.42857142857142855,-0.4778761061946685,0.3684210526315782,-0.11111111111111124,0.687500000000001
0.0,-0.6400000000000001,-0.15151515151515157,-0.4285714285714288,-0.2857142857142861,2.2857142857142856,1.5,-0.1769911504425044,-0.21052631578947392,-0.2222222222222225,-0.43749999999999967
0.14285714285714238,1.62,0.030303030303030335,-0.14285714285714296,0.4285714285714285,-0.5,-0.38095238095238093,-0.26548672566373205,-0.2631578947368436,-0.8333333333333337,-0.12499999999999958
1.2857142857142856,2.0599999999999996,0.5151515151515151,0.8571428571428564,0.04761904761904768,0.5,1.0714285714285714,0.7522123893805331,-1.3157894736842108,-0.2777777777777781,-0.06249999999999979
1.333333333333333,-0.32000000000000006,0.393939393939394,0.0,1.285714285714286,-0.42857142857142855,-0.16666666666666666,0.796460176991147,-2.210526315789474,-0.6666666666666669,-0.37499999999999983
0.0,-0.6400000000000001,0.6060606060606062,1.9999999999999993,-0.04761904761904768,0.07142857142857142,-0.047619047619047616,0.2212389380530691,0.21052631578947392,1.3333333333333337,1.6250000000000013
-0.3809523809523814,-0.32000000000000006,-0.27272727272727276,-0.5714285714285715,0.14285714285714304,0.9285714285714286,0.2857142857142857,-0.20353982300885304,0.9473684210526326,0.11111111111111124,0.1250000000000007
-0.3809523809523814,0.31999999999999984,-0.787878787878788,-0.14285714285714296,0.5714285714285715,-0.35714285714285715,-0.5952380952380952,-0.8495575221238933,0.5789473684210521,-0.38888888888888873,0.8125000000000007
0.1904761904761907,-0.6799999999999999,0.4242424242424243,0.28571428571428525,-0.6666666666666669,0.7142857142857143,0.21428571428571427,-0.5575221238938127,0.15789473684210428,1.3333333333333337,0.5000000000000006
-0.23809523809523814,0.48,-0.5757575757575758,0.28571428571428525,0.5238095238095238,-0.21428571428571427,-0.047619047619047616,0.4867256637168011,0.6315789473684218,0.7777777777777781,-0.31250000000000006
-0.3809523809523814,-0.6799999999999999,0.06060606060606067,-0.2857142857142859,0.14285714285714304,1.2142857142857142,0.6904761904761905,0.061946902654878996,0.7368421052631587,-0.7777777777777781,-0.49999999999999944
-0.4761904761904763,0.3799999999999999,-0.4242424242424243,12.14285714285714,-0.2857142857142861,1.8571428571428572,1.0476190476190477,1.1061946902654436,0.7368421052631587,-0.5555555555555556,-0.49999999999999944
0.04761904761904746,-0.52,-0.6060606060606062,-0.5714285714285715,-0.04761904761904768,-0.14285714285714285,0.23809523809523808,-0.2433628318584251,0.3157894736842109,-0.5555555555555556,-0.18749999999999936
-0.5238095238095242,1.2000000000000002,-0.6363636363636365,-0.2857142857142859,-0.4285714285714285,-0.5714285714285714,-0.5952380952380952,-0.5221238938053314,1.0526315789473673,0.2222222222222225,0.375000000000001
-0.8571428571428577,0.2799999999999998,-0.09090909090909091,0.4285714285714282,-1.6666666666666676,0.14285714285714285,0.7380952380952381,-1.45132743362832,0.7894736842105261,0.16666666666666688,1.4375000000000007
-0.1904761904761907,-0.040000000000000036,0.303030303030303,5.571428571428569,-0.38095238095238143,0.21428571428571427,1.5,0.4424778761061873,0.21052631578947392,1.0000000000000007,0.1875000000000005
0.9523809523809526,-0.6400000000000001,0.36363636363636365,-1.0,-1.0000000000000002,1.2142857142857142,0.19047619047619047,-0.017699115044265176,-0.2631578947368436,1.1111111111111112,0.2500000000000003
-0.4761904761904763,0.20000000000000018,-0.6969696969696971,-1.0,0.3333333333333331,1.5714285714285714,0.16666666666666666,-0.6991150442477867,1.1578947368421042,-0.2777777777777781,0.2500000000000003
0.3809523809523805,-0.72,0.36363636363636365,1.5714285714285705,-0.7619047619047622,-0.2857142857142857,-0.47619047619047616,-0.938053097345121,-0.05263157894736965,0.6111111111111113,1.1250000000000007
-0.8571428571428577,-0.43999999999999995,-0.3030303030303031,-0.5714285714285715,-0.47619047619047616,-0.21428571428571427,-0.3333333333333333,-0.5752212389380288,0.5789473684210521,0.6666666666666669,-0.06249999999999979
-0.3809523809523814,1.46,-0.6363636363636365,4.999999999999999,0.14285714285714304,-0.7857142857142857,-0.5952380952380952,0.5663716814158961,0.47368421052631515,-0.5555555555555556,0.0
-0.4761904761904763,-0.43999999999999995,-0.06060606060606067,0.4285714285714282,0.19047619047619072,1.1428571428571428,0.14285714285714285,-0.3982300884955735,-0.2631578947368436,-0.2222222222222225,-0.12499999999999958
1.095238095238095,-0.6799999999999999,0.6666666666666666,-0.14285714285714296,-1.2857142857142865,-0.6428571428571429,-0.7142857142857143,-0.9823008849557349,-0.5789473684210521,0.38888888888888873,1.1875000000000004
0.4285714285714288,-0.19999999999999996,0.5757575757575758,0.5714285714285712,-0.6666666666666669,-0.5,-0.5,-0.9292035398229884,0.052631578947367315,0.944444444444445,2.375000000000001
1.7619047619047619,-0.3600000000000001,0.8181818181818183,1.5714285714285705,1.2380952380952384,1.3571428571428572,1.4047619047619047,1.8584070796459278,-0.5789473684210521,1.8333333333333337,-0.6250000000000001
1.2857142857142856,2.04,0.5151515151515151,0.9999999999999993,-0.14285714285714304,0.8571428571428571,1.1666666666666667,0.7079646017698702,-1.210526315789474,-0.2777777777777781,-0.06249999999999979
-0.4761904761904763,0.7000000000000002,-0.787878787878788,0.4285714285714282,1.2380952380952384,0.5714285714285714,-0.047619047619047616,-0.08849557522122764,0.7894736842105261,-0.2777777777777781,0.2500000000000003
0.5714285714285712,0.6000000000000001,-0.3333333333333334,1.4285714285714282,0.8571428571428577,-0.35714285714285715,0.47619047619047616,1.3097345132742968,-0.15789473684210661,-0.44444444444444436,-0.37499999999999983
-0.4761904761904763,-0.43999999999999995,-0.36363636363636365,0.28571428571428525,0.2857142857142861,0.5,0.023809523809523808,0.0,0.6315789473684218,0.05555555555555562,-0.31250000000000006
0.23809523809523814,-0.8,0.09090909090909083,1.2857142857142854,5.476190476190479,0.0,-0.30952380952380953,-0.6371681415929078,-0.47368421052631515,0.8888888888888894,1.1250000000000007
-1.0952380952380958,0.6000000000000001,-0.787878787878788,0.0,0.3809523809523808,-0.7857142857142857,-0.6666666666666666,-1.3362831858406945,2.105263157894737,0.05555555555555562,1.6250000000000013
0.23809523809523814,-0.6799999999999999,0.4848484848484848,-0.14285714285714296,-0.33333333333333376,0.6428571428571429,-0.07142857142857142,-1.2743362831858156,-1.0526315789473697,0.8888888888888894,1.3750000000000009
1.7142857142857144,-0.8,0.7575757575757577,0.0,0.0,0.0,-0.2619047619047619,0.6194690265486426,-1.4736842105263175,1.7222222222222232,-0.24999999999999917
0.6190476190476186,-0.19999999999999996,-0.09090909090909091,0.5714285714285712,0.5714285714285715,0.2857142857142857,0.9047619047619048,1.0707964601769624,-0.8421052631578957,-0.6111111111111113,-0.49999999999999944
1.4285714285714288,0.08000000000000007,0.696969696969697,3.428571428571427,1.8571428571428577,-0.2857142857142857,-0.5238095238095238,1.5044247787610172,-1.2631578947368436,-0.33333333333333315,0.9375000000000002
1.9523809523809526,0.48,0.7272727272727273,-1.142857142857143,-0.38095238095238143,-0.5714285714285714,-0.30952380952380953,0.49115044247784284,-1.2631578947368436,-0.11111111111111124,0.1250000000000007
-0.3809523809523814,0.31999999999999984,-0.7575757575757577,0.4285714285714282,-0.09523809523809536,0.42857142857142855,1.0952380952380953,0.2920353982300807,1.2631578947368411,-0.16666666666666688,-0.24999999999999917
-0.4285714285714288,-0.3600000000000001,0.27272727272727265,-0.8571428571428571,0.4285714285714285,0.14285714285714285,0.0,-0.30973451327434587,0.15789473684210428,-0.38888888888888873,-0.6250000000000001
-0.4761904761904763,1.3199999999999998,-0.15151515151515157,2.7142857142857126,-0.23809523809523842,0.14285714285714285,0.6190476190476191,0.7168141592920028,1.1578947368421042,0.5555555555555556,-0.5937499999999997
-0.4285714285714288,0.7000000000000002,-0.787878787878788,-0.4285714285714288,0.952380952380953,-0.35714285714285715,-0.40476190476190477,-0.327433628318611,0.15789473684210428,-0.11111111111111124,-0.31250000000000006
0.04761904761904746,0.8599999999999999,-0.06060606060606067,0.8571428571428564,0.19047619047619072,-0.2857142857142857,0.5476190476190477,0.02212389380530691,0.21052631578947392,-0.33333333333333315,-0.12499999999999958
-0.3809523809523814,-0.32000000000000006,0.4848484848484848,4.714285714285713,-0.4285714285714285,1.0714285714285714,2.142857142857143,0.2212389380530691,0.5789473684210521,0.5555555555555556,0.1875000000000005
0.14285714285714238,-0.28,-0.06060606060606067,0.14285714285714232,-0.7619047619047622,-0.2857142857142857,-0.2619047619047619,-0.29646017699117155,-0.3157894736842109,-0.5,0.0
-0.5714285714285716,-1.4,1.1515151515151516,-0.14285714285714296,-0.952380952380953,0.7142857142857143,0.30952380952380953,-0.8230088495574956,0.15789473684210428,0.5,0.6250000000000001
0.5238095238095237,0.6000000000000001,-0.27272727272727276,1.1428571428571423,-0.09523809523809536,-0.6428571428571429,-0.6190476190476191,0.3539823008849597,-0.10526315789473696,-0.38888888888888873,0.1250000000000007
2.1904761904761907,0.20000000000000018,0.696969696969697,0.28571428571428525,-0.7142857142857145,-0.6428571428571429,-0.2857142857142857,1.3716814159291757,-1.210526315789474,1.3888888888888893,0.4375000000000008
0.4761904761904763,-0.8800000000000001,0.27272727272727265,-0.4285714285714288,-0.5714285714285715,0.7857142857142857,0.42857142857142855,0.08849557522122764,-0.6842105263157892,4.111111111111113,0.0625000000000009
0.14285714285714238,0.31999999999999984,-0.787878787878788,0.4285714285714282,0.6666666666666669,0.35714285714285715,0.4523809523809524,1.5044247787610172,1.0,0.16666666666666688,-0.5624999999999992
-0.23809523809523814,0.52,-0.27272727272727276,4.57142857142857,4.238095238095241,2.7142857142857144,1.4047619047619047,0.24778761061946686,-0.15789473684210661,-0.6666666666666669,-0.43749999999999967
1.666666666666667,0.3599999999999999,0.696969696969697,0.7142857142857141,0.2857142857142861,-0.2857142857142857,0.047619047619047616,1.1504424778760576,-0.8421052631578957,0.05555555555555562,0.1875000000000005
1.2857142857142856,-0.6000000000000001,0.9393939393939393,0.14285714285714232,0.3809523809523808,-0.5714285714285714,-0.4523809523809524,-0.017699115044265176,-0.894736842105263,0.5555555555555556,0.5625000000000003
1.3809523809523814,-0.040000000000000036,0.6060606060606062,0.4285714285714282,-0.2857142857142861,-0.6428571428571429,-0.2857142857142857,1.4601769911504034,-1.3684210526315805,0.11111111111111124,-0.43749999999999967
-0.1904761904761907,0.040000000000000036,0.4848484848484848,0.14285714285714232,0.3809523809523808,-0.42857142857142855,-0.023809523809523808,0.17699115044245528,1.4210526315789478,-0.05555555555555562,0.1875000000000005
0.14285714285714238,-1.08,0.24242424242424251,4.1428571428571415,-0.80952380952381,-0.42857142857142855,-0.40476190476190477,0.2654867256636829,-0.47368421052631515,1.7777777777777781,0.4375000000000008
0.6190476190476186,-0.8,0.303030303030303,0.0,0.0,-0.21428571428571427,-0.19047619047619047,-0.28761061946903893,0.10526315789473696,1.3333333333333337,1.1250000000000007
-0.5238095238095242,0.7199999999999998,-0.787878787878788,4.857142857142855,2.1428571428571437,0.5,0.4523809523809524,1.2831858407079482,0.7894736842105261,0.5555555555555556,0.0
0.04761904761904746,0.31999999999999984,-0.3030303030303031,-0.5714285714285715,-0.6666666666666669,-0.7857142857142857,-0.5476190476190477,-0.26548672566373205,0.5789473684210521,1.6666666666666674,0.1875000000000005
-0.3333333333333335,0.6400000000000001,-0.787878787878788,0.0,-0.5238095238095238,-0.2857142857142857,-0.35714285714285715,-0.5309734513274149,0.5789473684210521,0.5555555555555556,0.5625000000000003
0.5714285714285712,1.02,-0.6666666666666667,-0.8571428571428571,-0.04761904761904768,-0.7142857142857143,-0.5952380952380952,0.5309734513274149,-0.10526315789473696,-0.44444444444444436,-0.31250000000000006
0.09523809523809491,1.2399999999999998,-0.787878787878788,2.7142857142857126,0.7619047619047622,-0.6428571428571429,-0.5952380952380952,0.7699115044247492,0.26315789473684126,-0.5,-0.37499999999999983
-0.7619047619047623,-0.48,-0.5454545454545455,-0.7142857142857144,-0.6190476190476192,-0.7857142857142857,-0.4523809523809524,-0.6194690265486917,0.15789473684210428,-0.2222222222222225,-0.49999999999999944
0.4285714285714288,-0.3600000000000001,-0.15151515151515157,0.4285714285714282,0.6190476190476192,1.3571428571428572,1.1666666666666667,0.6327433628318169,-0.6315789473684218,-0.5555555555555556,-0.6250000000000001
0.6190476190476186,0.20000000000000018,-0.24242424242424251,-0.8571428571428571,-0.04761904761904768,-0.2857142857142857,-0.42857142857142855,-0.46017699115045246,-0.8421052631578957,-0.7222222222222225,-0.18749999999999936
0.7142857142857144,-0.040000000000000036,0.24242424242424251,1.9999999999999993,0.14285714285714304,-0.6428571428571429,-0.5952380952380952,0.8407079646017608,-0.10526315789473696,-0.5555555555555556,0.31250000000000006
1.2857142857142856,-0.040000000000000036,0.5757575757575758,0.5714285714285712,1.9047619047619053,1.4285714285714286,0.6904761904761905,0.12389380530970887,-0.42105263157894784,0.5555555555555556,0.4375000000000008
0.14285714285714238,0.0,-0.06060606060606067,-0.2857142857142859,0.0,0.14285714285714285,1.119047619047619,0.3716814159291757,0.15789473684210428,0.11111111111111124,-0.43749999999999967
0.4761904761904763,0.5,0.3333333333333333,-0.7142857142857144,8.761904761904766,-0.6428571428571429,0.5476190476190477,0.13274336283184146,-1.6315789473684217,2.6111111111111125,-0.5624999999999992
1.9523809523809526,-0.9199999999999999,0.696969696969697,-0.4285714285714288,-0.23809523809523842,-0.2857142857142857,-0.42857142857142855,0.3539823008849597,-1.7368421052631589,0.2222222222222225,-0.18749999999999936
-0.09523809523809534,0.48,-0.5454545454545455,-0.4285714285714288,-0.14285714285714304,0.07142857142857142,-0.2857142857142857,-0.04424778761061382,0.052631578947367315,-0.44444444444444436,-0.43749999999999967
-0.4285714285714288,0.23999999999999977,-0.7272727272727274,-0.2857142857142859,-0.33333333333333376,0.21428571428571427,-0.30952380952380953,-0.4646017699114942,0.26315789473684126,-0.05555555555555562,0.0
0.3809523809523805,1.02,-0.12121212121212126,0.14285714285714232,-0.7142857142857145,-0.35714285714285715,0.07142857142857142,-0.2212389380531182,-1.105263157894737,-0.38888888888888873,-0.49999999999999944
0.1904761904761907,0.5800000000000001,-0.4242424242424243,0.14285714285714232,0.19047619047619072,0.07142857142857142,1.7619047619047619,-0.08849557522122764,-0.7368421052631587,0.2222222222222225,-0.24999999999999917
0.09523809523809491,0.08000000000000007,-0.12121212121212126,0.0,-0.04761904761904768,1.3571428571428572,1.1904761904761905,-0.008849557522132588,-0.2631578947368436,-0.8888888888888891,-0.37499999999999983
-0.4285714285714288,0.94,-0.4242424242424243,-0.5714285714285715,1.6666666666666676,0.07142857142857142,0.5952380952380952,-0.4070796460177061,-0.47368421052631515,-0.16666666666666688,-0.43749999999999967
-1.0952380952380958,0.41999999999999993,-0.787878787878788,-0.8571428571428571,0.47619047619047616,0.14285714285714285,0.47619047619047616,-1.1061946902654929,1.4210526315789478,-0.5555555555555556,-0.18749999999999936
-0.4285714285714288,0.1200000000000001,-0.787878787878788,-0.14285714285714296,0.0,1.7857142857142858,0.38095238095238093,-0.5309734513274149,0.42105263157894784,1.2222222222222225,0.7500000000000009
-0.04761904761904788,0.08000000000000007,-0.7575757575757577,-0.8571428571428571,-0.09523809523809536,-0.7857142857142857,-0.47619047619047616,-0.796460176991147,-0.7894736842105261,-0.8888888888888891,-0.24999999999999917
0.666666666666667,-0.43999999999999995,0.696969696969697,0.4285714285714282,0.2857142857142861,1.7142857142857142,2.4523809523809526,0.4424778761061873,-0.47368421052631515,-0.38888888888888873,-0.49999999999999944
0.5714285714285712,-0.43999999999999995,0.9393939393939393,3.428571428571427,0.04761904761904768,-0.5714285714285714,-0.4523809523809524,-0.12389380530975799,-0.15789473684210661,-0.2777777777777781,1.4375000000000007
1.1428571428571432,-0.32000000000000006,0.5454545454545455,0.28571428571428525,6.4285714285714315,-0.6428571428571429,-0.6428571428571429,1.1504424778760576,-0.6315789473684218,0.05555555555555562,-0.43749999999999967
2.0476190476190474,-0.24,0.696969696969697,-1.142857142857143,-0.19047619047619072,-0.7857142857142857,-0.7857142857142857,0.04424778761061382,-0.9473684210526326,0.05555555555555562,0.1250000000000007
-0.8095238095238098,0.3599999999999999,-0.5454545454545455,-0.2857142857142859,0.5238095238095238,1.2857142857142858,0.11904761904761904,-0.8407079646017608,0.7368421052631587,-0.2222222222222225,0.1875000000000005
0.09523809523809491,0.6000000000000001,-0.12121212121212126,0.0,-0.47619047619047616,-0.35714285714285715,-0.38095238095238093,0.0,-0.05263157894736965,3.222222222222223,0.0625000000000009
-0.3809523809523814,0.7000000000000002,0.27272727272727265,-0.2857142857142859,0.4285714285714285,-0.35714285714285715,1.2619047619047619,-0.2212389380531182,-0.15789473684210661,0.0,-0.49999999999999944
-0.5714285714285716,-0.9199999999999999,0.06060606060606067,0.28571428571428525,-3.190476190476192,1.5714285714285714,1.4523809523809523,-2.7256637168141356,-0.2631578947368436,-1.2777777777777781,0.9375000000000002
-0.1428571428571432,0.54,-0.6969696969696971,-0.4285714285714288,0.3333333333333331,0.0,0.42857142857142855,0.04424778761061382,0.3157894736842109,-0.8888888888888891,0.0625000000000009
-0.7142857142857144,-0.3600000000000001,-0.5151515151515152,0.14285714285714232,-1.1904761904761911,1.4285714285714286,0.5952380952380952,0.19469026548672044,0.5263157894736848,0.33333333333333376,0.1250000000000007
0.666666666666667,-0.40000000000000013,0.393939393939394,0.0,-0.7142857142857145,-0.14285714285714285,-0.19047619047619047,0.7079646017698702,-0.2631578947368436,0.16666666666666688,0.0
-0.8571428571428577,0.8199999999999998,-0.4848484848484849,0.5714285714285712,-1.2380952380952388,-0.07142857142857142,-0.2857142857142857,-1.407079646017706,1.3684210526315783,-0.6666666666666669,1.0625000000000009
-0.3333333333333335,0.43999999999999995,-0.6060606060606062,0.7142857142857141,-0.09523809523809536,0.07142857142857142,1.0952380952380953,0.2920353982300807,1.0526315789473673,-0.44444444444444436,-0.43749999999999967
0.4761904761904763,0.33999999999999986,0.4545454545454545,8.14285714285714,0.3333333333333331,1.1428571428571428,1.6666666666666667,1.327433628318562,-0.21052631578947392,-0.2777777777777781,-0.5624999999999992
2.238095238095238,-0.48,0.696969696969697,0.4285714285714282,0.04761904761904768,-0.42857142857142855,-0.4523809523809524,1.0619469026548298,-1.2631578947368436,1.1111111111111112,0.0625000000000009
-0.4761904761904763,0.16000000000000014,-0.3333333333333334,0.0,-0.14285714285714304,0.35714285714285715,0.023809523809523808,-0.30973451327434587,0.5263157894736848,-0.16666666666666688,-0.06249999999999979
-0.1428571428571432,-0.32000000000000006,0.4242424242424243,0.7142857142857141,0.14285714285714304,-0.5714285714285714,-0.6666666666666666,-0.6283185840707751,0.6842105263157892,-0.44444444444444436,1.2500000000000002
-0.9047619047619051,-0.8,0.6363636363636364,1.9999999999999993,-0.5714285714285715,0.2857142857142857,0.07142857142857142,-0.5796460176991196,0.42105263157894784,0.2222222222222225,0.5000000000000006
-0.5238095238095242,1.06,-0.787878787878788,1.1428571428571423,1.0952380952380953,-0.42857142857142855,-0.38095238095238093,-0.13274336283184146,0.7368421052631587,-0.33333333333333315,0.31250000000000006
-0.7619047619047623,-0.16000000000000014,-0.787878787878788,-1.142857142857143,-1.1428571428571435,0.9285714285714286,-0.14285714285714285,-2.0353982300884814,0.7368421052631587,-0.7777777777777781,1.312500000000001
-0.3809523809523814,1.3199999999999998,-0.7272727272727274,3.1428571428571423,0.80952380952381,-0.6428571428571429,-0.6190476190476191,0.08849557522122764,0.5263157894736848,-0.2777777777777781,0.5000000000000006
1.0,-0.6400000000000001,0.5757575757575758,0.4285714285714282,0.6190476190476192,0.42857142857142855,1.1666666666666667,1.0530973451326973,-0.8421052631578957,-1.055555555555556,-0.49999999999999944
0.0,0.8399999999999999,-0.7575757575757577,-0.4285714285714288,-0.14285714285714304,-0.5,-0.16666666666666666,-0.05309734513274641,0.42105263157894784,-0.44444444444444436,-0.37499999999999983
-0.3809523809523814,-0.1200000000000001,0.06060606060606067,0.8571428571428564,-0.5238095238095238,-0.5714285714285714,-0.5476190476190477,0.008849557522132588,-0.3684210526315782,-0.5,0.0625000000000009
0.9523809523809526,-1.04,0.6060606060606062,-0.7142857142857144,-0.80952380952381,0.8571428571428571,0.07142857142857142,-0.3982300884955735,-0.6842105263157892,1.166666666666667,0.2500000000000003
2.333333333333334,1.3199999999999998,1.1212121212121213,0.28571428571428525,0.4285714285714285,-0.07142857142857142,-0.09523809523809523,1.2831858407079482,-1.105263157894737,-0.11111111111111124,0.1250000000000007
0.7619047619047619,-0.19999999999999996,0.696969696969697,5.857142857142855,-0.7142857142857145,-0.6428571428571429,-0.5238095238095238,0.8849557522123745,-0.5263157894736848,0.6111111111111113,0.5000000000000006
-0.7142857142857144,1.12,-0.6666666666666667,0.0,-0.8571428571428577,-0.21428571428571427,-0.5238095238095238,-0.4070796460177061,1.1578947368421042,0.16666666666666688,0.1250000000000007
0.666666666666667,-0.56,0.5454545454545455,-0.8571428571428571,-1.9523809523809532,0.5,0.07142857142857142,-0.6814159292035216,-0.3684210526315782,1.0555555555555562,0.375000000000001
0.33333333333333304,-0.56,1.181818181818182,5.999999999999999,0.04761904761904768,-0.7857142857142857,-0.7380952380952381,0.6061946902654682,-0.21052631578947392,-0.2222222222222225,0.5000000000000006
-0.4761904761904763,0.48,-0.7272727272727274,-0.4285714285714288,-0.04761904761904768,0.2857142857142857,-0.21428571428571427,0.14159292035397403,0.47368421052631515,0.7222222222222225,-0.24999999999999917
-0.1428571428571432,0.43999999999999995,0.18181818181818182,0.0,0.14285714285714304,-0.5,0.35714285714285715,-0.08849557522122764,0.26315789473684126,-0.5555555555555556,-0.49999999999999944
0.3809523809523805,1.08,0.7575757575757577,-0.7142857142857144,16.000000000000004,-0.14285714285714285,0.6428571428571429,-0.25221238938055773,-1.6315789473684217,3.0555555555555562,-0.6250000000000001
1.1904761904761907,0.2599999999999998,1.0606060606060608,0.5714285714285712,-0.14285714285714304,-0.21428571428571427,-0.35714285714285715,1.4159292035397895,-0.7894736842105261,0.38888888888888873,-0.7499999999999997
1.7619047619047619,-0.76,0.878787878787879,0.8571428571428564,0.09523809523809536,1.5,0.6666666666666666,1.5044247787610172,0.052631578947367315,1.6666666666666674,0.375000000000001
-0.3333333333333335,-0.48,0.18181818181818182,-0.5714285714285715,-0.6666666666666669,1.4285714285714286,0.5,0.15044247787610662,0.7894736842105261,0.8888888888888894,-0.18749999999999936
-0.4285714285714288,0.2799999999999998,-0.4242424242424243,-0.4285714285714288,0.5714285714285715,1.4285714285714286,2.0238095238095237,-0.5309734513274149,0.6842105263157892,-0.7777777777777781,0.1875000000000005
-0.3809523809523814,0.31999999999999984,-0.7272727272727274,0.14285714285714232,0.14285714285714304,0.7142857142857143,1.3095238095238095,0.28318584070794806,1.2631578947368411,-0.5,-0.31250000000000006
0.5238095238095237,-0.32000000000000006,0.24242424242424251,0.4285714285714282,0.04761904761904768,0.8571428571428571,1.119047619047619,0.8407079646017608,0.3684210526315782,0.0,-0.43749999999999967
1.9523809523809526,-0.24,0.878787878787879,-0.2857142857142859,-0.2857142857142861,0.7857142857142857,0.23809523809523808,1.2831858407079482,-1.105263157894737,0.7777777777777781,0.0625000000000009
0.04761904761904746,0.94,0.9090909090909093,-0.2857142857142859,1.8571428571428577,1.1428571428571428,2.261904761904762,0.0,-0.3684210526315782,0.2222222222222225,-0.49999999999999944
-0.5714285714285716,2.12,-0.5454545454545455,0.14285714285714232,-0.5714285714285715,0.35714285714285715,-0.16666666666666666,-0.14159292035397403,1.105263157894737,-0.2777777777777781,0.5000000000000006
-0.09523809523809534,0.20000000000000018,-0.5454545454545455,0.4285714285714282,1.6666666666666676,0.0,0.16666666666666666,0.13274336283184146,-0.3684210526315782,0.2222222222222225,-0.37499999999999983
0.33333333333333304,-0.52,0.303030303030303,1.1428571428571423,0.09523809523809536,1.1428571428571428,1.9047619047619047,0.08849557522122764,-0.5789473684210521,-0.33333333333333315,-0.49999999999999944
-0.1904761904761907,0.3999999999999999,-0.18181818181818182,-0.7142857142857144,-0.14285714285714304,1.5714285714285714,0.5,-0.8230088495574956,-1.105263157894737,-1.2222222222222225,-0.5624999999999992
0.9523809523809526,0.9199999999999999,-0.21212121212121215,5.1428571428571415,1.5238095238095244,1.3571428571428572,0.8809523809523809,0.876106194690242,-0.894736842105263,-0.38888888888888873,-0.49999999999999944
0.4761904761904763,-0.43999999999999995,0.18181818181818182,4.857142857142855,0.3809523809523808,-0.2857142857142857,0.19047619047619047,1.017699115044216,0.3684210526315782,0.8333333333333337,0.1875000000000005
2.1904761904761907,-0.56,0.878787878787879,0.5714285714285712,0.19047619047619072,0.7857142857142857,0.6904761904761905,1.1946902654867204,-0.8421052631578957,1.1111111111111112,0.1250000000000007
-0.28571428571428603,0.2999999999999998,-0.24242424242424251,0.28571428571428525,-0.04761904761904768,0.07142857142857142,0.5,-0.18584070796458785,0.0,-0.44444444444444436,-0.24999999999999917
1.1428571428571432,0.31999999999999984,0.4848484848484848,0.8571428571428564,0.5238095238095238,1.5,0.8095238095238095,0.9734513274336022,-0.15789473684210661,0.44444444444444436,-0.43749999999999967
1.5238095238095237,-0.3600000000000001,0.6363636363636364,0.6428571428571423,0.2857142857142861,-0.35714285714285715,-0.11904761904761904,0.24778761061946686,-0.3684210526315782,0.8333333333333337,1.1875000000000004
1.0476190476190474,-0.8,0.27272727272727265,-0.8571428571428571,-0.19047619047619072,-0.35714285714285715,-0.2619047619047619,-0.03539823008848123,-0.3684210526315782,1.166666666666667,0.6250000000000001
-0.6190476190476195,0.2799999999999998,-0.787878787878788,0.0,1.0000000000000007,2.5714285714285716,0.5714285714285714,-0.6017699115044265,1.4736842105263153,0.33333333333333376,0.7500000000000009
1.2857142857142856,-0.8,0.696969696969697,0.0,-0.7619047619047622,0.2857142857142857,0.023809523809523808,0.3539823008849597,-0.894736842105263,-0.6111111111111113,-0.24999999999999917
1.333333333333333,1.56,0.24242424242424251,6.285714285714283,1.5714285714285723,0.6428571428571429,1.4285714285714286,2.6946902654866958,-0.47368421052631515,0.33333333333333376,-0.5624999999999992
0.14285714285714238,1.08,-0.787878787878788,0.0,0.47619047619047616,-0.07142857142857142,-0.30952380952380953,0.4424778761061873,0.3157894736842109,-0.8888888888888891,-0.37499999999999983
0.0,0.14000000000000012,-0.6060606060606062,2.5714285714285707,0.3809523809523808,0.9285714285714286,0.5238095238095238,-0.13274336283184146,0.26315789473684126,0.2777777777777781,0.31250000000000006
-0.3333333333333335,0.43999999999999995,-0.7575757575757577,0.14285714285714232,-0.6666666666666669,-0.42857142857142855,0.16666666666666666,-1.5398230088495475,0.052631578947367315,-0.6111111111111113,1.000000000000001
1.5238095238095237,-1.32,0.6666666666666666,-1.0,-0.5238095238095238,-0.5,-0.5714285714285714,0.2212389380530691,-0.47368421052631515,0.11111111111111124,-0.06249999999999979
2.761904761904762,-0.3800000000000001,1.272727272727273,0.9999999999999993,0.2857142857142861,0.21428571428571427,0.09523809523809523,2.0353982300884814,-1.3157894736842108,1.0000000000000007,-0.12499999999999958
-0.04761904761904788,-0.32000000000000006,0.18181818181818182,0.8571428571428564,0.04761904761904768,1.0714285714285714,0.4523809523809524,0.2654867256636829,0.0,0.11111111111111124,0.0625000000000009
-0.4761904761904763,-0.40000000000000013,0.1515151515151515,-0.2857142857142859,0.0,0.5,0.2857142857142857,-0.05309734513274641,0.8421052631578957,-0.38888888888888873,-0.43749999999999967
1.904761904761905,-0.52,0.696969696969697,0.7142857142857141,0.9047619047619053,-0.14285714285714285,0.07142857142857142,1.5929203539822447,-0.7894736842105261,-0.05555555555555562,0.0625000000000009
-0.5238095238095242,-0.1200000000000001,-0.5454545454545455,-0.5714285714285715,-0.23809523809523842,1.8571428571428572,0.5952380952380952,-0.6681415929203472,-1.0,-0.7222222222222225,-0.37499999999999983
0.4285714285714288,0.7599999999999998,-0.787878787878788,-0.7142857142857144,-0.47619047619047616,-0.42857142857142855,-0.47619047619047616,0.09292035398226936,0.0,-0.5,-0.12499999999999958
-0.5714285714285716,0.96,-0.7575757575757577,0.28571428571428525,-0.04761904761904768,0.21428571428571427,-0.16666666666666666,-0.5752212389380288,1.2631578947368411,-0.05555555555555562,1.6250000000000013
0.6190476190476186,0.98,-0.24242424242424251,0.0,3.285714285714287,-0.2857142857142857,1.5238095238095237,0.04424778761061382,-2.315789473684211,4.111111111111113,0.0
1.1904761904761907,-1.08,0.6060606060606062,-0.5714285714285715,-0.19047619047619072,-0.5714285714285714,-0.42857142857142855,0.3539823008849597,-0.3157894736842109,2.222222222222223,0.375000000000001
-1.0000000000000004,0.6800000000000002,-0.7272727272727274,-0.5714285714285715,0.3809523809523808,0.5,1.3095238095238095,-1.061946902654879,1.210526315789474,-0.5555555555555556,-0.12499999999999958
0.7142857142857144,-0.40000000000000013,0.6666666666666666,3.428571428571427,-0.33333333333333376,-0.2857142857142857,-0.4523809523809524,0.2212389380530691,0.15789473684210428,0.944444444444445,1.2500000000000002
-0.3333333333333335,0.23999999999999977,-0.6363636363636365,0.14285714285714232,0.09523809523809536,0.14285714285714285,-0.07142857142857142,-0.5132743362831989,0.3684210526315782,-0.11111111111111124,0.0625000000000009
0.1904761904761907,0.20000000000000018,-0.12121212121212126,0.28571428571428525,0.14285714285714304,-0.2857142857142857,1.119047619047619,0.6637168141592564,0.3157894736842109,0.0,-0.43749999999999967
0.04761904761904746,0.8199999999999998,-0.12121212121212126,0.14285714285714232,-0.19047619047619072,-0.07142857142857142,1.0,0.03539823008848123,-0.3684210526315782,-0.44444444444444436,-0.43749999999999967
0.4285714285714288,-0.1200000000000001,0.4545454545454545,1.5714285714285705,0.6190476190476192,0.8571428571428571,0.30952380952380953,0.6194690265486426,0.0,-0.5,0.1875000000000005
-0.3333333333333335,1.2999999999999998,-0.787878787878788,-0.2857142857142859,4.142857142857145,-0.7142857142857143,-0.6666666666666666,-0.31858407079647844,0.42105263157894784,-0.5555555555555556,-0.12499999999999958
0.9047619047619051,-1.04,0.696969696969697,0.7142857142857141,0.4285714285714285,0.07142857142857142,-0.14285714285714285,0.6194690265486426,0.5789473684210521,1.5555555555555562,-0.12499999999999958
-0.666666666666667,0.0,-0.3333333333333334,1.1428571428571423,-0.7142857142857145,-0.14285714285714285,-0.2857142857142857,-1.7256637168141353,0.10526315789473696,-0.16666666666666688,1.6250000000000013
1.6190476190476195,0.43999999999999995,1.2424242424242427,4.285714285714285,0.3333333333333331,-0.5714285714285714,-0.47619047619047616,0.8849557522123745,-0.47368421052631515,0.38888888888888873,2.0000000000000013
-0.6190476190476195,0.6000000000000001,-0.787878787878788,1.1428571428571423,1.7142857142857153,0.5,-0.19047619047619047,-0.22566371681415995,0.7368421052631587,0.05555555555555562,0.0625000000000009
-0.04761904761904788,0.040000000000000036,-0.030303030303030335,-0.4285714285714288,0.09523809523809536,0.0,-0.023809523809523808,0.7079646017698702,0.6315789473684218,0.16666666666666688,-0.7499999999999997
-0.4761904761904763,0.23999999999999977,-0.787878787878788,0.8571428571428564,0.09523809523809536,0.5,0.047619047619047616,-0.7168141592920519,0.5263157894736848,-0.5555555555555556,0.375000000000001
-0.09523809523809534,0.7799999999999998,-0.4848484848484849,0.5714285714285712,0.23809523809523842,-0.35714285714285715,-0.30952380952380953,0.3539823008849597,0.42105263157894784,-0.7222222222222225,-0.31250000000000006
0.4285714285714288,-0.8,0.4242424242424243,0.8571428571428564,1.428571428571429,-0.5,-0.5476190476190477,-0.2920353982300807,0.0,0.944444444444445,1.000000000000001
-0.09523809523809534,1.06,0.4848484848484848,-0.4285714285714288,0.6190476190476192,-0.42857142857142855,1.119047619047619,-0.3982300884955735,-0.42105263157894784,-0.16666666666666688,-0.43749999999999967
-0.28571428571428603,0.8999999999999999,-0.787878787878788,0.0,0.04761904761904768,0.2857142857142857,-0.2619047619047619,0.37610619469026657,0.5263157894736848,-0.11111111111111124,-0.49999999999999944
0.0,0.040000000000000036,0.0,-0.4285714285714288,0.0,2.0,2.4047619047619047,-0.1769911504425044,-0.42105263157894784,-0.44444444444444436,-0.43749999999999967
-0.7142857142857144,0.52,-0.15151515151515157,-0.5714285714285715,0.09523809523809536,0.0,-0.19047619047619047,0.039823008849572086,1.4736842105263153,0.2222222222222225,-0.24999999999999917
-0.09523809523809534,0.08000000000000007,-0.6060606060606062,-0.7142857142857144,-0.23809523809523842,-0.35714285714285715,0.0,-0.28761061946903893,0.21052631578947392,-0.7777777777777781,-0.24999999999999917
1.4761904761904763,-0.8400000000000001,0.9696969696969696,-0.14285714285714296,-1.1904761904761911,-0.5,-0.47619047619047616,0.5309734513274149,0.0,1.444444444444445,0.1875000000000005
-0.3333333333333335,-0.52,0.12121212121212116,-0.5714285714285715,-0.2857142857142861,1.2142857142857142,0.7380952380952381,0.02212389380530691,0.5789473684210521,-0.16666666666666688,-0.43749999999999967
-1.333333333333334,-0.16000000000000014,-0.7272727272727274,-1.2857142857142856,-2.1428571428571437,0.2857142857142857,0.11904761904761904,-2.079646017699095,3.105263157894737,0.0,1.6250000000000013
2.1904761904761907,-0.9199999999999999,0.8484848484848486,0.14285714285714232,0.14285714285714304,-0.14285714285714285,-0.23809523809523808,1.2831858407079482,-1.0526315789473697,4.111111111111113,-0.24999999999999917
0.33333333333333304,0.040000000000000036,0.36363636363636365,-1.0,0.80952380952381,-0.6428571428571429,-0.5,-0.061946902654878996,-0.5789473684210521,-0.5555555555555556,-0.49999999999999944
0.04761904761904746,0.52,-0.12121212121212126,0.28571428571428525,0.7142857142857145,-0.6428571428571429,-0.14285714285714285,-0.30088495575221325,0.3157894736842109,-0.2222222222222225,0.5000000000000006
0.4761904761904763,0.94,-0.24242424242424251,0.4285714285714282,-0.09523809523809536,0.07142857142857142,0.21428571428571427,0.2610619469026412,-0.5789473684210521,-0.8333333333333337,-0.31250000000000006
0.1904761904761907,-0.72,0.4848484848484848,0.14285714285714232,-0.4285714285714285,-0.35714285714285715,-0.4523809523809524,-1.123893805309709,0.3684210526315782,0.8333333333333337,1.5625000000000004
-0.4285714285714288,-0.32000000000000006,0.303030303030303,-0.8571428571428571,0.47619047619047616,0.0,-0.047619047619047616,-0.28761061946903893,0.15789473684210428,-0.33333333333333315,-0.6250000000000001
-0.1428571428571432,-0.32000000000000006,0.1515151515151515,-0.14285714285714296,-0.47619047619047616,-0.07142857142857142,0.8333333333333334,-0.4424778761061873,-0.2631578947368436,-0.44444444444444436,-0.18749999999999936
-0.3333333333333335,-0.1200000000000001,-0.5757575757575758,4.714285714285713,0.47619047619047616,-0.2857142857142857,-0.5,0.017699115044216052,0.3157894736842109,0.33333333333333376,0.6250000000000001
-0.8095238095238098,-0.32000000000000006,-0.12121212121212126,-0.5714285714285715,-0.04761904761904768,0.5,0.40476190476190477,-0.20796460176989476,1.105263157894737,-0.11111111111111124,-0.43749999999999967
-0.3809523809523814,0.3999999999999999,-0.7272727272727274,0.4285714285714282,0.09523809523809536,0.21428571428571427,1.1428571428571428,0.2876106194689898,0.894736842105263,-0.11111111111111124,-0.31250000000000006
-0.3809523809523814,0.31999999999999984,-0.787878787878788,0.0,-0.04761904761904768,0.8571428571428571,0.11904761904761904,-0.6991150442477867,0.5789473684210521,0.33333333333333376,0.375000000000001
-0.5238095238095242,0.3999999999999999,-0.18181818181818182,-0.5714285714285715,-0.09523809523809536,-0.21428571428571427,0.6190476190476191,0.13274336283184146,1.210526315789474,-0.2222222222222225,-0.5624999999999992
-0.04761904761904788,0.3999999999999999,0.09090909090909083,-0.8571428571428571,1.6666666666666676,-0.35714285714285715,-0.23809523809523808,0.2654867256636829,-0.2631578947368436,5.222222222222224,-0.6874999999999999
0.2857142857142856,-1.2000000000000002,0.787878787878788,-0.4285714285714288,0.5238095238095238,-0.35714285714285715,-0.38095238095238093,-0.14159292035397403,0.26315789473684126,0.2777777777777781,0.1250000000000007
0.1904761904761907,2.04,-0.7272727272727274,1.7142857142857135,0.23809523809523842,-0.5714285714285714,-0.6666666666666666,0.938053097345121,0.894736842105263,-0.7222222222222225,0.5000000000000006
2.0,-0.43999999999999995,0.787878787878788,-0.2857142857142859,0.6190476190476192,0.07142857142857142,0.35714285714285715,1.4159292035397895,-1.4736842105263175,0.2222222222222225,0.0
-0.04761904761904788,0.54,-0.787878787878788,-0.2857142857142859,0.14285714285714304,-0.42857142857142855,-0.5476190476190477,-0.1769911504425044,0.3684210526315782,-0.16666666666666688,-0.24999999999999917
-0.5714285714285716,-0.1200000000000001,-0.5454545454545455,-0.14285714285714296,-0.7142857142857145,0.2857142857142857,-0.11904761904761904,-0.5663716814159453,0.10526315789473696,0.11111111111111124,-0.31250000000000006
-0.3333333333333335,0.48,-0.6969696969696971,0.0,0.04761904761904768,0.21428571428571427,1.1666666666666667,0.2876106194689898,1.1578947368421042,-0.2222222222222225,-0.24999999999999917
1.7619047619047619,-0.16000000000000014,0.5454545454545455,-0.8571428571428571,3.238095238095239,1.5714285714285714,0.2857142857142857,0.6902654867256541,0.3684210526315782,1.3333333333333337,-0.18749999999999936
0.04761904761904746,0.43999999999999995,0.21212121212121215,0.7142857142857141,0.4285714285714285,0.14285714285714285,-0.047619047619047616,0.17699115044245528,0.0,-0.2222222222222225,0.31250000000000006
-0.23809523809523814,0.040000000000000036,-0.393939393939394,0.28571428571428525,-0.04761904761904768,1.4285714285714286,0.5238095238095238,-0.672566371681389,0.6315789473684218,-0.16666666666666688,0.375000000000001
0.14285714285714238,-0.9199999999999999,1.0303030303030303,1.1428571428571423,1.1904761904761907,-0.2857142857142857,-0.40476190476190477,0.6548672566371238,0.42105263157894784,0.33333333333333376,0.2500000000000003
1.3809523809523814,-0.76,0.5454545454545455,-0.8571428571428571,-0.7619047619047622,0.14285714285714285,-0.047619047619047616,0.7522123893805331,-0.47368421052631515,0.8888888888888894,-0.12499999999999958
-0.1904761904761907,-0.8,0.4545454545454545,0.28571428571428525,-0.6666666666666669,1.4285714285714286,0.5,-0.8318584070796282,0.15789473684210428,1.2777777777777781,0.7500000000000009
-0.4761904761904763,0.48,-0.7575757575757577,0.28571428571428525,-0.14285714285714304,0.0,0.0,-0.6991150442477867,0.15789473684210428,-0.5,0.375000000000001
-0.5714285714285716,1.0,-0.7272727272727274,-0.5714285714285715,-0.04761904761904768,-0.5714285714285714,-0.6428571428571429,-0.3539823008849597,1.2631578947368411,0.05555555555555562,-0.15625000000000003
-0.7142857142857144,-0.48,0.21212121212121215,1.5714285714285705,-1.5714285714285723,-0.14285714285714285,0.3333333333333333,-1.7079646017698702,0.26315789473684126,0.0,1.2500000000000002
-0.3333333333333335,-0.6799999999999999,-0.06060606060606067,-0.2857142857142859,-0.38095238095238143,1.1428571428571428,0.30952380952380953,-0.46017699115045246,0.6842105263157892,-0.2222222222222225,-0.06249999999999979
-0.3809523809523814,0.6400000000000001,-0.787878787878788,0.14285714285714232,0.19047619047619072,0.2857142857142857,-0.2857142857142857,0.3893805309734409,0.6842105263157892,-0.44444444444444436,-0.49999999999999944
0.04761904761904746,0.040000000000000036,-0.030303030303030335,-0.2857142857142859,-0.04761904761904768,0.35714285714285715,0.47619047619047616,-0.30088495575221325,-0.05263157894736965,-0.7777777777777781,0.0
-0.1428571428571432,-0.40000000000000013,0.21212121212121215,0.4285714285714282,-0.04761904761904768,-0.5714285714285714,-0.38095238095238093,-0.4867256637168011,-0.05263157894736965,-0.2222222222222225,0.6250000000000001
-0.1904761904761907,-0.32000000000000006,0.12121212121212116,0.0,-0.80952380952381,-0.5714285714285714,-0.6428571428571429,-0.8185840707964539,0.6842105263157892,0.5555555555555556,0.8125000000000007
-0.7142857142857144,-0.43999999999999995,-0.09090909090909091,-0.8571428571428571,-0.6190476190476192,-0.6428571428571429,-0.6428571428571429,-0.4424778761061873,0.15789473684210428,-0.33333333333333315,-0.6250000000000001
0.3809523809523805,0.7599999999999998,-0.06060606060606067,0.4285714285714282,7.0000000000000036,-0.6428571428571429,-0.5714285714285714,1.017699115044216,0.052631578947367315,-0.11111111111111124,-0.7499999999999997
0.0,-0.72,-0.09090909090909091,-0.7142857142857144,-0.09523809523809536,0.2857142857142857,0.14285714285714285,-0.2433628318584251,-0.10526315789473696,0.16666666666666688,-0.5624999999999992
0.9523809523809526,-0.43999999999999995,0.8181818181818183,6.428571428571427,0.8571428571428577,-0.5714285714285714,-0.47619047619047616,0.796460176991147,-0.21052631578947392,1.1111111111111112,0.9375000000000002
-1.3809523809523814,2.04,-0.6666666666666667,-1.142857142857143,-1.61904761904762,1.9285714285714286,1.0952380952380953,-1.327433628318562,2.315789473684211,-0.7777777777777781,0.1875000000000005
-0.28571428571428603,0.6400000000000001,-0.7272727272727274,0.0,-0.33333333333333376,1.2142857142857142,1.2619047619047619,-0.5044247787610663,0.052631578947367315,0.33333333333333376,0.5416666666666882
1.0,-0.6400000000000001,0.6363636363636364,-0.2857142857142859,-0.8571428571428577,-0.5714285714285714,-0.6666666666666666,-0.4203539823008804,-0.42105263157894784,-0.5555555555555556,1.1250000000000007
0.23809523809523814,0.5,0.303030303030303,-0.2857142857142859,0.47619047619047616,0.07142857142857142,0.38095238095238093,0.2876106194689898,0.0,-0.2777777777777781,0.1250000000000007
-0.23809523809523814,0.3999999999999999,-0.7575757575757577,-0.2857142857142859,-0.23809523809523842,-0.07142857142857142,-0.023809523809523808,0.30088495575221325,0.894736842105263,0.16666666666666688,-0.24999999999999917
-0.1428571428571432,-0.6400000000000001,1.0303030303030303,0.5714285714285712,-0.2857142857142861,0.6428571428571429,0.11904761904761904,-0.10619469026549282,0.3684210526315782,0.944444444444445,0.5625000000000003
-0.6190476190476195,0.7399999999999998,-0.787878787878788,-0.14285714285714296,-0.19047619047619072,-0.14285714285714285,0.40476190476190477,0.0,0.9473684210526326,0.2777777777777781,-0.6250000000000001
-0.09523809523809534,1.7999999999999998,-0.18181818181818182,-0.2857142857142859,-1.5238095238095244,0.07142857142857142,0.5,-0.5752212389380288,0.26315789473684126,-1.0000000000000002,0.4375000000000008
-0.23809523809523814,0.6800000000000002,-0.3030303030303031,-0.5714285714285715,-0.04761904761904768,-0.14285714285714285,0.0,0.3982300884955735,1.0,0.44444444444444436,-0.18749999999999936
0.8095238095238093,0.20000000000000018,0.1515151515151515,0.8571428571428564,0.47619047619047616,0.07142857142857142,0.16666666666666666,0.4867256637168011,-1.0526315789473697,1.6666666666666674,-0.12499999999999958
0.5238095238095237,0.1200000000000001,0.696969696969697,0.9999999999999993,0.7142857142857145,1.9285714285714286,1.6904761904761905,0.6194690265486426,-1.210526315789474,-0.05555555555555562,-0.6250000000000001
0.4285714285714288,0.3999999999999999,-0.21212121212121215,2.5714285714285707,0.7142857142857145,1.1428571428571428,0.7142857142857143,0.4734513274336268,-0.47368421052631515,-0.6666666666666669,-0.12499999999999958
0.04761904761904746,-0.32000000000000006,0.303030303030303,0.14285714285714232,-0.19047619047619072,-0.2857142857142857,0.21428571428571427,0.3539823008849597,0.15789473684210428,-0.8888888888888891,-0.49999999999999944
0.4761904761904763,-0.8,0.303030303030303,0.5714285714285712,-1.0952380952380958,-0.2857142857142857,0.0,-0.5221238938053314,0.47368421052631515,0.38888888888888873,1.000000000000001
-0.4285714285714288,0.2799999999999998,0.06060606060606067,3.7142857142857126,0.2857142857142861,-0.14285714285714285,0.7142857142857143,-0.20796460176989476,0.052631578947367315,0.44444444444444436,0.5000000000000006
-0.1904761904761907,0.8599999999999999,-0.6666666666666667,-1.0,-0.14285714285714304,-0.42857142857142855,-0.5714285714285714,-0.7610619469026657,-0.2631578947368436,-0.5,-0.37499999999999983
-1.3809523809523814,0.9199999999999999,-0.787878787878788,-1.4285714285714286,-1.8095238095238102,0.14285714285714285,0.16666666666666666,-1.8672566371681094,3.684210526315789,-0.16666666666666688,1.4375000000000007
-0.5238095238095242,-0.40000000000000013,0.1515151515151515,9.428571428571427,0.23809523809523842,0.8571428571428571,0.14285714285714285,0.6371681415929078,0.3684210526315782,0.11111111111111124,-0.06249999999999979
-0.6190476190476195,0.23999999999999977,-0.7272727272727274,-0.14285714285714296,1.7142857142857153,-0.5714285714285714,-0.5476190476190477,-0.1150442477876254,0.3684210526315782,0.38888888888888873,-0.43749999999999967
1.333333333333333,0.6400000000000001,-0.12121212121212126,0.7142857142857141,1.3333333333333337,0.21428571428571427,-0.11904761904761904,1.5929203539822447,-0.15789473684210661,2.0000000000000004,-0.18749999999999936
0.7619047619047619,-0.56,0.787878787878788,-0.2857142857142859,0.4285714285714285,-0.14285714285714285,0.2857142857142857,-0.29646017699117155,-0.10526315789473696,-0.2222222222222225,0.5625000000000003
-0.3809523809523814,0.3599999999999999,-0.7575757575757577,0.14285714285714232,0.0,0.7142857142857143,-0.047619047619047616,-0.734513274336268,0.47368421052631515,-0.05555555555555562,0.4375000000000008
0.0,-0.43999999999999995,0.12121212121212116,-0.5714285714285715,3.7142857142857157,-0.8571428571428571,0.14285714285714285,0.20796460176989476,0.0,1.6111111111111118,-0.43749999999999967
-0.3333333333333335,-0.6799999999999999,0.18181818181818182,0.4285714285714282,0.5238095238095238,2.0714285714285716,1.7619047619047619,-0.08849557522122764,0.052631578947367315,0.944444444444445,0.5625000000000003
-0.3809523809523814,0.6800000000000002,-0.787878787878788,0.14285714285714232,0.3809523809523808,0.21428571428571427,-0.30952380952380953,0.45575221238936164,0.7368421052631587,-0.5,-0.43749999999999967
0.5714285714285712,-0.6799999999999999,0.4848484848484848,-0.5714285714285715,-1.0000000000000002,-0.35714285714285715,-0.5,-1.2743362831858156,-0.6842105263157892,-0.38888888888888873,0.7500000000000009
0.33333333333333304,-0.08000000000000007,0.7575757575757577,-0.2857142857142859,16.33333333333334,0.14285714285714285,0.5476190476190477,0.4867256637168011,-1.4736842105263175,3.0555555555555562,-0.7499999999999997
0.14285714285714238,-0.52,0.18181818181818182,0.4285714285714282,0.04761904761904768,0.7142857142857143,0.7619047619047619,-0.24778761061946686,-0.21052631578947392,1.2777777777777781,0.5000000000000006
0.23809523809523814,-1.04,0.393939393939394,-0.2857142857142859,-1.8095238095238102,-0.7142857142857143,-0.6904761904761905,-1.3008849557522133,-0.21052631578947392,0.5,1.4375000000000007
1.9523809523809526,-0.52,0.9090909090909093,-0.14285714285714296,0.6666666666666669,-0.5714285714285714,-0.35714285714285715,1.0840707964601368,-0.894736842105263,0.5,0.4375000000000008
-1.333333333333334,-0.3600000000000001,-0.787878787878788,-0.5714285714285715,-1.6666666666666676,0.2857142857142857,1.1666666666666667,-2.3141592920353875,1.9473684210526327,0.6111111111111113,2.125000000000001
-0.666666666666667,0.08000000000000007,-0.6060606060606062,-0.2857142857142859,-0.7619047619047622,1.0714285714285714,0.11904761904761904,-0.8451327433628025,0.3684210526315782,1.166666666666667,0.0625000000000009
-0.04761904761904788,-0.28,0.06060606060606067,0.7142857142857141,1.0000000000000007,0.2857142857142857,1.3333333333333333,-0.08849557522122764,-0.47368421052631515,0.2777777777777781,-0.49999999999999944
0.2857142857142856,-0.56,-0.18181818181818182,0.8571428571428564,0.5238095238095238,0.2857142857142857,0.4523809523809524,0.5309734513274149,0.15789473684210428,0.44444444444444436,-0.37499999999999983
0.04761904761904746,-0.48,0.12121212121212116,-0.4285714285714288,-0.23809523809523842,1.2857142857142858,1.0714285714285714,0.16371681415928094,0.42105263157894784,-0.05555555555555562,-0.7499999999999997
0.5714285714285712,1.06,-0.12121212121212126,0.0,0.0,-0.14285714285714285,0.21428571428571427,0.3539823008849597,-0.6842105263157892,-0.6111111111111113,-0.37499999999999983
-0.5714285714285716,0.52,-0.09090909090909091,-0.14285714285714296,0.04761904761904768,-0.21428571428571427,1.9047619047619047,-0.6283185840707751,0.26315789473684126,0.44444444444444436,0.4375000000000008
0.4285714285714288,0.3599999999999999,0.09090909090909083,0.0,0.9047619047619053,-0.6428571428571429,-0.5714285714285714,0.8849557522123745,0.26315789473684126,-0.7222222222222225,-0.6874999999999999
-0.28571428571428603,-0.72,0.6363636363636364,-0.14285714285714296,-0.09523809523809536,-0.6428571428571429,-0.6666666666666666,-0.4424778761061873,0.10526315789473696,-0.5,0.0625000000000009
0.33333333333333304,0.16000000000000014,-0.5151515151515152,1.5714285714285705,-0.5238095238095238,-0.42857142857142855,-0.5238095238095238,0.24336283185837598,-0.42105263157894784,-1.0000000000000002,-0.12499999999999958
-1.0952380952380958,0.43999999999999995,-0.6969696969696971,-1.0,0.04761904761904768,-0.5714285714285714,-0.6190476190476191,-0.8053097345132796,1.8421052631578958,0.0,-0.06249999999999979
1.4761904761904763,-1.0,1.272727272727273,0.4999999999999994,0.2857142857142861,-0.2857142857142857,-0.3333333333333333,0.08849557522122764,-0.6842105263157892,-0.05555555555555562,1.000000000000001
-0.3333333333333335,0.20000000000000018,0.0,-0.2857142857142859,0.19047619047619072,-0.07142857142857142,1.4523809523809523,-0.41592920353983864,-0.2631578947368436,-0.5555555555555556,-0.18749999999999936
-1.3809523809523814,2.12,-0.06060606060606067,-0.8571428571428571,-1.3809523809523814,1.2857142857142858,1.3571428571428572,-1.5044247787610663,2.2631578947368434,0.0,0.8125000000000007
0.0,-1.32,0.4242424242424243,-0.5714285714285715,-0.80952380952381,-0.5,-0.4523809523809524,-1.1946902654867204,-0.15789473684210661,0.44444444444444436,0.5625000000000003
0.14285714285714238,0.8799999999999999,-0.15151515151515157,-0.7142857142857144,-0.23809523809523842,-0.6428571428571429,-0.6190476190476191,0.0,-0.5789473684210521,-0.5555555555555556,-0.43749999999999967
0.666666666666667,-0.08000000000000007,0.303030303030303,-0.7142857142857144,0.09523809523809536,-0.7857142857142857,-0.5952380952380952,0.09734513274336022,-0.21052631578947392,0.8888888888888894,0.4375000000000008
1.1904761904761907,-0.28,1.4242424242424243,6.214285714285713,-0.23809523809523842,1.7142857142857142,0.8809523809523809,0.9734513274336022,-0.7368421052631587,1.2777777777777781,1.1250000000000007
0.0,-0.040000000000000036,0.21212121212121215,-0.2857142857142859,0.23809523809523842,0.07142857142857142,2.4761904761904763,0.0,-0.5789473684210521,-0.38888888888888873,-0.43749999999999967
1.0,-1.0,0.8484848484848486,-0.4285714285714288,0.19047619047619072,2.0,0.8333333333333334,-1.0132743362831744,-1.7368421052631589,0.05555555555555562,1.000000000000001
-0.1904761904761907,-0.3600000000000001,0.1515151515151515,-0.8571428571428571,0.04761904761904768,0.07142857142857142,0.07142857142857142,0.4424778761061873,0.0,0.11111111111111124,-0.7499999999999997
-1.285714285714286,-0.08000000000000007,0.0,0.14285714285714232,0.5238095238095238,0.6428571428571429,0.8333333333333334,-0.6637168141593055,2.105263157894737,0.0,1.2500000000000002
1.4285714285714288,-0.48,0.6363636363636364,-0.5714285714285715,1.8571428571428577,-0.5714285714285714,-0.5952380952380952,0.6194690265486426,-0.05263157894736965,0.7222222222222225,-0.24999999999999917
-0.1904761904761907,0.98,-0.787878787878788,-0.4285714285714288,0.23809523809523842,-0.5714285714285714,-0.6428571428571429,-0.03539823008848123,0.15789473684210428,-0.7222222222222225,-0.31250000000000006
-0.5238095238095242,1.6,-0.6060606060606062,-0.2857142857142859,-0.9047619047619053,-0.7142857142857143,-0.6666666666666666,-0.3893805309734409,1.1578947368421042,0.11111111111111124,0.4375000000000008
-1.1428571428571432,-0.08000000000000007,-0.6969696969696971,-0.5714285714285715,-1.6666666666666676,1.0,1.1428571428571428,-2.654867256637124,1.0,1.1111111111111112,2.375000000000001
-0.5238095238095242,1.2799999999999998,-0.5151515151515152,-0.5714285714285715,-0.23809523809523842,-0.7142857142857143,-0.3333333333333333,-0.6460176991150404,0.3684210526315782,-0.9444444444444446,-0.37499999999999983
-0.09523809523809534,-0.96,1.272727272727273,1.8571428571428563,13.28571428571429,-0.6428571428571429,-0.6904761904761905,0.17699115044245528,-0.3157894736842109,2.5555555555555567,-0.18749999999999936
2.428571428571429,-0.76,1.181818181818182,0.5714285714285712,0.6666666666666669,0.07142857142857142,0.19047619047619047,1.2389380530973342,-1.3684210526315805,-0.05555555555555562,0.2500000000000003
0.09523809523809491,1.2599999999999998,-0.06060606060606067,-0.14285714285714296,0.23809523809523842,-0.6428571428571429,-0.6190476190476191,0.17699115044245528,0.3157894736842109,0.8333333333333337,0.31250000000000006
-0.9523809523809526,-0.45999999999999996,-0.393939393939394,0.28571428571428525,-1.0952380952380958,0.0,-0.2619047619047619,-1.407079646017706,1.6315789473684217,0.2777777777777781,1.3750000000000009
0.9047619047619051,0.6000000000000001,0.393939393939394,1.4285714285714282,0.19047619047619072,0.5,0.47619047619047616,0.9292035398229884,0.3157894736842109,0.5,0.8125000000000007
-0.04761904761904788,-0.19999999999999996,0.0,-0.4285714285714288,0.4285714285714285,0.6428571428571429,0.3333333333333333,0.5752212389380288,0.6315789473684218,0.6666666666666669,-0.6250000000000001
1.095238095238095,-0.43999999999999995,0.4242424242424243,0.4285714285714282,-0.5238095238095238,1.9285714285714286,0.35714285714285715,0.3274336283185619,0.3684210526315782,1.3333333333333337,0.1875000000000005
-0.8095238095238098,-0.24,-0.18181818181818182,-0.8571428571428571,-0.47619047619047616,-0.7857142857142857,-0.5714285714285714,-0.4424778761061873,0.5263157894736848,-0.33333333333333315,-0.6250000000000001
-0.4761904761904763,0.5,-0.27272727272727276,0.28571428571428525,7.714285714285716,-0.5714285714285714,-0.5,-0.30973451327434587,0.47368421052631515,-0.16666666666666688,0.0625000000000009
0.1904761904761907,0.7799999999999998,-0.4242424242424243,0.5714285714285712,0.6190476190476192,-0.14285714285714285,-0.2619047619047619,1.1504424778760576,1.0526315789473673,0.5555555555555556,-0.12499999999999958
0.0,-0.76,0.7575757575757577,-0.5714285714285715,12.476190476190482,0.21428571428571427,0.40476190476190477,0.04424778761061382,-1.4210526315789478,2.5555555555555567,-0.6250000000000001
-0.9047619047619051,-0.040000000000000036,-0.787878787878788,-1.142857142857143,-1.0476190476190481,0.07142857142857142,-0.30952380952380953,-1.0265486725663486,0.26315789473684126,-0.9444444444444446,-0.43749999999999967
-0.4285714285714288,-0.52,0.696969696969697,0.4285714285714282,0.8571428571428577,1.3571428571428572,1.0952380952380953,-0.26548672566373205,0.42105263157894784,0.8333333333333337,0.7500000000000009
0.4285714285714288,1.7799999999999998,-0.6363636363636365,-0.5714285714285715,-0.19047619047619072,-0.6428571428571429,-0.47619047619047616,-0.28318584070794806,-0.05263157894736965,-1.0000000000000002,-0.37499999999999983
-0.4761904761904763,2.3200000000000003,-0.6060606060606062,-0.14285714285714296,-0.8571428571428577,-0.14285714285714285,-0.19047619047619047,-0.8849557522123745,1.0526315789473673,-1.055555555555556,0.7500000000000009
-0.8571428571428577,0.08000000000000007,-0.5454545454545455,-0.4285714285714288,-0.09523809523809536,0.7142857142857143,0.14285714285714285,-0.672566371681389,1.5263157894736847,0.33333333333333376,0.0625000000000009
-0.23809523809523814,0.16000000000000014,-0.21212121212121215,-0.5714285714285715,0.14285714285714304,0.07142857142857142,-0.11904761904761904,-0.11061946902653455,0.9473684210526326,0.33333333333333376,0.1875000000000005
-1.1904761904761907,-0.3600000000000001,0.030303030303030335,-0.2857142857142859,0.6190476190476192,0.6428571428571429,0.38095238095238093,-0.9247787610619467,2.473684210526315,0.11111111111111124,1.312500000000001
-0.09523809523809534,0.52,-0.15151515151515157,0.0,-0.09523809523809536,1.2857142857142858,2.238095238095238,-0.5309734513274149,-0.21052631578947392,-0.9444444444444446,-0.18749999999999936
0.4285714285714288,-0.96,0.393939393939394,-0.2857142857142859,1.0000000000000007,0.42857142857142855,-0.2857142857142857,-0.5929203539822939,-0.8421052631578957,0.38888888888888873,0.6250000000000001
1.2380952380952381,-0.32000000000000006,0.27272727272727265,1.5714285714285705,0.6190476190476192,0.7142857142857143,0.7380952380952381,0.5221238938052823,-0.5263157894736848,0.38888888888888873,0.1875000000000005
0.4285714285714288,-0.16000000000000014,0.696969696969697,0.9999999999999993,0.2857142857142861,0.21428571428571427,1.6904761904761905,0.6194690265486426,-0.10526315789473696,-0.11111111111111124,-0.24999999999999917
0.4761904761904763,-0.8,0.9393939393939393,-0.2857142857142859,1.5238095238095244,0.8571428571428571,1.0952380952380953,0.13274336283184146,-0.2631578947368436,-0.5,-0.31250000000000006
1.904761904761905,-0.32000000000000006,1.2121212121212124,1.2857142857142854,1.428571428571429,-0.2857142857142857,-0.38095238095238093,1.4159292035397895,-0.8421052631578957,1.2777777777777781,0.1250000000000007
-0.04761904761904788,0.1200000000000001,0.0,-0.2857142857142859,0.4285714285714285,0.6428571428571429,0.21428571428571427,0.5752212389380288,0.5263157894736848,0.6666666666666669,-0.6250000000000001
0.33333333333333304,-0.72,0.4242424242424243,0.5714285714285712,0.19047619047619072,0.14285714285714285,0.6904761904761905,0.4513274336283199,-0.05263157894736965,-0.7777777777777781,-0.49999999999999944
0.9047619047619051,1.88,0.18181818181818182,0.14285714285714232,-0.04761904761904768,1.5,2.6904761904761907,0.5309734513274149,-0.3157894736842109,-0.7777777777777781,-0.49999999999999944
-0.7619047619047623,-0.8400000000000001,0.6666666666666666,-0.5714285714285715,-0.47619047619047616,0.2857142857142857,0.5238095238095238,-0.3982300884955735,0.6842105263157892,0.8888888888888894,0.0625000000000009
0.8571428571428568,0.16000000000000014,-0.27272727272727276,0.9999999999999993,0.3809523809523808,0.42857142857142855,0.3333333333333333,1.5929203539822447,-0.894736842105263,-0.05555555555555562,-0.49999999999999944
-0.1428571428571432,0.6200000000000001,-0.4848484848484849,-1.0,-0.6190476190476192,0.9285714285714286,0.38095238095238093,-0.11061946902653455,0.42105263157894784,-0.6111111111111113,-0.5624999999999992
1.1428571428571432,-0.96,-0.06060606060606067,-0.14285714285714296,-0.33333333333333376,0.07142857142857142,-0.14285714285714285,-0.5309734513274149,-0.47368421052631515,0.2222222222222225,1.6250000000000013
1.4285714285714288,-0.76,0.787878787878788,-0.5714285714285715,2.523809523809525,0.21428571428571427,0.11904761904761904,0.23893805309733426,-0.15789473684210661,0.8333333333333337,0.8125000000000007
-0.8095238095238098,1.1,-0.787878787878788,-0.14285714285714296,-0.9047619047619053,-0.5714285714285714,-0.6190476190476191,-0.07079646017701158,1.4736842105263153,-0.05555555555555562,-0.12499999999999958
0.14285714285714238,-0.48,0.696969696969697,0.14285714285714232,0.952380952380953,2.357142857142857,2.238095238095238,0.4867256637168011,0.3684210526315782,2.0555555555555562,-0.24999999999999917
-0.3333333333333335,0.6000000000000001,-0.6969696969696971,0.14285714285714232,-0.04761904761904768,0.14285714285714285,1.119047619047619,0.27876106194690636,1.1578947368421042,-0.2777777777777781,-0.31250000000000006
0.5714285714285712,-1.1600000000000001,-0.06060606060606067,-0.14285714285714296,-0.04761904761904768,-0.9285714285714286,-0.2619047619047619,0.9734513274336022,0.5263157894736848,1.3888888888888893,0.0625000000000009
-0.6190476190476195,0.48,-0.787878787878788,2.9999999999999987,0.6666666666666669,2.642857142857143,0.9166666666666666,-0.5398230088495475,-0.5789473684210521,-0.9444444444444446,-0.43749999999999967
0.23809523809523814,-0.6000000000000001,0.18181818181818182,0.0,0.09523809523809536,1.2857142857142858,0.9523809523809523,-0.1769911504425044,-0.05263157894736965,0.5555555555555556,0.5000000000000006
-0.28571428571428603,0.6400000000000001,-0.6363636363636365,1.9999999999999993,1.3333333333333337,-0.5714285714285714,-0.4523809523809524,0.17699115044245528,0.47368421052631515,0.05555555555555562,-0.06249999999999979
-0.4285714285714288,0.0,-0.5151515151515152,-0.14285714285714296,-0.80952380952381,-0.7142857142857143,-0.7142857142857143,-0.42477876106197127,0.21052631578947392,-0.44444444444444436,0.1875000000000005
-0.4285714285714288,1.1800000000000002,-0.787878787878788,0.4285714285714282,-0.5238095238095238,-0.5,-0.4523809523809524,0.04424778761061382,0.894736842105263,-0.33333333333333315,-0.37499999999999983
1.3809523809523814,-0.16000000000000014,0.5151515151515151,-0.14285714285714296,4.380952380952383,0.9285714285714286,0.6428571428571429,0.6194690265486426,-0.7368421052631587,0.7777777777777781,0.375000000000001
-0.3333333333333335,0.6000000000000001,0.21212121212121215,0.4285714285714282,-0.5238095238095238,1.4285714285714286,1.5,-1.1769911504424553,-0.21052631578947392,0.8888888888888894,1.6250000000000013
0.4761904761904763,-0.1200000000000001,-0.06060606060606067,0.9285714285714282,0.7142857142857145,1.5,1.5952380952380953,0.6194690265486426,-1.105263157894737,-0.5,-0.6250000000000001
0.4285714285714288,0.31999999999999984,-0.24242424242424251,0.9999999999999993,0.47619047619047616,-0.14285714285714285,0.8333333333333334,0.2566371681415994,-0.894736842105263,-0.44444444444444436,-0.49999999999999944
2.571428571428572,-0.32000000000000006,0.9696969696969696,-0.4285714285714288,-0.4285714285714285,0.07142857142857142,0.023809523809523808,1.5929203539822447,-1.3157894736842108,-0.7222222222222225,-0.7499999999999997
0.33333333333333304,-0.16000000000000014,0.6363636363636364,0.28571428571428525,-0.23809523809523842,-0.5,-0.23809523809523808,0.4867256637168011,-1.210526315789474,-0.8888888888888891,-0.43749999999999967
0.2857142857142856,-0.19999999999999996,0.1515151515151515,0.07142857142857116,-0.04761904761904768,1.2857142857142858,0.4523809523809524,0.5309734513274149,0.10526315789473696,-0.44444444444444436,-0.24999999999999917
0.1904761904761907,-0.8400000000000001,0.696969696969697,2.2857142857142847,0.5238095238095238,-0.21428571428571427,-0.35714285714285715,-0.8053097345132796,-0.21052631578947392,0.11111111111111124,1.1875000000000004
0.04761904761904746,0.6400000000000001,0.12121212121212116,-0.2857142857142859,-0.9047619047619053,1.7142857142857142,0.5476190476190477,-0.4424778761061873,-0.2631578947368436,-0.33333333333333315,0.0
3.666666666666667,0.7000000000000002,1.5151515151515154,2.1428571428571423,1.0000000000000007,-0.5714285714285714,0.09523809523809523,2.831858407079628,-1.894736842105263,0.33333333333333376,0.6250000000000001
0.9047619047619051,-0.6799999999999999,0.393939393939394,-1.142857142857143,-0.6190476190476192,-0.7857142857142857,-0.7619047619047619,-0.9292035398229884,-0.6315789473684218,-0.38888888888888873,0.7500000000000009
0.6190476190476186,-0.6000000000000001,0.24242424242424251,-0.8571428571428571,-0.80952380952381,-0.6428571428571429,-0.6428571428571429,-0.05752212389383726,-0.5789473684210521,0.2777777777777781,0.1875000000000005
0.4285714285714288,-0.28,0.696969696969697,0.8571428571428564,0.19047619047619072,0.2857142857142857,1.7142857142857142,0.6194690265486426,-0.05263157894736965,-0.11111111111111124,-0.43749999999999967
-0.4285714285714288,-0.040000000000000036,-0.030303030303030335,-0.2857142857142859,-0.4285714285714285,-0.7857142857142857,-0.40476190476190477,-0.2212389380531182,-0.3157894736842109,0.05555555555555562,-0.6250000000000001
-0.1428571428571432,0.1200000000000001,-0.7272727272727274,-0.7142857142857144,0.2857142857142861,0.21428571428571427,-0.19047619047619047,-0.4026548672566152,0.3157894736842109,-0.6111111111111113,0.1250000000000007
0.0,-0.8400000000000001,1.272727272727273,8.714285714285714,-1.3809523809523814,1.6785714285714286,5.9523809523809526,-1.6106194690265099,-1.5789473684210544,-0.6111111111111113,1.312500000000001
0.4761904761904763,-0.040000000000000036,-0.15151515151515157,0.0,0.4285714285714285,0.5,0.0,0.05309734513274641,0.10526315789473696,1.166666666666667,0.5625000000000003
0.8095238095238093,-0.52,0.1515151515151515,0.4285714285714282,0.80952380952381,0.14285714285714285,0.23809523809523808,0.6194690265486426,-0.6315789473684218,0.44444444444444436,-0.12499999999999958
-0.5238095238095242,0.56,-0.7272727272727274,-0.14285714285714296,-0.04761904761904768,-0.42857142857142855,-0.5714285714285714,-0.8053097345132796,0.21052631578947392,0.0,0.1250000000000007
-0.5714285714285716,1.4,-0.5757575757575758,-0.2857142857142859,1.0000000000000007,0.42857142857142855,0.42857142857142855,-0.36283185840709226,1.5263157894736847,0.6666666666666669,0.9375000000000002
-0.04761904761904788,-0.6799999999999999,0.3333333333333333,-0.2857142857142859,0.14285714285714304,0.7142857142857143,0.4523809523809524,-0.1769911504425044,0.15789473684210428,-0.16666666666666688,-0.49999999999999944
1.7142857142857144,-0.40000000000000013,0.787878787878788,1.1428571428571423,0.04761904761904768,1.0714285714285714,0.38095238095238093,1.4601769911504034,-0.2631578947368436,1.444444444444445,0.5000000000000006
0.14285714285714238,0.23999999999999977,0.0,0.0,-0.9047619047619053,1.0,0.6190476190476191,-0.3982300884955735,-0.05263157894736965,-1.055555555555556,-0.06249999999999979
0.14285714285714238,-0.9199999999999999,0.4242424242424243,0.28571428571428525,-1.2857142857142865,-0.7142857142857143,-0.6904761904761905,-1.4336283185840548,0.10526315789473696,0.44444444444444436,1.6250000000000013
-0.5714285714285716,-0.76,0.5454545454545455,0.28571428571428525,-0.8571428571428577,0.7142857142857143,-0.11904761904761904,-0.8672566371681586,-0.10526315789473696,1.0000000000000007,0.8750000000000004
1.6190476190476195,-0.56,0.7272727272727273,-0.5714285714285715,0.5238095238095238,0.42857142857142855,0.19047619047619047,0.23893805309733426,-0.8421052631578957,-0.2777777777777781,0.1875000000000005
2.0476190476190474,-0.6799999999999999,0.7272727272727273,0.28571428571428525,-0.6190476190476192,-0.2857142857142857,-0.42857142857142855,1.4159292035397895,-1.0,3.111111111111112,-0.6250000000000001
-0.3333333333333335,-0.08000000000000007,-0.06060606060606067,0.0,-0.4285714285714285,-0.6428571428571429,-0.07142857142857142,-0.3539823008849597,0.10526315789473696,-0.7777777777777781,-0.49999999999999944
1.0,-0.32000000000000006,0.21212121212121215,0.7142857142857141,0.7619047619047622,1.0,1.1904761904761905,0.7079646017698702,-0.47368421052631515,0.33333333333333376,-0.12499999999999958
0.1904761904761907,0.3599999999999999,-0.030303030303030335,0.0,1.8571428571428577,-0.35714285714285715,-0.023809523809523808,-0.28318584070794806,-0.8421052631578957,-0.5,-0.24999999999999917
-0.04761904761904788,-0.32000000000000006,1.3333333333333333,-0.4285714285714288,18.333333333333343,0.5714285714285714,0.6666666666666666,0.2654867256636829,-0.9473684210526326,3.6666666666666683,-0.49999999999999944
1.0476190476190474,-0.52,0.7272727272727273,0.28571428571428525,1.1904761904761907,-0.5714285714285714,-0.6190476190476191,-0.16371681415928094,-0.47368421052631515,0.16666666666666688,0.8750000000000004
0.2857142857142856,-0.9199999999999999,0.9090909090909093,-0.5714285714285715,0.6190476190476192,1.5,1.5238095238095237,0.04424778761061382,-0.05263157894736965,0.7222222222222225,0.1875000000000005
0.23809523809523814,-0.56,0.5151515151515151,0.14285714285714232,-0.7619047619047622,-0.14285714285714285,-0.47619047619047616,-0.5752212389380288,-0.7368421052631587,1.0555555555555562,0.6250000000000001
-0.4285714285714288,0.3599999999999999,0.12121212121212116,3.2857142857142847,-0.5238095238095238,0.42857142857142855,1.6904761904761905,1.0353982300884812,-0.05263157894736965,3.0555555555555562,0.0
-0.4285714285714288,-0.3600000000000001,-0.21212121212121215,0.14285714285714232,-0.38095238095238143,0.2857142857142857,-0.07142857142857142,-0.9026548672566398,0.42105263157894784,-0.33333333333333315,0.4375000000000008
-0.23809523809523814,-0.6000000000000001,0.24242424242424251,-0.5714285714285715,-0.19047619047619072,0.2857142857142857,-0.023809523809523808,-1.54867256637168,0.3684210526315782,1.444444444444445,2.125000000000001
-0.3333333333333335,-1.04,0.3333333333333333,0.4285714285714282,-0.7619047619047622,-0.21428571428571427,0.047619047619047616,-1.0663716814159208,1.105263157894737,1.0000000000000007,1.3750000000000009
-0.28571428571428603,0.6400000000000001,-0.7272727272727274,0.0,-0.33333333333333376,1.2142857142857142,1.2619047619047619,-0.5044247787610663,0.052631578947367315,0.33333333333333376,0.5625000000000003
0.7142857142857144,-0.45999999999999996,0.6060606060606062,3.428571428571427,0.7142857142857145,-0.7857142857142857,-0.6904761904761905,-0.18141592920354613,-0.21052631578947392,0.11111111111111124,1.2500000000000002
0.23809523809523814,0.31999999999999984,0.09090909090909083,0.5714285714285712,1.428571428571429,1.2142857142857142,1.9047619047619047,0.5353982300884567,-0.8421052631578957,-0.6666666666666669,-0.6874999999999999
-0.23809523809523814,1.8199999999999998,-0.787878787878788,0.0,0.4285714285714285,0.14285714285714285,-0.16666666666666666,0.3362831858406945,1.4210526315789478,0.2777777777777781,0.0
0.04761904761904746,-1.32,0.3333333333333333,-1.857142857142857,-1.428571428571429,1.5714285714285714,1.6666666666666667,-2.977876106194644,-2.210526315789474,-1.0000000000000002,1.5625000000000004
-0.3333333333333335,-0.40000000000000013,0.12121212121212116,-0.14285714285714296,0.19047619047619072,1.5,0.7857142857142857,0.08849557522122764,0.6842105263157892,-0.5555555555555556,-0.49999999999999944
1.095238095238095,-0.40000000000000013,0.5151515151515151,0.0,1.4761904761904767,-0.21428571428571427,-0.047619047619047616,0.21238938053098563,-0.7894736842105261,0.2777777777777781,0.375000000000001
0.14285714285714238,3.2800000000000002,-0.787878787878788,-0.7142857142857144,0.09523809523809536,-0.7857142857142857,-0.6428571428571429,-0.1769911504425044,1.1578947368421042,-0.7222222222222225,0.4375000000000008
-0.4285714285714288,-0.6000000000000001,-0.15151515151515157,0.28571428571428525,0.3333333333333331,0.7142857142857143,0.7142857142857143,-0.5486725663716802,0.47368421052631515,-0.5,-0.06249999999999979
-0.04761904761904788,-0.76,0.5454545454545455,0.7142857142857141,1.1904761904761907,-0.42857142857142855,-0.5238095238095238,0.23008849557520167,0.10526315789473696,0.8888888888888894,0.5000000000000006
0.0,-1.32,0.4242424242424243,0.0,-1.428571428571429,1.7142857142857142,0.6666666666666666,-0.3539823008849597,0.10526315789473696,1.7222222222222232,0.687500000000001
1.4285714285714288,-0.56,0.9696969696969696,2.5714285714285707,-0.38095238095238143,0.21428571428571427,0.6190476190476191,1.1283185840707506,-0.47368421052631515,0.8888888888888894,-0.06249999999999979
0.7619047619047619,-0.56,0.787878787878788,-0.2857142857142859,0.14285714285714304,-0.5714285714285714,-0.30952380952380953,0.5309734513274149,-0.6842105263157892,-0.6111111111111113,-0.43749999999999967
1.7619047619047619,-0.28,1.1515151515151516,-0.14285714285714296,-0.952380952380953,-0.6428571428571429,-0.5714285714285714,0.5309734513274149,-0.5263157894736848,0.2777777777777781,0.0
0.2857142857142856,-0.19999999999999996,1.0,-1.142857142857143,15.952380952380958,0.14285714285714285,0.14285714285714285,0.09734513274336022,-1.4736842105263175,4.000000000000002,-0.6250000000000001
-0.666666666666667,1.48,-0.6969696969696971,4.857142857142855,0.0,0.6428571428571429,0.19047619047619047,-0.4778761061946685,1.4210526315789478,-0.6666666666666669,0.6250000000000001
-0.09523809523809534,-1.32,0.24242424242424251,0.7142857142857141,-0.6190476190476192,0.07142857142857142,0.4523809523809524,-0.9292035398229884,0.3157894736842109,0.8888888888888894,1.000000000000001
-0.5238095238095242,0.48,-0.5757575757575758,-0.14285714285714296,0.47619047619047616,-0.21428571428571427,0.11904761904761904,-0.6637168141593055,0.8421052631578957,-0.38888888888888873,0.1250000000000007
1.904761904761905,0.23999999999999977,0.7272727272727273,0.5714285714285712,0.14285714285714304,-0.5714285714285714,-0.16666666666666666,1.6814159292034725,-1.0,0.8888888888888894,0.31250000000000006
0.8571428571428568,0.7199999999999998,0.18181818181818182,0.4285714285714282,0.4285714285714285,0.5714285714285714,1.2380952380952381,0.4867256637168011,-0.10526315789473696,0.0,-0.06249999999999979
0.5714285714285712,1.0,1.272727272727273,-0.7142857142857144,15.952380952380958,0.2857142857142857,0.5952380952380952,-0.12389380530975799,-2.1578947368421066,3.9444444444444464,-0.6874999999999999
-0.5714285714285716,0.96,-0.4242424242424243,-0.2857142857142859,0.3333333333333331,-0.14285714285714285,0.9761904761904762,-0.4424778761061873,0.3684210526315782,-0.5555555555555556,-0.06249999999999979
-0.6190476190476195,-0.040000000000000036,-0.6666666666666667,-0.14285714285714296,-0.5238095238095238,-0.5714285714285714,-0.5952380952380952,-0.5752212389380288,0.42105263157894784,0.11111111111111124,-0.49999999999999944
0.14285714285714238,-0.72,0.393939393939394,0.4285714285714282,-0.23809523809523842,1.0714285714285714,0.21428571428571427,-0.672566371681389,0.052631578947367315,1.444444444444445,1.3750000000000009
-0.4285714285714288,0.7000000000000002,-0.787878787878788,-0.4285714285714288,-0.5714285714285715,1.8571428571428572,0.5714285714285714,0.4867256637168011,1.5263157894736847,1.0555555555555562,-0.18749999999999936
0.5714285714285712,0.52,-0.09090909090909091,1.2857142857142854,0.7619047619047622,-0.07142857142857142,-0.023809523809523808,1.327433628318562,-0.15789473684210661,-0.16666666666666688,-0.31250000000000006
1.7142857142857144,-0.6400000000000001,0.696969696969697,1.5714285714285705,-0.4285714285714285,-0.2857142857142857,-0.047619047619047616,1.548672566371631,0.052631578947367315,1.6111111111111118,0.5000000000000006
-1.0000000000000004,2.0,1.2121212121212124,-0.2857142857142859,-1.9047619047619055,0.07142857142857142,1.1666666666666667,-1.429203539823013,1.8421052631578958,-0.11111111111111124,0.8125000000000007
0.09523809523809491,-0.52,0.6666666666666666,-0.5714285714285715,3.7142857142857157,-0.6428571428571429,-0.5238095238095238,0.3539823008849597,-0.05263157894736965,2.38888888888889,-0.49999999999999944
-0.1904761904761907,0.2799999999999998,-0.18181818181818182,-0.2857142857142859,-0.2857142857142861,1.4285714285714286,0.11904761904761904,-0.8230088495574956,-1.105263157894737,-1.055555555555556,-0.5624999999999992
0.9523809523809526,-0.040000000000000036,-0.06060606060606067,0.14285714285714232,1.142857142857143,-0.5714285714285714,-0.5952380952380952,0.4424778761061873,0.15789473684210428,-0.5555555555555556,-0.12499999999999958
-0.4285714285714288,0.8999999999999999,-0.6363636363636365,-0.2857142857142859,0.09523809523809536,-0.07142857142857142,0.35714285714285715,-0.08849557522122764,0.42105263157894784,-0.2777777777777781,-0.24999999999999917
-0.666666666666667,1.56,-0.787878787878788,-0.8571428571428571,-1.2857142857142865,-0.35714285714285715,-0.5238095238095238,-0.9424778761061627,1.0,0.05555555555555562,0.4375000000000008
-1.0952380952380958,-0.040000000000000036,-0.5151515151515152,0.14285714285714232,-1.428571428571429,0.21428571428571427,1.4285714285714286,-1.3716814159291757,1.6842105263157892,0.05555555555555562,1.7500000000000009
-0.09523809523809534,0.7199999999999998,0.696969696969697,-0.5714285714285715,1.7142857142857153,0.42857142857142855,1.7380952380952381,0.0,-0.5263157894736848,0.5,-0.5624999999999992
0.7619047619047619,1.4,0.0,-0.4285714285714288,0.0,-0.07142857142857142,-0.2619047619047619,0.14159292035397403,-0.3157894736842109,0.0,-0.12499999999999958
0.6190476190476186,0.08000000000000007,-0.06060606060606067,0.5714285714285712,-0.04761904761904768,1.0,2.380952380952381,0.4778761061946685,-0.5263157894736848,-0.2777777777777781,-0.43749999999999967
2.1904761904761907,-0.19999999999999996,0.696969696969697,3.2857142857142847,-0.4285714285714285,0.8571428571428571,0.23809523809523808,0.5752212389380288,-1.3684210526315805,-0.2777777777777781,-0.37499999999999983
1.6190476190476195,-0.6799999999999999,0.5757575757575758,-0.2857142857142859,0.14285714285714304,-0.5714285714285714,-0.5714285714285714,0.8849557522123745,-1.9473684210526327,0.2222222222222225,-0.6250000000000001
-0.6190476190476195,0.3999999999999999,-0.787878787878788,-0.8571428571428571,-0.47619047619047616,-0.7142857142857143,-0.7380952380952381,-1.2566371681415995,0.10526315789473696,-1.3888888888888893,0.1250000000000007
0.7619047619047619,0.16000000000000014,1.2121212121212124,0.14285714285714232,14.666666666666673,-0.14285714285714285,-0.047619047619047616,0.6194690265486426,-0.7368421052631587,0.2777777777777781,-0.37499999999999983
1.1428571428571432,-0.76,0.5757575757575758,5.999999999999999,-0.2857142857142861,-0.6428571428571429,-0.6190476190476191,0.3539823008849597,-0.42105263157894784,1.1111111111111112,1.5000000000000007
-0.5714285714285716,0.1200000000000001,-0.393939393939394,-0.2857142857142859,-0.14285714285714304,0.07142857142857142,-0.07142857142857142,0.2212389380530691,1.5789473684210522,0.11111111111111124,-0.24999999999999917
1.2857142857142856,-0.1200000000000001,1.1515151515151516,0.0,1.5238095238095244,-0.5714285714285714,-0.4523809523809524,0.08849557522122764,-0.2631578947368436,0.2222222222222225,0.9375000000000002
0.23809523809523814,0.8199999999999998,-0.18181818181818182,0.28571428571428525,-0.14285714285714304,-0.2857142857142857,-0.023809523809523808,0.24336283185837598,0.0,0.11111111111111124,-0.49999999999999944
0.4761904761904763,0.43999999999999995,-0.24242424242424251,2.2857142857142847,4.61904761904762,2.7142857142857144,2.5238095238095237,0.796460176991147,-0.7894736842105261,1.444444444444445,-0.6250000000000001
0.4761904761904763,0.43999999999999995,-0.21212121212121215,2.4285714285714275,4.333333333333336,2.642857142857143,2.5952380952380953,0.796460176991147,-0.7368421052631587,1.7222222222222232,-0.6250000000000001
0.5714285714285712,1.1,-0.787878787878788,0.5714285714285712,0.6666666666666669,-0.21428571428571427,-0.2619047619047619,1.1504424778760576,0.26315789473684126,1.3333333333333337,-0.49999999999999944
-0.09523809523809534,-0.9199999999999999,0.12121212121212116,-0.2857142857142859,-0.80952380952381,0.2857142857142857,-0.11904761904761904,-0.7079646017699194,-0.15789473684210661,1.5555555555555562,0.687500000000001
1.333333333333333,-0.19999999999999996,0.393939393939394,-0.2857142857142859,-0.8571428571428577,-0.5,-0.5714285714285714,0.5752212389380288,-0.6842105263157892,0.0,-0.43749999999999967
1.2857142857142856,-0.3600000000000001,0.6666666666666666,0.7142857142857141,-0.6666666666666669,-0.6428571428571429,-0.5,0.17699115044245528,-0.5263157894736848,1.3888888888888893,0.687500000000001
-0.04761904761904788,1.0,-0.6666666666666667,0.14285714285714232,0.6190476190476192,0.07142857142857142,0.35714285714285715,0.08849557522122764,-0.2631578947368436,0.16666666666666688,-0.24999999999999917
-0.1904761904761907,0.16000000000000014,-0.06060606060606067,-0.2857142857142859,-0.04761904761904768,-0.2857142857142857,-0.2619047619047619,0.6637168141592564,0.7368421052631587,0.8888888888888894,-0.43749999999999967
2.1428571428571432,-0.3600000000000001,0.696969696969697,3.428571428571427,-0.2857142857142861,0.35714285714285715,0.09523809523809523,0.4424778761061873,-1.5263157894736847,-0.05555555555555562,-0.43749999999999967
-1.2380952380952386,-0.16000000000000014,-0.45454545454545464,0.0,-1.4761904761904767,0.14285714285714285,1.1904761904761905,-2.203539823008804,1.210526315789474,1.444444444444445,2.125000000000001
2.904761904761905,-0.40000000000000013,1.1212121212121213,2.2857142857142847,0.47619047619047616,-0.5714285714285714,0.19047619047619047,2.0353982300884814,-1.5789473684210544,1.0555555555555562,0.375000000000001
0.4285714285714288,-1.08,0.8484848484848486,0.4285714285714282,0.19047619047619072,0.7857142857142857,0.42857142857142855,0.6637168141592564,0.42105263157894784,-0.44444444444444436,-0.6250000000000001
-0.1428571428571432,4.28,-0.787878787878788,-0.14285714285714296,2.7619047619047636,-0.6428571428571429,-0.7142857142857143,-0.9026548672566398,1.0,-1.2222222222222225,0.4375000000000008
-0.1428571428571432,1.12,-0.15151515151515157,0.14285714285714232,0.3809523809523808,0.5,0.6904761904761905,-0.5752212389380288,-1.0,-1.0000000000000002,-0.6250000000000001
-0.4761904761904763,0.9199999999999999,-0.6969696969696971,0.14285714285714232,-1.1904761904761911,-0.5,-0.5476190476190477,-0.7610619469026657,0.7368421052631587,0.05555555555555562,0.8125000000000007
-1.047619047619048,0.3599999999999999,-0.787878787878788,-1.142857142857143,-0.7619047619047622,-0.21428571428571427,-0.5,-2.163716814159281,0.7368421052631587,-0.33333333333333315,1.2500000000000002
-0.1904761904761907,1.04,-0.18181818181818182,8.428571428571425,0.9047619047619053,1.1428571428571428,1.2619047619047619,0.938053097345121,-0.5789473684210521,-0.2222222222222225,-0.6250000000000001
1.904761904761905,-0.56,1.303030303030303,0.14285714285714232,-0.04761904761904768,-0.14285714285714285,-0.35714285714285715,-0.4424778761061873,-1.6315789473684217,0.16666666666666688,1.6250000000000013
0.2857142857142856,-0.9199999999999999,0.27272727272727265,-0.7142857142857144,-0.8571428571428577,-0.5714285714285714,-0.5714285714285714,-0.6902654867256541,-0.05263157894736965,0.6666666666666669,1.000000000000001
0.09523809523809491,0.8599999999999999,-0.12121212121212126,0.0,-0.33333333333333376,-0.21428571428571427,0.047619047619047616,-0.04424778761061382,0.26315789473684126,-0.38888888888888873,-0.6874999999999999
0.0,-0.72,0.4545454545454545,-1.0,-1.0952380952380958,-0.5714285714285714,-0.09523809523809523,-1.2566371681415995,-0.10526315789473696,0.5,0.5000000000000006
-0.7142857142857144,1.1400000000000001,-0.787878787878788,0.0,-0.6666666666666669,1.0,0.30952380952380953,-1.3362831858406945,0.9473684210526326,-0.5555555555555556,0.8750000000000004
0.7619047619047619,-0.19999999999999996,-0.06060606060606067,0.7142857142857141,0.6190476190476192,0.0,0.11904761904761904,0.5309734513274149,-1.0,0.6666666666666669,-0.12499999999999958
0.3809523809523805,0.040000000000000036,-0.5151515151515152,0.4285714285714282,0.5714285714285715,0.42857142857142855,0.23809523809523808,0.3539823008849597,0.15789473684210428,1.3333333333333337,0.2500000000000003
0.2857142857142856,0.5800000000000001,0.696969696969697,5.571428571428569,2.0476190476190483,1.4285714285714286,2.6666666666666665,1.8584070796459278,0.0,2.8888888888888893,-0.5624999999999992
-0.3333333333333335,0.8799999999999999,-0.7272727272727274,0.4285714285714282,-0.14285714285714304,0.14285714285714285,0.07142857142857142,0.17699115044245528,0.6842105263157892,-0.5555555555555556,-0.5624999999999992
0.7142857142857144,0.31999999999999984,-0.36363636363636365,-0.2857142857142859,0.23809523809523842,0.7857142857142857,0.21428571428571427,0.5752212389380288,-0.894736842105263,-0.33333333333333315,-0.31250000000000006
1.0,0.31999999999999984,0.1515151515151515,0.0,0.5238095238095238,0.8571428571428571,0.5476190476190477,1.1504424778760576,-0.6842105263157892,0.05555555555555562,0.0
0.7619047619047619,0.8999999999999999,-0.4848484848484849,-0.14285714285714296,0.0,-0.5714285714285714,-0.19047619047619047,0.796460176991147,-0.42105263157894784,-0.33333333333333315,-0.06249999999999979
1.1904761904761907,-0.72,1.1212121212121213,0.8571428571428564,0.23809523809523842,-0.6428571428571429,-0.40476190476190477,1.327433628318562,-0.2631578947368436,0.6666666666666669,0.6250000000000001
0.9047619047619051,-0.040000000000000036,0.696969696969697,0.5714285714285712,8.142857142857146,-0.6428571428571429,-0.4523809523809524,0.9734513274336022,0.0,0.944444444444445,0.31250000000000006
0.09523809523809491,0.6000000000000001,1.3333333333333333,0.0,0.9047619047619053,0.7857142857142857,2.142857142857143,0.17699115044245528,-1.210526315789474,-0.5,-0.7499999999999997
-0.23809523809523814,-0.56,0.5151515151515151,0.5714285714285712,0.14285714285714304,0.2857142857142857,1.0238095238095237,0.12389380530970887,0.10526315789473696,0.33333333333333376,-0.31250000000000006
0.3809523809523805,1.2399999999999998,-0.7272727272727274,-1.4285714285714286,-0.4285714285714285,1.5714285714285714,0.21428571428571427,-0.7079646017699194,-0.5789473684210521,-0.2222222222222225,-0.24999999999999917
0.4285714285714288,-0.8400000000000001,0.36363636363636365,0.14285714285714232,-0.9047619047619053,0.35714285714285715,0.7857142857142857,-0.6061946902654682,0.42105263157894784,0.5555555555555556,1.000000000000001
-0.666666666666667,0.3999999999999999,-0.787878787878788,0.0,0.7619047619047622,2.4285714285714284,0.47619047619047616,-0.6150442477876008,1.5789473684210522,0.44444444444444436,0.8125000000000007
1.2380952380952381,-1.08,0.6363636363636364,-0.14285714285714296,-0.6190476190476192,-0.5714285714285714,-0.35714285714285715,0.4424778761061873,-0.8421052631578957,1.5555555555555562,0.5000000000000006
0.4761904761904763,-1.08,0.393939393939394,-0.8571428571428571,-0.23809523809523842,-0.7857142857142857,-0.6904761904761905,0.07964601769909505,-1.0,-0.16666666666666688,-0.43749999999999967
1.0,-0.19999999999999996,0.5454545454545455,0.9999999999999993,-0.6666666666666669,-0.7142857142857143,-0.7380952380952381,-0.026548672566397764,0.10526315789473696,0.0,1.2500000000000002
0.5238095238095237,-0.43999999999999995,0.4545454545454545,-0.2857142857142859,-1.0000000000000002,0.07142857142857142,0.023809523809523808,-1.1769911504424553,-0.47368421052631515,-0.11111111111111124,1.2500000000000002
-0.23809523809523814,0.2799999999999998,-0.787878787878788,-0.2857142857142859,-0.7142857142857145,-0.5,-0.6666666666666666,-0.5221238938053314,0.7368421052631587,-0.2222222222222225,0.687500000000001
-0.3333333333333335,-0.08000000000000007,-0.24242424242424251,0.7142857142857141,-0.47619047619047616,-0.07142857142857142,-0.11904761904761904,-0.04424778761061382,-0.10526315789473696,-0.7777777777777781,-0.6250000000000001
0.0,-0.8800000000000001,0.696969696969697,0.0,0.80952380952381,0.5,0.47619047619047616,0.15044247787610662,0.0,0.2777777777777781,-0.06249999999999979
-1.2380952380952386,0.23999999999999977,-0.7575757575757577,-0.7142857142857144,-1.1904761904761911,-0.6428571428571429,-0.2857142857142857,-1.5044247787610663,1.3684210526315783,1.2222222222222225,1.4375000000000007
0.7619047619047619,0.23999999999999977,0.030303030303030335,0.14285714285714232,0.14285714285714304,0.6428571428571429,2.5,0.4513274336283199,-0.21052631578947392,-0.38888888888888873,-0.49999999999999944
-0.5714285714285716,0.43999999999999995,-0.15151515151515157,-0.4285714285714288,0.0,-0.42857142857142855,0.5476190476190477,0.08849557522122764,1.105263157894737,-0.2222222222222225,-0.5624999999999992
-0.28571428571428603,-0.08000000000000007,-0.4848484848484849,0.5714285714285712,-0.5238095238095238,-0.7142857142857143,-0.5952380952380952,-0.5221238938053314,-0.05263157894736965,-0.8333333333333337,0.1875000000000005
-0.4285714285714288,0.7199999999999998,-0.787878787878788,-0.4285714285714288,1.6666666666666676,-0.7857142857142857,-0.6904761904761905,-0.19469026548672044,0.21052631578947392,-0.11111111111111124,-0.31250000000000006
-0.6190476190476195,-0.28,-0.3333333333333334,-0.14285714285714296,-0.14285714285714304,0.5714285714285714,0.3333333333333333,-0.4867256637168011,0.052631578947367315,0.0,-0.5624999999999992
-0.4761904761904763,-0.1200000000000001,-0.18181818181818182,-0.4285714285714288,0.14285714285714304,-0.35714285714285715,-0.38095238095238093,-0.4203539823008804,0.42105263157894784,-1.055555555555556,-0.7187499999999992
-0.6190476190476195,0.040000000000000036,-0.6666666666666667,0.0,-0.47619047619047616,-0.42857142857142855,-0.5714285714285714,-0.5309734513274149,0.47368421052631515,0.05555555555555562,-0.49999999999999944
1.5238095238095237,-0.24,1.4242424242424243,1.4285714285714282,-0.6190476190476192,-0.5714285714285714,-0.40476190476190477,0.796460176991147,-0.7368421052631587,0.2222222222222225,0.6250000000000001
1.4761904761904763,-1.24,0.6666666666666666,-0.2857142857142859,12.571428571428578,-0.5714285714285714,-0.5,0.4867256637168011,-0.05263157894736965,0.5,0.1875000000000005
1.7619047619047619,-0.40000000000000013,0.8484848484848486,-1.0,0.7619047619047622,0.5714285714285714,0.047619047619047616,0.24336283185837598,-1.5263157894736847,0.7777777777777781,-0.18749999999999936
-0.28571428571428603,0.16000000000000014,-0.6969696969696971,-0.8571428571428571,-0.33333333333333376,0.21428571428571427,0.07142857142857142,-0.5309734513274149,0.3157894736842109,-0.7777777777777781,-0.7499999999999997
-0.4285714285714288,0.7199999999999998,-0.5454545454545455,-0.5714285714285715,0.8571428571428577,0.5714285714285714,1.1904761904761905,-0.3982300884955735,0.15789473684210428,-0.44444444444444436,-0.6250000000000001
0.8095238095238093,-0.72,0.787878787878788,0.0,-0.23809523809523842,-0.07142857142857142,-0.3333333333333333,-0.7566371681415749,0.26315789473684126,0.7777777777777781,1.3750000000000009
0.5714285714285712,-0.16000000000000014,0.696969696969697,0.5714285714285712,0.7142857142857145,1.7142857142857142,1.5952380952380953,0.6194690265486426,-1.210526315789474,-0.16666666666666688,-0.6874999999999999
0.7142857142857144,-0.72,1.0,0.8571428571428564,0.0,-0.35714285714285715,-0.21428571428571427,0.3539823008849597,-1.0,-0.44444444444444436,1.1250000000000007
1.7619047619047619,-1.12,0.9393939393939393,-0.5714285714285715,-0.23809523809523842,-0.7857142857142857,-0.7380952380952381,0.5752212389380288,-0.894736842105263,0.44444444444444436,-0.18749999999999936
-0.04761904761904788,0.23999999999999977,0.1515151515151515,-0.5714285714285715,-0.47619047619047616,0.8571428571428571,1.9285714285714286,-0.2433628318584251,-0.10526315789473696,-0.5,-0.5624999999999992
1.2857142857142856,-0.9199999999999999,0.393939393939394,18.999999999999996,-0.47619047619047616,-0.5714285714285714,-0.38095238095238093,2.566371681415847,-1.0,0.2222222222222225,-0.6250000000000001
-0.5714285714285716,0.7599999999999998,-0.5454545454545455,2.2142857142857135,-0.5714285714285715,-0.42857142857142855,-0.5476190476190477,-1.530973451327415,0.6315789473684218,-0.5555555555555556,1.5000000000000007
-0.7142857142857144,-0.8,-0.5151515151515152,-1.142857142857143,-0.6190476190476192,0.07142857142857142,-0.2619047619047619,-0.9778761061946931,0.5789473684210521,0.44444444444444436,-0.12499999999999958
0.8095238095238093,0.1200000000000001,0.4848484848484848,0.28571428571428525,0.09523809523809536,0.7857142857142857,0.30952380952380953,0.08849557522122764,-0.5789473684210521,0.5,0.7500000000000009
-0.5238095238095242,0.6000000000000001,-0.5757575757575758,-0.8571428571428571,-0.4285714285714285,0.14285714285714285,0.5238095238095238,-0.4778761061946685,-0.10526315789473696,-0.11111111111111124,-0.5624999999999992
-0.5238095238095242,0.6800000000000002,-0.5151515151515152,2.4285714285714275,-0.5238095238095238,0.07142857142857142,-0.23809523809523808,-0.6902654867256541,0.5263157894736848,-0.5555555555555556,0.5625000000000003
1.095238095238095,0.6400000000000001,0.393939393939394,-0.4285714285714288,-1.1904761904761911,-0.5714285714285714,-0.5238095238095238,0.3539823008849597,-0.7368421052631587,-0.8333333333333337,-0.12499999999999958
-0.9523809523809526,-0.8800000000000001,-0.030303030303030335,15.999999999999995,-0.5714285714285715,4.142857142857143,2.880952380952381,0.18141592920354613,0.10526315789473696,-0.44444444444444436,0.0625000000000009
1.095238095238095,-1.12,0.3333333333333333,0.0,-1.0476190476190481,0.0,-0.07142857142857142,-0.2920353982300807,-0.42105263157894784,-0.7222222222222225,-0.5624999999999992
0.666666666666667,0.5800000000000001,0.0,-0.2857142857142859,0.80952380952381,-0.6428571428571429,-0.09523809523809523,0.2566371681415994,-0.3157894736842109,-1.1111111111111116,-0.37499999999999983
0.09523809523809491,-0.8800000000000001,0.303030303030303,0.0,-1.4761904761904767,1.5,0.3333333333333333,-0.796460176991147,-0.21052631578947392,2.1666666666666674,1.3750000000000009
-0.23809523809523814,-0.16000000000000014,0.6060606060606062,0.0,1.6666666666666676,-0.5,-0.4523809523809524,-0.1460176991150649,0.052631578947367315,0.05555555555555562,0.1875000000000005
-0.1428571428571432,-0.6000000000000001,0.1515151515151515,-0.7142857142857144,0.0,0.8571428571428571,0.6190476190476191,0.15929203539823922,0.7894736842105261,0.0,-0.43749999999999967
0.4761904761904763,1.46,-0.393939393939394,1.7857142857142854,0.4285714285714285,-0.7142857142857143,-0.5952380952380952,1.1504424778760576,0.6842105263157892,-0.5555555555555556,0.8125000000000007
0.0,0.7199999999999998,-0.15151515151515157,-0.14285714285714296,0.04761904761904768,1.3571428571428572,2.4285714285714284,-0.26548672566373205,-0.3157894736842109,-0.6111111111111113,-0.18749999999999936
0.5714285714285712,-0.9199999999999999,0.6060606060606062,9.714285714285712,1.6666666666666676,-0.7857142857142857,-0.7142857142857143,0.9778761061946439,-0.6842105263157892,-0.11111111111111124,0.4375000000000008
-0.3333333333333335,-0.24,-0.3333333333333334,-0.2857142857142859,-0.04761904761904768,-0.2857142857142857,-0.2619047619047619,-0.31415929203538756,-0.10526315789473696,-0.6111111111111113,-0.18749999999999936
-0.1428571428571432,0.1200000000000001,-0.393939393939394,0.4285714285714282,0.8571428571428577,0.7142857142857143,0.6428571428571429,0.4646017699114942,0.42105263157894784,-0.05555555555555562,-0.49999999999999944
-0.5238095238095242,1.62,0.09090909090909083,3.7142857142857126,-0.4285714285714285,0.07142857142857142,0.0,-0.45575221238936164,1.1578947368421042,-0.44444444444444436,0.5625000000000003
-0.04761904761904788,0.16000000000000014,0.27272727272727265,0.0,-0.23809523809523842,0.5,0.6428571428571429,0.2654867256636829,-0.3157894736842109,-0.33333333333333315,-0.6250000000000001
-0.1428571428571432,-0.040000000000000036,0.09090909090909083,0.14285714285714232,0.3333333333333331,-0.6428571428571429,-0.5952380952380952,-0.7876106194690143,0.052631578947367315,0.0,0.8125000000000007
-0.3809523809523814,0.96,-0.7575757575757577,0.0,-0.952380952380953,-0.21428571428571427,-0.5,-1.938053097345121,0.42105263157894784,-1.2222222222222225,1.6250000000000013
0.04761904761904746,-0.040000000000000036,0.393939393939394,0.5714285714285712,0.14285714285714304,-0.14285714285714285,0.16666666666666666,0.7522123893805331,0.6315789473684218,0.0,0.31250000000000006
-0.1428571428571432,-0.8400000000000001,0.4848484848484848,-0.2857142857142859,-1.2857142857142865,-0.5714285714285714,-0.35714285714285715,-0.2212389380531182,0.6842105263157892,1.1111111111111112,1.0625000000000009
1.666666666666667,0.45999999999999996,1.2121212121212124,5.714285714285713,0.4285714285714285,-0.5714285714285714,-0.35714285714285715,0.8849557522123745,-1.0526315789473697,2.0555555555555562,1.9375000000000013
-0.6190476190476195,0.20000000000000018,-0.36363636363636365,0.28571428571428525,-0.7142857142857145,-0.07142857142857142,-0.23809523809523808,-1.2522123893805086,0.5789473684210521,0.0,0.9375000000000002
-0.1428571428571432,1.7599999999999998,-0.6969696969696971,-0.2857142857142859,0.5238095238095238,-0.5,-0.4523809523809524,-0.3982300884955735,-0.5789473684210521,-0.33333333333333315,-0.37499999999999983
-0.04761904761904788,1.44,0.0,2.2857142857142847,1.3333333333333337,1.2142857142857142,0.6666666666666666,-0.05309734513274641,-0.2631578947368436,-0.8888888888888891,-0.6250000000000001
-0.1904761904761907,0.23999999999999977,-0.7272727272727274,0.5714285714285712,-0.09523809523809536,-0.21428571428571427,-0.09523809523809523,-0.5442477876106384,0.26315789473684126,0.0,0.375000000000001
-0.28571428571428603,0.16000000000000014,-0.7575757575757577,-0.5714285714285715,0.6666666666666669,-0.35714285714285715,-0.5714285714285714,-0.734513274336268,0.21052631578947392,-0.2222222222222225,0.5000000000000006
-0.4761904761904763,0.48,0.21212121212121215,6.428571428571427,7.428571428571431,3.7142857142857144,1.8095238095238095,0.4734513274336268,-0.47368421052631515,-0.33333333333333315,-0.43749999999999967
-0.1428571428571432,0.0,-0.06060606060606067,0.28571428571428525,0.5714285714285715,-0.42857142857142855,-0.023809523809523808,0.5309734513274149,0.8421052631578957,0.2222222222222225,-0.37499999999999983
-0.3809523809523814,-0.32000000000000006,0.4848484848484848,4.714285714285713,-0.38095238095238143,1.0,2.119047619047619,0.2212389380530691,0.5789473684210521,0.5,0.1875000000000005
-0.04761904761904788,1.6,-0.5757575757575758,-0.4285714285714288,-1.0000000000000002,0.5714285714285714,0.19047619047619047,-0.6858407079646124,1.0526315789473673,-1.055555555555556,0.31250000000000006
1.2380952380952381,-0.3600000000000001,1.2121212121212124,1.0714285714285712,1.761904761904763,-0.14285714285714285,-0.23809523809523808,0.08849557522122764,-0.3684210526315782,0.7222222222222225,0.9375000000000002
-0.1428571428571432,-0.3600000000000001,-0.5454545454545455,0.7142857142857141,0.23809523809523842,0.07142857142857142,0.21428571428571427,0.0,-0.5263157894736848,-0.16666666666666688,-0.12499999999999958
1.1428571428571432,-0.96,0.9090909090909093,-1.142857142857143,-1.5238095238095244,-0.7857142857142857,-0.7380952380952381,-0.9247787610619467,-0.7894736842105261,-0.6111111111111113,1.000000000000001
0.7619047619047619,1.5,0.030303030303030335,0.14285714285714232,0.23809523809523842,1.2142857142857142,2.5238095238095237,0.4424778761061873,-0.3684210526315782,-0.5,-0.49999999999999944
-0.1904761904761907,0.040000000000000036,0.4242424242424243,0.0,-0.9047619047619053,-0.14285714285714285,-0.4523809523809524,-0.9115044247787724,-0.2631578947368436,0.11111111111111124,1.000000000000001
-1.0952380952380958,0.6000000000000001,-0.787878787878788,0.4285714285714282,-0.6190476190476192,-0.5,-0.5714285714285714,-1.876106194690242,1.105263157894737,-0.2222222222222225,1.687500000000001
0.666666666666667,-0.76,0.9393939393939393,-0.2857142857142859,-0.23809523809523842,0.9285714285714286,0.6190476190476191,0.04424778761061382,-0.15789473684210661,0.944444444444445,0.31250000000000006
0.0,0.23999999999999977,0.1515151515151515,-0.2857142857142859,0.0,-0.2857142857142857,0.9523809523809523,-0.01327433628317432,-0.10526315789473696,0.38888888888888873,-0.43749999999999967
-1.0952380952380958,-0.8,0.3333333333333333,-1.142857142857143,-0.23809523809523842,-0.14285714285714285,1.3571428571428572,-0.6194690265486917,0.052631578947367315,-0.2222222222222225,-0.6250000000000001
-0.4285714285714288,0.5800000000000001,-0.3030303030303031,-0.14285714285714296,-0.23809523809523842,-0.42857142857142855,-0.3333333333333333,-0.327433628318611,0.3157894736842109,-0.38888888888888873,-0.31250000000000006
-0.9047619047619051,-0.72,0.18181818181818182,15.285714285714281,-1.1904761904761911,-0.5714285714285714,1.7619047619047619,-0.4778761061946685,-0.05263157894736965,-0.33333333333333315,0.8125000000000007
1.1904761904761907,0.3999999999999999,0.696969696969697,-0.14285714285714296,5.7619047619047645,-0.6428571428571429,-0.5476190476190477,1.1504424778760576,-0.7894736842105261,0.05555555555555562,-1.1249999999999996
1.1904761904761907,-0.52,0.6060606060606062,-0.14285714285714296,1.1904761904761907,-0.5714285714285714,-0.6904761904761905,-0.07079646017701158,-1.0,0.16666666666666688,1.000000000000001
0.1904761904761907,0.3999999999999999,0.12121212121212116,-0.14285714285714296,0.23809523809523842,-0.21428571428571427,0.2619047619047619,0.17699115044245528,0.47368421052631515,-0.05555555555555562,0.0
-0.3333333333333335,0.43999999999999995,-0.6060606060606062,0.4285714285714282,-0.04761904761904768,0.21428571428571427,1.0714285714285714,0.2920353982300807,1.0526315789473673,-0.5,-0.31250000000000006
0.14285714285714238,1.96,-0.5151515151515152,0.14285714285714232,-0.6666666666666669,-0.5,-0.047619047619047616,0.02212389380530691,0.052631578947367315,-0.38888888888888873,-0.7499999999999997
0.1904761904761907,0.45999999999999996,-0.18181818181818182,-1.0,0.04761904761904768,0.9285714285714286,1.9047619047619047,0.17699115044245528,-0.7894736842105261,2.7777777777777795,-0.6874999999999999
2.333333333333334,0.41999999999999993,1.2121212121212124,5.1428571428571415,0.19047619047619072,-0.5,0.07142857142857142,2.389380530973392,-1.2631578947368436,0.6111111111111113,-0.12499999999999958
-0.4285714285714288,0.16000000000000014,-0.393939393939394,0.0,-0.19047619047619072,0.07142857142857142,-0.09523809523809523,-0.3982300884955735,0.26315789473684126,-0.16666666666666688,-0.31250000000000006
0.8571428571428568,-0.8,0.6363636363636364,-0.8571428571428571,-0.80952380952381,-0.07142857142857142,-0.14285714285714285,0.6637168141592564,-0.21052631578947392,0.2222222222222225,-0.12499999999999958
1.0476190476190474,-0.96,0.8484848484848486,0.14285714285714232,-0.6666666666666669,-0.5,-0.30952380952380953,-0.6592920353982147,-0.7368421052631587,-0.5,1.4375000000000007
-0.1904761904761907,0.2799999999999998,-0.6969696969696971,2.7142857142857126,0.04761904761904768,0.9285714285714286,0.16666666666666666,-0.3893805309734409,-1.5263157894736847,-0.8333333333333337,-0.6250000000000001
-0.04761904761904788,0.2799999999999998,-0.393939393939394,-0.14285714285714296,1.0952380952380953,0.21428571428571427,-0.07142857142857142,-1.061946902654879,-0.3684210526315782,-0.5,0.6250000000000001
0.04761904761904746,-0.9199999999999999,0.5454545454545455,-0.5714285714285715,0.09523809523809536,1.0,0.6904761904761905,-0.7920353982301053,0.26315789473684126,0.2222222222222225,0.6250000000000001
-0.8571428571428577,-1.2000000000000002,0.4242424242424243,-1.142857142857143,-0.6190476190476192,1.8928571428571428,3.0,-2.4778761061946684,-0.3157894736842109,-0.16666666666666688,1.0625000000000009
0.09523809523809491,0.6400000000000001,0.878787878787879,-0.5714285714285715,1.8095238095238106,1.2857142857142858,2.4285714285714284,0.0,-0.7368421052631587,0.0,-0.49999999999999944
0.4285714285714288,0.7000000000000002,0.0,-0.8571428571428571,0.4285714285714285,0.14285714285714285,-0.38095238095238093,0.061946902654878996,0.052631578947367315,-0.8333333333333337,-0.49999999999999944
0.7142857142857144,-0.43999999999999995,0.6363636363636364,0.4285714285714282,0.3809523809523808,-0.5714285714285714,-0.4523809523809524,0.4070796460177061,-0.8421052631578957,-0.6666666666666669,0.1875000000000005
0.8095238095238093,-0.3600000000000001,0.27272727272727265,-0.14285714285714296,0.19047619047619072,0.21428571428571427,-0.023809523809523808,-0.2566371681415994,-0.42105263157894784,0.2222222222222225,0.5625000000000003
-0.9047619047619051,0.2799999999999998,-0.18181818181818182,0.28571428571428525,-0.19047619047619072,0.07142857142857142,0.2619047619047619,-0.9424778761061627,1.4210526315789478,0.2777777777777781,1.4375000000000007
0.0,-1.08,0.4242424242424243,-0.8571428571428571,-1.0952380952380958,-0.21428571428571427,-0.3333333333333333,-0.04424778761061382,0.052631578947367315,1.3888888888888893,-0.9375000000000002
-0.4761904761904763,1.02,-0.7272727272727274,0.14285714285714232,-0.7619047619047622,1.5,0.5714285714285714,0.30973451327434587,1.3684210526315783,0.8888888888888894,-0.18749999999999936
-0.23809523809523814,0.5,-0.4848484848484849,0.28571428571428525,0.04761904761904768,0.14285714285714285,-0.14285714285714285,0.24778761061946686,1.4210526315789478,0.38888888888888873,0.375000000000001
0.5714285714285712,-0.24,0.27272727272727265,0.28571428571428525,0.04761904761904768,0.6428571428571429,0.9285714285714286,0.8407079646017608,0.3684210526315782,0.0,-0.43749999999999967
-0.1428571428571432,0.48,-0.6969696969696971,-0.2857142857142859,0.04761904761904768,0.9285714285714286,0.09523809523809523,-0.4513274336283199,0.6842105263157892,0.11111111111111124,0.4375000000000008
0.3809523809523805,0.7199999999999998,0.1515151515151515,1.1428571428571423,0.3333333333333331,0.6428571428571429,1.0,1.5044247787610172,0.894736842105263,0.6666666666666669,0.8750000000000004
-1.5238095238095242,0.3599999999999999,-0.27272727272727276,0.14285714285714232,-1.0000000000000002,0.21428571428571427,1.5952380952380953,-1.592920353982294,2.8421052631578956,-0.11111111111111124,1.687500000000001
0.7142857142857144,-0.6799999999999999,0.3333333333333333,0.0,-0.19047619047619072,-0.6428571428571429,-0.6190476190476191,0.5309734513274149,-0.47368421052631515,0.0,-0.6250000000000001
-0.1428571428571432,0.7000000000000002,-0.09090909090909091,0.14285714285714232,1.5238095238095244,0.42857142857142855,1.0714285714285714,-0.1769911504425044,-0.5263157894736848,-0.05555555555555562,-0.5624999999999992
0.2857142857142856,-0.08000000000000007,-0.45454545454545464,0.14285714285714232,0.23809523809523842,-0.35714285714285715,0.6666666666666666,0.0,-0.7368421052631587,-0.5,-0.49999999999999944
-0.3333333333333335,-0.040000000000000036,-0.24242424242424251,-0.14285714285714296,-0.38095238095238143,-0.14285714285714285,-0.19047619047619047,0.3584070796460014,1.105263157894737,0.5555555555555556,-0.37499999999999983
-0.7142857142857144,-0.6000000000000001,-0.15151515151515157,0.0,-1.5238095238095244,0.8571428571428571,0.21428571428571427,-0.0840707964601859,0.8421052631578957,0.8333333333333337,-0.31250000000000006
0.33333333333333304,1.1600000000000001,-0.45454545454545464,0.14285714285714232,0.23809523809523842,-0.14285714285714285,-0.19047619047619047,0.4867256637168011,0.47368421052631515,-0.7777777777777781,-0.18749999999999936
0.14285714285714238,0.52,0.030303030303030335,-0.2857142857142859,0.7619047619047622,-0.6428571428571429,0.9047619047619048,0.2964601769911224,-0.9473684210526326,0.0,-0.6874999999999999
0.4761904761904763,-1.1600000000000001,0.6666666666666666,-0.5714285714285715,-0.09523809523809536,1.0714285714285714,0.5,0.0,0.42105263157894784,-0.5,-0.49999999999999944
0.23809523809523814,0.94,-0.45454545454545464,-0.4285714285714288,0.5238095238095238,0.14285714285714285,0.5714285714285714,-0.13274336283184146,-0.6315789473684218,1.1111111111111112,-0.37499999999999983
0.666666666666667,-0.96,0.4545454545454545,-0.2857142857142859,0.5714285714285715,-0.5714285714285714,-0.5476190476190477,0.5309734513274149,-0.15789473684210661,0.44444444444444436,-0.31250000000000006
-0.09523809523809534,1.2999999999999998,-0.787878787878788,0.5714285714285712,0.09523809523809536,-0.5714285714285714,-0.5952380952380952,0.30973451327434587,-0.05263157894736965,-0.5555555555555556,-0.5624999999999992
0.9523809523809526,0.31999999999999984,-0.5757575757575758,1.7142857142857135,1.0952380952380953,1.2857142857142858,0.7619047619047619,1.4823008849557593,0.0,0.5,-0.24999999999999917
1.2857142857142856,1.2799999999999998,0.3333333333333333,0.5714285714285712,0.3333333333333331,0.8571428571428571,0.7380952380952381,0.5752212389380288,-0.7894736842105261,-0.5555555555555556,-0.18749999999999936
2.333333333333334,-0.8400000000000001,1.4545454545454546,0.5714285714285712,0.7619047619047622,-0.35714285714285715,-0.2619047619047619,1.1504424778760576,-0.5789473684210521,0.8333333333333337,0.375000000000001
1.7142857142857144,0.31999999999999984,1.0,0.5714285714285712,0.3809523809523808,-0.07142857142857142,0.23809523809523808,0.8849557522123745,-0.6842105263157892,0.16666666666666688,0.5000000000000006
0.9523809523809526,-0.6400000000000001,0.4545454545454545,0.14285714285714232,0.19047619047619072,-0.21428571428571427,0.5238095238095238,0.6194690265486426,-0.5263157894736848,-0.6666666666666669,-0.43749999999999967
0.23809523809523814,0.43999999999999995,-0.5151515151515152,0.0,0.23809523809523842,-0.21428571428571427,1.6428571428571428,-0.1769911504425044,-0.8421052631578957,0.2222222222222225,-0.24999999999999917
-0.28571428571428603,-0.6799999999999999,0.21212121212121215,0.4285714285714282,-0.7142857142857145,0.5,-0.047619047619047616,-0.7079646017699194,0.21052631578947392,0.8333333333333337,1.1875000000000004
-0.04761904761904788,0.8999999999999999,-0.5454545454545455,0.28571428571428525,0.6190476190476192,-0.2857142857142857,0.047619047619047616,0.2654867256636829,-0.3684210526315782,0.5,-0.24999999999999917
-0.5238095238095242,0.0,-0.7575757575757577,-0.14285714285714296,-0.23809523809523842,-0.35714285714285715,-0.3333333333333333,-0.4424778761061873,0.10526315789473696,-0.33333333333333315,-0.43749999999999967
0.8571428571428568,-0.76,0.8484848484848486,0.4285714285714282,0.7142857142857145,1.0,1.0476190476190477,0.7079646017698702,-0.15789473684210661,1.1111111111111112,-0.37499999999999983
0.2857142857142856,-0.56,0.18181818181818182,-0.5714285714285715,-0.6190476190476192,0.8571428571428571,0.2857142857142857,-0.9911504424778674,0.3684210526315782,0.5555555555555556,1.000000000000001
0.4285714285714288,-0.43999999999999995,0.4242424242424243,0.0,0.0,0.35714285714285715,0.30952380952380953,0.5309734513274149,0.6842105263157892,0.11111111111111124,-0.6250000000000001
1.0,-0.76,1.0,0.0,-0.09523809523809536,-0.7857142857142857,-0.5714285714285714,1.1504424778760576,-0.5789473684210521,0.8888888888888894,-0.37499999999999983
-0.1428571428571432,0.8199999999999998,-0.787878787878788,-0.14285714285714296,-0.5238095238095238,1.1428571428571428,-0.09523809523809523,-0.6504424778760821,0.894736842105263,0.16666666666666688,0.7500000000000009
-0.28571428571428603,0.2799999999999998,0.12121212121212116,0.28571428571428525,-0.23809523809523842,0.07142857142857142,0.38095238095238093,0.0,0.7894736842105261,-0.16666666666666688,0.0
-0.1904761904761907,-0.08000000000000007,-0.18181818181818182,0.5714285714285712,12.047619047619053,-0.42857142857142855,-0.5952380952380952,0.0,-0.5263157894736848,1.5555555555555562,0.1875000000000005
-0.04761904761904788,-0.040000000000000036,-0.27272727272727276,-0.8571428571428571,0.14285714285714304,0.5,1.5,-0.3539823008849597,0.42105263157894784,-0.7777777777777781,-0.43749999999999967
0.5238095238095237,0.3599999999999999,0.09090909090909083,-0.2857142857142859,-0.47619047619047616,1.2857142857142858,0.8095238095238095,-0.1150442477876254,0.15789473684210428,-0.2777777777777781,-0.12499999999999958
1.0476190476190474,-0.24,-0.09090909090909091,-0.4285714285714288,0.14285714285714304,-0.2857142857142857,-0.5,0.4159292035397895,-0.47368421052631515,0.16666666666666688,-0.5624999999999992
0.0,-0.8400000000000001,1.272727272727273,8.714285714285714,-1.3809523809523814,1.6785714285714286,5.690476190476191,-1.6106194690265099,-1.5789473684210544,-0.6111111111111113,1.312500000000001
-0.4285714285714288,-0.24,0.24242424242424251,0.7142857142857141,0.14285714285714304,0.14285714285714285,0.7857142857142857,0.5309734513274149,1.2631578947368411,-0.11111111111111124,-0.43749999999999967
-0.04761904761904788,1.48,-0.787878787878788,0.5714285714285712,0.9047619047619053,0.7857142857142857,0.6666666666666666,0.0,-0.5789473684210521,0.33333333333333376,-0.24999999999999917
-0.9047619047619051,-0.3600000000000001,-0.21212121212121215,-0.2857142857142859,-0.19047619047619072,0.5714285714285714,0.19047619047619047,-0.6991150442477867,0.42105263157894784,0.8888888888888894,-0.12499999999999958
-0.23809523809523814,0.16000000000000014,-0.12121212121212126,0.0,1.285714285714286,-0.14285714285714285,0.7857142857142857,-0.3982300884955735,-1.3684210526315805,0.05555555555555562,-0.6250000000000001
-0.23809523809523814,0.3599999999999999,0.0,7.285714285714283,-0.4285714285714285,1.5714285714285714,1.9523809523809523,0.6194690265486426,0.3157894736842109,-0.7222222222222225,-0.49999999999999944
1.2380952380952381,-0.9199999999999999,0.7575757575757577,-0.7142857142857144,0.04761904761904768,-0.2857142857142857,-0.35714285714285715,0.6194690265486426,-0.5789473684210521,1.5000000000000007,-0.49999999999999944
-0.7619047619047623,0.16000000000000014,-0.3333333333333334,-0.5714285714285715,-0.09523809523809536,0.8571428571428571,-0.09523809523809523,-1.6194690265486427,0.052631578947367315,1.1111111111111112,0.8750000000000004
-0.6190476190476195,0.7799999999999998,-0.5757575757575758,-0.8571428571428571,-0.14285714285714304,-0.5714285714285714,-0.5714285714285714,-0.26548672566373205,0.6842105263157892,-0.2222222222222225,0.31250000000000006
-0.4761904761904763,-0.28,-0.787878787878788,-1.142857142857143,-0.4285714285714285,1.2857142857142858,-0.023809523809523808,-1.0707964601769624,0.052631578947367315,-0.2222222222222225,0.7500000000000009
0.5714285714285712,-0.56,0.18181818181818182,-0.14285714285714296,-0.7142857142857145,-0.7142857142857143,-0.5714285714285714,-0.46017699115045246,-0.05263157894736965,1.0000000000000007,0.6250000000000001
0.1904761904761907,-0.8,0.393939393939394,0.28571428571428525,-0.04761904761904768,0.21428571428571427,0.09523809523809523,-1.0442477876106138,0.0,0.8333333333333337,1.4375000000000007
0.14285714285714238,-0.6400000000000001,0.21212121212121215,0.28571428571428525,-0.14285714285714304,-0.21428571428571427,0.19047619047619047,-0.3584070796460014,-0.21052631578947392,1.0555555555555562,0.5000000000000006
0.0,-0.43999999999999995,0.09090909090909083,-0.5714285714285715,3.7142857142857157,-0.9285714285714286,0.11904761904761904,0.2212389380530691,-0.05263157894736965,1.6666666666666674,-0.43749999999999967
-0.1904761904761907,0.48,0.030303030303030335,-0.2857142857142859,0.19047619047619072,0.21428571428571427,1.2380952380952381,-0.28318584070794806,-0.2631578947368436,-0.2222222222222225,-0.24999999999999917
-0.666666666666667,-0.6799999999999999,0.030303030303030335,0.8571428571428564,-0.5714285714285715,-0.42857142857142855,0.11904761904761904,-1.3097345132743459,-0.5263157894736848,-0.33333333333333315,1.1250000000000007
-1.333333333333334,0.2999999999999998,-0.787878787878788,-0.7142857142857144,-1.6666666666666676,0.0,1.119047619047619,-1.8407079646017608,1.3157894736842108,1.7777777777777781,1.687500000000001
1.5714285714285712,0.6000000000000001,-0.06060606060606067,0.4285714285714282,0.2857142857142861,0.14285714285714285,0.3333333333333333,1.1061946902654436,-1.3157894736842108,0.5555555555555556,0.5000000000000006
2.1904761904761907,-0.19999999999999996,1.1212121212121213,-0.2857142857142859,-0.38095238095238143,-0.5714285714285714,-0.5714285714285714,0.8849557522123745,-1.6842105263157892,1.3888888888888893,0.0
-0.4761904761904763,1.02,-0.24242424242424251,0.28571428571428525,7.809523809523812,-0.6071428571428571,0.21428571428571427,-0.30088495575221325,0.47368421052631515,-0.11111111111111124,0.0625000000000009
-0.7142857142857144,0.23999999999999977,-0.4242424242424243,0.14285714285714232,1.952380952380953,0.7857142857142857,-0.07142857142857142,-0.712389380530961,0.8421052631578957,0.5,0.687500000000001
0.23809523809523814,-0.8800000000000001,0.4242424242424243,-0.7142857142857144,-0.5714285714285715,-0.42857142857142855,-0.4523809523809524,-0.3407079646017853,0.42105263157894784,-0.11111111111111124,0.1875000000000005
-0.3809523809523814,0.08000000000000007,-0.5757575757575758,-0.7142857142857144,-0.38095238095238143,0.07142857142857142,-0.35714285714285715,-0.7522123893805331,-0.10526315789473696,0.2222222222222225,0.375000000000001
0.9047619047619051,-0.8400000000000001,0.393939393939394,-0.7142857142857144,-0.80952380952381,-0.7857142857142857,-0.7142857142857143,-0.8849557522123745,-0.894736842105263,-0.2777777777777781,0.8125000000000007
-0.1428571428571432,0.040000000000000036,-0.4242424242424243,1.1428571428571423,-0.5714285714285715,-0.14285714285714285,0.3333333333333333,0.13274336283184146,0.26315789473684126,-0.2777777777777781,-0.6874999999999999
0.5238095238095237,-0.28,0.696969696969697,0.28571428571428525,-0.04761904761904768,0.8571428571428571,1.9523809523809523,0.4424778761061873,-0.42105263157894784,-0.2222222222222225,-0.6250000000000001
-0.4285714285714288,0.43999999999999995,-0.5454545454545455,-0.5714285714285715,-0.14285714285714304,-0.42857142857142855,-0.35714285714285715,0.4424778761061873,0.894736842105263,-0.5,-0.7499999999999997
1.1904761904761907,0.16000000000000014,-0.09090909090909091,0.7142857142857141,0.5714285714285715,0.2857142857142857,0.21428571428571427,1.1504424778760576,-0.47368421052631515,0.11111111111111124,0.0625000000000009
-0.4285714285714288,-0.32000000000000006,0.12121212121212116,-0.2857142857142859,0.2857142857142861,-0.5714285714285714,0.0,-1.4778761061946686,0.10526315789473696,-0.8888888888888891,1.0625000000000009
0.7142857142857144,-0.32000000000000006,-0.06060606060606067,0.8571428571428564,0.6190476190476192,0.0,0.14285714285714285,0.5309734513274149,-0.6315789473684218,0.6111111111111113,-0.12499999999999958
0.23809523809523814,2.0999999999999996,-0.3333333333333334,5.428571428571427,-0.2857142857142861,-0.21428571428571427,0.35714285714285715,0.9734513274336022,0.3157894736842109,-0.7222222222222225,-0.18749999999999936
-0.1904761904761907,0.040000000000000036,-0.3030303030303031,-0.4285714285714288,0.2857142857142861,-0.14285714285714285,-0.09523809523809523,0.0,0.3684210526315782,0.0,-0.43749999999999967
0.33333333333333304,-0.16000000000000014,0.12121212121212116,1.1428571428571423,-0.14285714285714304,1.1428571428571428,2.2857142857142856,0.3539823008849597,-0.05263157894736965,-0.5,-0.49999999999999944
1.2857142857142856,-0.6799999999999999,0.696969696969697,1.4285714285714282,-0.04761904761904768,0.42857142857142855,0.9285714285714286,1.0619469026548298,-0.6315789473684218,0.44444444444444436,-0.12499999999999958
-0.4285714285714288,1.8599999999999999,-0.6666666666666667,-0.2857142857142859,0.3809523809523808,-0.14285714285714285,0.6666666666666666,-0.508849557522108,0.21052631578947392,-0.11111111111111124,-0.49999999999999944
-0.3809523809523814,-0.19999999999999996,-0.18181818181818182,-0.4285714285714288,-0.09523809523809536,1.0,0.35714285714285715,-0.5309734513274149,0.3157894736842109,0.11111111111111124,0.1250000000000007
-0.6190476190476195,0.8599999999999999,-0.18181818181818182,7.999999999999997,-0.2857142857142861,1.0714285714285714,0.9523809523809523,0.3982300884955735,-0.10526315789473696,-0.44444444444444436,-0.6250000000000001
0.9047619047619051,1.48,-0.030303030303030335,0.4285714285714282,1.1904761904761907,1.5,2.761904761904762,1.8584070796459278,0.5263157894736848,0.2777777777777781,0.6250000000000001
-0.7619047619047623,0.0,-0.393939393939394,0.14285714285714232,-0.14285714285714304,1.0714285714285714,0.023809523809523808,-0.4690265486725851,0.5789473684210521,0.7222222222222225,0.5000000000000006
0.7619047619047619,-0.48,0.4545454545454545,9.57142857142857,-0.47619047619047616,0.2857142857142857,0.0,0.7920353982300561,-0.10526315789473696,1.0555555555555562,0.4375000000000008
-0.4285714285714288,0.20000000000000018,-0.393939393939394,-0.8571428571428571,-0.09523809523809536,0.7857142857142857,0.07142857142857142,-0.22566371681415995,0.15789473684210428,-0.16666666666666688,-0.6250000000000001
0.1904761904761907,0.1200000000000001,-0.06060606060606067,1.7142857142857135,-0.14285714285714304,0.14285714285714285,1.7380952380952381,0.3539823008849597,-0.21052631578947392,-0.05555555555555562,-0.49999999999999944
-0.8095238095238098,0.0,-0.36363636363636365,-0.4285714285714288,-1.0952380952380958,0.07142857142857142,-0.11904761904761904,-1.2566371681415995,0.894736842105263,-0.2777777777777781,0.8125000000000007
0.3809523809523805,-0.40000000000000013,0.4545454545454545,5.714285714285713,-0.04761904761904768,0.7857142857142857,0.07142857142857142,-0.6637168141593055,-0.3684210526315782,0.8333333333333337,1.5000000000000007
-0.4761904761904763,-0.40000000000000013,0.21212121212121215,0.0,0.09523809523809536,0.5714285714285714,-0.07142857142857142,-0.8407079646017608,0.5263157894736848,0.7222222222222225,0.5625000000000003
0.8095238095238093,-0.52,0.4848484848484848,-0.4285714285714288,-0.38095238095238143,-0.6428571428571429,-0.6190476190476191,-0.09292035398231849,-0.8421052631578957,0.7222222222222225,0.1875000000000005
0.8095238095238093,0.20000000000000018,-0.09090909090909091,1.7142857142857135,1.0952380952380953,1.6428571428571428,1.2619047619047619,1.2389380530973342,-0.05263157894736965,0.16666666666666688,-0.06249999999999979
-1.2380952380952386,-0.16000000000000014,-0.45454545454545464,0.0,-1.4761904761904767,0.14285714285714285,1.1904761904761905,-2.203539823008804,1.210526315789474,1.444444444444445,2.1041666666666887
1.1428571428571432,-0.28,0.7272727272727273,3.2857142857142847,1.3333333333333337,-0.6428571428571429,-0.6190476190476191,0.5309734513274149,-0.15789473684210661,1.166666666666667,0.8125000000000007
0.09523809523809491,1.44,-0.787878787878788,0.0,0.23809523809523842,-0.2857142857142857,-0.19047619047619047,-0.10619469026549282,-0.3157894736842109,-0.6666666666666669,-0.24999999999999917
0.9523809523809526,-0.76,0.9090909090909093,-0.2857142857142859,-0.2857142857142861,-0.7857142857142857,-0.7380952380952381,-0.6460176991150404,-0.8421052631578957,0.6111111111111113,0.7500000000000009
-0.7142857142857144,0.6400000000000001,-0.5454545454545455,-0.14285714285714296,-1.61904761904762,0.35714285714285715,0.21428571428571427,-0.8407079646017608,0.9473684210526326,-0.7222222222222225,0.7500000000000009
0.8095238095238093,-0.40000000000000013,0.3333333333333333,0.14285714285714232,0.5714285714285715,-0.2857142857142857,-0.38095238095238093,0.46902654867253596,-0.3684210526315782,-0.33333333333333315,0.1875000000000005
0.666666666666667,-0.52,0.6666666666666666,2.2857142857142847,2.523809523809525,-0.7857142857142857,-0.6666666666666666,-0.45575221238936164,-0.42105263157894784,-0.2777777777777781,1.8750000000000004
0.14285714285714238,-0.040000000000000036,0.27272727272727265,0.9999999999999993,-0.09523809523809536,0.5,2.0952380952380953,0.3539823008849597,-0.42105263157894784,0.0,-0.49999999999999944
0.5238095238095237,-0.16000000000000014,0.1515151515151515,0.7142857142857141,0.23809523809523842,0.7142857142857143,2.0476190476190474,0.7079646017698702,0.0,-0.05555555555555562,-0.49999999999999944
-0.1904761904761907,-0.08000000000000007,-0.21212121212121215,-0.4285714285714288,-0.14285714285714304,-0.2857142857142857,0.11904761904761904,-0.4867256637168011,0.42105263157894784,-0.44444444444444436,-0.31250000000000006
1.5238095238095237,-0.8,0.8181818181818183,0.0,-0.9047619047619053,-0.7857142857142857,-0.6904761904761905,-0.4778761061946685,-1.5263157894736847,1.166666666666667,0.4375000000000008
-0.1428571428571432,0.16000000000000014,-0.15151515151515157,0.0,-0.38095238095238143,-0.5,-0.2619047619047619,-0.1769911504425044,-0.15789473684210661,-0.38888888888888873,-0.31250000000000006
-0.23809523809523814,0.9199999999999999,-0.5757575757575758,-0.7142857142857144,0.3333333333333331,0.07142857142857142,0.21428571428571427,-0.7876106194690143,-1.0,-0.7777777777777781,-0.12499999999999958
0.0,1.5,-0.6969696969696971,-0.5714285714285715,-1.0000000000000002,-0.7142857142857143,-0.7380952380952381,0.17699115044245528,0.26315789473684126,-1.6111111111111116,-0.6874999999999999
0.3809523809523805,0.6600000000000001,-0.4848484848484849,-0.8571428571428571,0.5238095238095238,-0.7142857142857143,-0.6666666666666666,0.2876106194689898,0.0,0.16666666666666688,-0.4062499999999992
-1.0000000000000004,0.3999999999999999,-0.45454545454545464,-0.5714285714285715,-0.6190476190476192,0.2857142857142857,-0.2619047619047619,-0.8716814159292002,1.2631578947368411,0.2222222222222225,0.4375000000000008
2.095238095238096,-0.96,0.696969696969697,1.2857142857142854,0.0,1.0,0.16666666666666666,1.1061946902654436,-0.5789473684210521,1.0000000000000007,0.0
-0.7619047619047623,2.04,-0.787878787878788,-0.2857142857142859,0.19047619047619072,0.21428571428571427,-0.35714285714285715,-1.0752212389380533,1.4736842105263153,-0.38888888888888873,0.6250000000000001
0.3809523809523805,-0.8800000000000001,0.787878787878788,-0.8571428571428571,1.61904761904762,-0.14285714285714285,-0.047619047619047616,0.04424778761061382,-0.3157894736842109,-0.2222222222222225,-0.43749999999999967
-0.1904761904761907,-0.43999999999999995,-0.24242424242424251,-0.8571428571428571,0.0,0.7142857142857143,0.4523809523809524,-0.13274336283184146,0.15789473684210428,-0.2222222222222225,-0.49999999999999944
0.09523809523809491,0.8399999999999999,-0.5151515151515152,0.8571428571428564,0.23809523809523842,0.2857142857142857,0.23809523809523808,1.1504424778760576,0.6315789473684218,0.5555555555555556,0.5625000000000003
-0.28571428571428603,-0.24,0.303030303030303,5.285714285714285,-0.23809523809523842,-0.14285714285714285,1.1428571428571428,0.4424778761061873,0.10526315789473696,1.166666666666667,0.1875000000000005
-1.047619047619048,2.4799999999999995,-0.5151515151515152,-1.0,4.42857142857143,-0.5,-0.47619047619047616,-1.2389380530973342,1.0,-0.7777777777777781,-0.24999999999999917
-0.4761904761904763,0.2799999999999998,-0.7575757575757577,-0.4285714285714288,0.04761904761904768,1.8571428571428572,0.35714285714285715,0.01327433628317432,0.47368421052631515,0.6111111111111113,-0.31250000000000006
1.7142857142857144,-0.78,0.8484848484848486,-0.14285714285714296,0.23809523809523842,-0.6428571428571429,-0.5714285714285714,0.8407079646017608,-1.7368421052631589,0.44444444444444436,-0.6250000000000001
-0.5238095238095242,0.3599999999999999,-0.24242424242424251,-0.4285714285714288,0.0,0.2857142857142857,1.119047619047619,0.0,1.4736842105263153,-0.2777777777777781,-0.5624999999999992
1.333333333333333,-0.43999999999999995,0.6666666666666666,-0.14285714285714296,2.1904761904761916,0.07142857142857142,0.23809523809523808,0.5309734513274149,-1.4736842105263175,1.0555555555555562,-0.31250000000000006
-0.28571428571428603,-0.43999999999999995,0.12121212121212116,-0.7142857142857144,0.04761904761904768,1.3571428571428572,0.9523809523809523,0.04424778761061382,0.5263157894736848,0.16666666666666688,-0.43749999999999967
-0.1428571428571432,-0.40000000000000013,-0.06060606060606067,-0.5714285714285715,0.04761904761904768,-0.7142857142857143,-0.6666666666666666,-0.26548672566373205,-0.15789473684210661,-0.16666666666666688,-0.43749999999999967
-0.04761904761904788,0.20000000000000018,-0.4242424242424243,-0.2857142857142859,0.14285714285714304,-0.5,-0.2619047619047619,0.08849557522122764,0.3157894736842109,-0.6666666666666669,-0.49999999999999944
-0.1904761904761907,-0.52,0.6666666666666666,0.5714285714285712,-0.2857142857142861,0.5714285714285714,1.0714285714285714,0.17699115044245528,0.052631578947367315,0.44444444444444436,-0.37499999999999983
0.9047619047619051,-0.48,0.5151515151515151,-0.7857142857142859,-0.5238095238095238,-0.6428571428571429,-0.6666666666666666,-0.8938053097345072,-0.6315789473684218,-0.8888888888888891,0.7500000000000009
-0.6190476190476195,0.8999999999999999,-0.7272727272727274,8.14285714285714,2.0476190476190483,3.857142857142857,2.0238095238095237,1.1504424778760576,0.8421052631578957,-0.5,-0.18749999999999936
-0.3333333333333335,-0.52,0.36363636363636365,0.8571428571428564,-0.5238095238095238,0.6428571428571429,0.07142857142857142,-1.4336283185840548,0.15789473684210428,0.5555555555555556,1.687500000000001
0.666666666666667,-0.1200000000000001,0.09090909090909083,-0.14285714285714296,2.285714285714287,-0.5714285714285714,-0.5476190476190477,0.0,-0.47368421052631515,0.5555555555555556,0.6250000000000001
0.09523809523809491,1.44,-0.787878787878788,1.5714285714285705,0.80952380952381,0.8571428571428571,0.5238095238095238,1.5265486725663733,1.5263157894736847,0.5555555555555556,-0.24999999999999917
0.14285714285714238,-1.24,0.5151515151515151,0.4285714285714282,-0.14285714285714304,1.2142857142857142,0.2857142857142857,-0.03539823008848123,1.1578947368421042,1.0555555555555562,0.1250000000000007
-0.5238095238095242,-0.08000000000000007,-0.12121212121212126,0.14285714285714232,-0.38095238095238143,-0.07142857142857142,-0.35714285714285715,-1.0707964601769624,0.5263157894736848,1.166666666666667,0.687500000000001
1.7142857142857144,-0.24,0.7272727272727273,1.1428571428571423,-0.04761904761904768,0.35714285714285715,0.19047619047619047,1.548672566371631,-0.2631578947368436,2.7222222222222237,0.5000000000000006
0.33333333333333304,-1.1600000000000001,0.303030303030303,-0.4285714285714288,-0.7142857142857145,2.7857142857142856,0.9047619047619048,-0.3362831858406945,0.8421052631578957,1.3888888888888893,0.5000000000000006
0.0,-0.8,0.18181818181818182,-0.4285714285714288,-0.6190476190476192,0.0,-0.07142857142857142,-1.3982300884955734,0.5263157894736848,-0.33333333333333315,1.5000000000000007
-0.5238095238095242,0.3999999999999999,-0.6666666666666667,-1.0,-1.0476190476190481,-0.6428571428571429,-0.6904761904761905,-0.6858407079646124,0.5789473684210521,-0.11111111111111124,-0.43749999999999967
-0.04761904761904788,0.08000000000000007,0.21212121212121215,0.28571428571428525,0.04761904761904768,0.7142857142857143,2.5,-0.11061946902653455,-0.05263157894736965,-0.11111111111111124,-0.43749999999999967
2.2857142857142856,0.31999999999999984,0.5757575757575758,0.14285714285714232,0.14285714285714304,-0.21428571428571427,-0.40476190476190477,1.4159292035397895,-1.6315789473684217,0.44444444444444436,-0.5624999999999992
0.33333333333333304,0.54,-0.030303030303030335,-0.2857142857142859,0.19047619047619072,-0.42857142857142855,-0.2619047619047619,0.5973451327433357,-0.15789473684210661,-0.11111111111111124,-0.12499999999999958
0.7142857142857144,-0.96,0.8181818181818183,0.28571428571428525,-0.23809523809523842,-0.5714285714285714,-0.5,-0.26548672566373205,-0.5789473684210521,2.833333333333334,1.1250000000000007
-0.4285714285714288,-0.08000000000000007,0.696969696969697,4.857142857142855,-0.9047619047619053,0.8571428571428571,1.9523809523809523,0.2654867256636829,0.15789473684210428,0.7777777777777781,0.1875000000000005
-0.28571428571428603,-0.5800000000000001,0.696969696969697,0.4285714285714282,0.4285714285714285,1.7857142857142858,1.5952380952380953,-0.08849557522122764,0.26315789473684126,0.8888888888888894,0.5000000000000006
-1.0952380952380958,1.3599999999999999,-0.6363636363636365,-1.142857142857143,-1.61904761904762,-0.14285714285714285,1.1666666666666667,-1.9469026548672537,1.3157894736842108,1.1111111111111112,1.687500000000001
-0.1904761904761907,0.7999999999999998,-0.787878787878788,-0.8571428571428571,0.6190476190476192,0.5714285714285714,-0.19047619047619047,-0.1991150442478113,0.3684210526315782,-0.2222222222222225,-0.12499999999999958
-0.1428571428571432,0.9199999999999999,-0.787878787878788,-0.4285714285714288,1.0000000000000007,-0.5714285714285714,-0.6428571428571429,-0.7035398230088284,0.26315789473684126,-0.16666666666666688,0.5000000000000006
0.0,0.56,-0.7575757575757577,0.4285714285714282,-0.04761904761904768,0.21428571428571427,-0.023809523809523808,-0.2212389380531182,0.15789473684210428,0.6666666666666669,0.9375000000000002
1.8095238095238093,-0.08000000000000007,0.696969696969697,0.0,0.19047619047619072,-0.6428571428571429,-0.5714285714285714,1.4159292035397895,-0.6315789473684218,-1.055555555555556,-0.6250000000000001
-0.666666666666667,-0.19999999999999996,-0.36363636363636365,0.28571428571428525,1.6666666666666676,-0.35714285714285715,-0.047619047619047616,0.23008849557520167,1.8421052631578958,0.16666666666666688,-0.24999999999999917
0.4285714285714288,0.16000000000000014,-0.6666666666666667,0.0,1.9047619047619053,0.0,0.40476190476190477,-0.26548672566373205,-0.5263157894736848,-0.11111111111111124,0.4375000000000008
0.6190476190476186,0.6400000000000001,-0.4848484848484849,1.1428571428571423,0.5714285714285715,-0.14285714285714285,0.21428571428571427,0.9203539823008559,0.0,-0.44444444444444436,-0.43749999999999967
-0.6190476190476195,0.3999999999999999,-0.7575757575757577,-0.4285714285714288,0.04761904761904768,-0.42857142857142855,-0.3333333333333333,0.2920353982300807,2.0,0.6111111111111113,0.1875000000000005
-0.28571428571428603,0.7399999999999998,-0.787878787878788,0.4285714285714282,-0.19047619047619072,-0.7857142857142857,-0.6190476190476191,0.5309734513274149,0.9473684210526326,-0.5555555555555556,-0.6250000000000001
0.09523809523809491,-0.72,0.5454545454545455,-1.0,-1.7619047619047625,-0.5714285714285714,-0.6428571428571429,-0.6106194690265591,0.21052631578947392,-0.05555555555555562,0.31250000000000006
-0.6190476190476195,-0.040000000000000036,-0.7575757575757577,-1.0,-0.9047619047619053,0.21428571428571427,-0.30952380952380953,-0.7079646017699194,0.47368421052631515,-0.2222222222222225,-0.24999999999999917
-0.9047619047619051,0.0,-0.787878787878788,-0.14285714285714296,-0.7142857142857145,1.8571428571428572,0.35714285714285715,-0.796460176991147,1.210526315789474,1.7222222222222232,0.31250000000000006
-0.04761904761904788,-0.040000000000000036,-0.5151515151515152,0.0,1.7142857142857153,-0.2857142857142857,0.07142857142857142,0.13274336283184146,-0.6842105263157892,0.0,-0.43749999999999967
0.6190476190476186,0.2799999999999998,-0.18181818181818182,1.1428571428571423,0.09523809523809536,0.07142857142857142,1.8095238095238095,0.5309734513274149,-0.42105263157894784,-0.16666666666666688,-0.43749999999999967
0.1904761904761907,-0.9199999999999999,0.6666666666666666,-0.14285714285714296,0.6666666666666669,-0.5714285714285714,-0.6428571428571429,-1.203539823008853,-0.2631578947368436,0.0,1.3750000000000009
-0.09523809523809534,0.23999999999999977,-0.15151515151515157,-1.0,-0.47619047619047616,-0.7142857142857143,-0.7142857142857143,-0.9823008849557349,-0.7894736842105261,-0.44444444444444436,-0.24999999999999917
0.4285714285714288,-0.96,0.6060606060606062,-0.14285714285714296,0.7619047619047622,0.42857142857142855,-0.23809523809523808,-0.8495575221238933,-0.2631578947368436,-0.33333333333333315,0.687500000000001
-0.1428571428571432,-0.3600000000000001,-0.030303030303030335,2.4285714285714275,1.1904761904761907,1.0,1.2142857142857142,0.46017699115040334,-0.8421052631578957,-0.2777777777777781,-0.6874999999999999
-0.7142857142857144,0.20000000000000018,-0.3333333333333334,-0.5714285714285715,-0.04761904761904768,0.21428571428571427,0.6190476190476191,-1.7079646017698702,0.10526315789473696,-0.11111111111111124,0.1875000000000005
0.3809523809523805,0.1200000000000001,0.0,0.4285714285714282,0.8571428571428577,-0.5,-0.19047619047619047,0.3539823008849597,-0.21052631578947392,-0.11111111111111124,-0.5624999999999992
0.5238095238095237,1.1,-0.06060606060606067,-0.7142857142857144,-0.04761904761904768,-0.2857142857142857,-0.42857142857142855,0.05309734513274641,-0.10526315789473696,0.2777777777777781,-0.12499999999999958
1.7619047619047619,0.08000000000000007,1.2121212121212124,2.0714285714285707,2.0000000000000004,-0.5714285714285714,-0.5952380952380952,0.4424778761061873,-1.3684210526315805,0.6666666666666669,0.8125000000000007
-0.8095238095238098,-0.28,0.393939393939394,0.4285714285714282,-0.09523809523809536,-0.5714285714285714,-0.5952380952380952,-0.5530973451327218,1.0526315789473673,0.38888888888888873,0.5000000000000006
-0.9523809523809526,0.16000000000000014,-0.4848484848484849,0.0,-0.80952380952381,1.7857142857142858,0.2857142857142857,-0.7433628318584006,1.105263157894737,0.7777777777777781,0.6250000000000001
0.1904761904761907,1.08,-0.4848484848484849,0.5714285714285712,0.09523809523809536,2.2142857142857144,1.1428571428571428,0.6637168141592564,0.894736842105263,-0.5,-0.12499999999999958
0.14285714285714238,0.3599999999999999,-0.27272727272727276,0.14285714285714232,-0.33333333333333376,-0.21428571428571427,0.8095238095238095,-0.2212389380531182,-0.5789473684210521,-0.9444444444444446,-0.5624999999999992
-0.04761904761904788,0.3599999999999999,0.0,-0.2857142857142859,0.04761904761904768,1.2142857142857142,2.1904761904761907,-0.2566371681415994,-0.5263157894736848,-0.5555555555555556,-0.18749999999999936
1.8095238095238093,-0.24,1.1212121212121213,0.0,-0.2857142857142861,-0.5,-0.38095238095238093,1.3008849557521642,-0.5263157894736848,0.38888888888888873,0.4375000000000008
0.4761904761904763,-0.52,0.4242424242424243,0.0,-0.5238095238095238,-0.14285714285714285,-0.2619047619047619,-0.8584070796460259,-0.21052631578947392,0.7222222222222225,1.5000000000000007
1.1904761904761907,-0.32000000000000006,0.7272727272727273,0.14285714285714232,-0.5238095238095238,-0.07142857142857142,-0.47619047619047616,-0.3539823008849597,-1.105263157894737,1.3888888888888893,0.7500000000000009
-0.3333333333333335,0.8599999999999999,-0.6363636363636365,3.4999999999999996,0.3333333333333331,-0.7142857142857143,-0.6666666666666666,-0.26548672566373205,0.5263157894736848,-1.2777777777777781,0.4375000000000008
0.1904761904761907,1.0,0.09090909090909083,2.8571428571428563,-0.19047619047619072,-0.14285714285714285,-0.5476190476190477,-0.13274336283184146,0.7368421052631587,0.33333333333333376,0.8125000000000007
0.23809523809523814,0.20000000000000018,-0.5454545454545455,-0.14285714285714296,1.2380952380952384,0.14285714285714285,0.11904761904761904,-0.4424778761061873,-0.9473684210526326,-0.5555555555555556,0.5000000000000006
0.4285714285714288,-0.24,0.5151515151515151,-1.142857142857143,-0.14285714285714304,-0.14285714285714285,-0.42857142857142855,-0.570796460176987,-0.5263157894736848,0.7222222222222225,0.0
0.1904761904761907,0.2799999999999998,-0.393939393939394,0.9999999999999993,0.80952380952381,0.0,0.5714285714285714,0.7079646017698702,-0.7368421052631587,0.0,-0.6874999999999999
-0.3809523809523814,-0.96,1.0303030303030303,-0.14285714285714296,-0.23809523809523842,0.21428571428571427,-0.3333333333333333,0.5929203539822939,0.3684210526315782,0.5555555555555556,0.2500000000000003
1.904761904761905,-0.43999999999999995,1.181818181818182,-0.07142857142857179,-0.5238095238095238,-0.5,-0.2857142857142857,0.8849557522123745,-1.3157894736842108,0.33333333333333376,0.687500000000001
0.14285714285714238,0.20000000000000018,-0.09090909090909091,1.7142857142857135,-0.04761904761904768,0.0,1.5476190476190477,0.3539823008849597,-0.15789473684210661,0.0,-0.49999999999999944
-0.3809523809523814,0.6000000000000001,-0.787878787878788,0.28571428571428525,-1.2857142857142865,-0.5714285714285714,-0.6666666666666666,-1.6017699115044266,0.21052631578947392,0.2222222222222225,1.5625000000000004
1.666666666666667,-0.6000000000000001,1.303030303030303,-0.14285714285714296,0.5238095238095238,-0.5714285714285714,-0.42857142857142855,1.4159292035397895,-0.7368421052631587,0.0,-0.6250000000000001
0.33333333333333304,0.08000000000000007,-0.12121212121212126,-0.2857142857142859,1.0000000000000007,-0.5,-0.2857142857142857,-0.04424778761061382,-0.5789473684210521,-0.33333333333333315,0.0
-0.4761904761904763,-0.08000000000000007,-0.21212121212121215,-0.7142857142857144,0.0,-0.07142857142857142,-0.30952380952380953,-0.5884955752212522,0.3684210526315782,0.11111111111111124,-0.24999999999999917
0.0,-0.56,-0.09090909090909091,-0.5714285714285715,-0.09523809523809536,0.6428571428571429,0.23809523809523808,-0.2212389380531182,-0.15789473684210661,0.2777777777777781,-0.5624999999999992
0.666666666666667,-0.72,0.5757575757575758,-1.0,-1.0476190476190481,0.35714285714285715,-0.047619047619047616,-0.8053097345132796,-0.6842105263157892,1.5000000000000007,0.5625000000000003
-0.7142857142857144,0.7199999999999998,-0.787878787878788,-0.7857142857142859,-1.1428571428571435,-0.5,-0.6428571428571429,-2.2920353982300807,0.8421052631578957,-0.5,1.687500000000001
1.0,-0.8,0.6363636363636364,0.5714285714285712,0.2857142857142861,0.0,-0.14285714285714285,1.2610619469026412,0.26315789473684126,1.0000000000000007,0.1875000000000005
-0.23809523809523814,0.6000000000000001,-0.787878787878788,-0.5714285714285715,-0.19047619047619072,-0.07142857142857142,0.023809523809523808,0.4424778761061873,1.0526315789473673,-0.33333333333333315,-0.49999999999999944
-0.6190476190476195,0.2799999999999998,-0.7272727272727274,-0.2857142857142859,-0.80952380952381,1.6428571428571428,0.3333333333333333,-1.3539823008849596,0.21052631578947392,0.7777777777777781,0.8750000000000004
0.1904761904761907,0.8199999999999998,-0.3333333333333334,-0.5714285714285715,0.47619047619047616,-0.2857142857142857,0.30952380952380953,0.0,-0.42105263157894784,0.8333333333333337,-0.43749999999999967
1.1904761904761907,-0.6799999999999999,0.9696969696969696,2.1428571428571423,4.5238095238095255,-0.5714285714285714,-0.5476190476190477,0.08849557522122764,-0.6315789473684218,0.44444444444444436,0.687500000000001
0.6190476190476186,0.1200000000000001,0.1515151515151515,0.14285714285714232,1.5714285714285723,-0.21428571428571427,-0.023809523809523808,0.0840707964601859,-0.3684210526315782,-0.33333333333333315,0.4375000000000008
-0.28571428571428603,0.31999999999999984,0.0,7.1428571428571415,-0.4285714285714285,1.5,1.9523809523809523,0.5752212389380288,0.3157894736842109,-0.7222222222222225,-0.49999999999999944
0.23809523809523814,0.6200000000000001,1.0606060606060608,-0.2857142857142859,1.5714285714285723,-0.07142857142857142,1.3333333333333333,0.08849557522122764,-0.7894736842105261,-0.44444444444444436,-0.6874999999999999
0.3809523809523805,0.45999999999999996,-0.3030303030303031,-0.2857142857142859,1.0476190476190483,-0.07142857142857142,0.23809523809523808,-0.26548672566373205,-0.894736842105263,-0.2777777777777781,0.5000000000000006
0.4761904761904763,-0.1200000000000001,0.8181818181818183,2.5714285714285707,1.0476190476190483,-0.7857142857142857,-0.6904761904761905,-0.41592920353983864,-0.5263157894736848,-0.16666666666666688,1.1875000000000004
1.1904761904761907,-1.08,0.696969696969697,-0.5714285714285715,-0.19047619047619072,-0.5714285714285714,-0.4523809523809524,0.3982300884955735,-0.6842105263157892,2.4444444444444455,0.5000000000000006
